[21Dec2025 15:32:01.444] [main/INFO] [cpw.mods.modlauncher.Launcher/MODLAUNCHER]: ModLauncher running: args [--launchTarget, forgeserver, --fml.forgeVersion, 47.3.7, --fml.mcVersion, 1.20.1, --fml.forgeGroup, net.minecraftforge, --fml.mcpVersion, 20230612.114412, nogui]
[21Dec2025 15:32:01.449] [main/INFO] [cpw.mods.modlauncher.Launcher/MODLAUNCHER]: ModLauncher 10.0.9+10.0.9+main.dcd20f30 starting: java version 17.0.17 by Ubuntu; OS Linux arch amd64 version 6.8.0-1030-azure
[21Dec2025 15:32:01.473] [main/DEBUG] [cpw.mods.modlauncher.LaunchServiceHandler/MODLAUNCHER]: Found launch services [fmlclientdev,forgeclient,minecraft,forgegametestserverdev,fmlserveruserdev,fmlclient,fmldatauserdev,forgeserverdev,forgeserveruserdev,forgeclientdev,forgeclientuserdev,forgeserver,forgedatadev,fmlserver,fmlclientuserdev,fmlserverdev,forgedatauserdev,testharness,forgegametestserveruserdev]
[21Dec2025 15:32:01.485] [main/DEBUG] [cpw.mods.modlauncher.NameMappingServiceHandler/MODLAUNCHER]: Found naming services : [srgtomcp]
[21Dec2025 15:32:01.499] [main/DEBUG] [cpw.mods.modlauncher.LaunchPluginHandler/MODLAUNCHER]: Found launch plugins: [mixin,eventbus,slf4jfixer,object_holder_definalize,runtime_enum_extender,capability_token_subclass,accesstransformer,runtimedistcleaner]
[21Dec2025 15:32:01.510] [main/DEBUG] [cpw.mods.modlauncher.TransformationServicesHandler/MODLAUNCHER]: Discovering transformation services
[21Dec2025 15:32:01.515] [main/DEBUG] [net.minecraftforge.fml.loading.FMLPaths/CORE]: Path GAMEDIR is /workspaces/terradirma/servidor_minecraft
[21Dec2025 15:32:01.515] [main/DEBUG] [net.minecraftforge.fml.loading.FMLPaths/CORE]: Path MODSDIR is /workspaces/terradirma/servidor_minecraft/mods
[21Dec2025 15:32:01.516] [main/DEBUG] [net.minecraftforge.fml.loading.FMLPaths/CORE]: Path CONFIGDIR is /workspaces/terradirma/servidor_minecraft/config
[21Dec2025 15:32:01.516] [main/DEBUG] [net.minecraftforge.fml.loading.FMLPaths/CORE]: Path FMLCONFIG is /workspaces/terradirma/servidor_minecraft/config/fml.toml
[21Dec2025 15:32:07.950] [main/DEBUG] [cpw.mods.modlauncher.TransformationServicesHandler/MODLAUNCHER]: Found additional transformation services from discovery services: 
[21Dec2025 15:32:07.957] [main/INFO] [net.minecraftforge.fml.loading.ImmediateWindowHandler/]: ImmediateWindowProvider not loading because launch target is forgeserver
[21Dec2025 15:32:07.964] [main/DEBUG] [cpw.mods.modlauncher.TransformationServicesHandler/MODLAUNCHER]: Found transformer services : [mixin,fml]
[21Dec2025 15:32:07.964] [main/DEBUG] [cpw.mods.modlauncher.TransformationServicesHandler/MODLAUNCHER]: Transformation services loading
[21Dec2025 15:32:07.965] [main/DEBUG] [cpw.mods.modlauncher.TransformationServiceDecorator/MODLAUNCHER]: Loading service mixin
[21Dec2025 15:32:07.965] [main/DEBUG] [cpw.mods.modlauncher.TransformationServiceDecorator/MODLAUNCHER]: Loaded service mixin
[21Dec2025 15:32:07.965] [main/DEBUG] [cpw.mods.modlauncher.TransformationServiceDecorator/MODLAUNCHER]: Loading service fml
[21Dec2025 15:32:07.966] [main/DEBUG] [net.minecraftforge.fml.loading.LauncherVersion/CORE]: Found FMLLauncher version 1.0
[21Dec2025 15:32:07.966] [main/DEBUG] [net.minecraftforge.fml.loading.FMLLoader/CORE]: FML 1.0 loading
[21Dec2025 15:32:07.966] [main/DEBUG] [net.minecraftforge.fml.loading.FMLLoader/CORE]: FML found ModLauncher version : 10.0.9+10.0.9+main.dcd20f30
[21Dec2025 15:32:07.967] [main/DEBUG] [net.minecraftforge.fml.loading.FMLLoader/CORE]: FML found AccessTransformer version : 8.0.4+66+master.c09db6d7
[21Dec2025 15:32:07.967] [main/DEBUG] [net.minecraftforge.fml.loading.FMLLoader/CORE]: FML found EventBus version : 6.0.5+6.0.5+master.eb8e549b
[21Dec2025 15:32:07.967] [main/DEBUG] [net.minecraftforge.fml.loading.FMLLoader/CORE]: Found Runtime Dist Cleaner
[21Dec2025 15:32:07.969] [main/DEBUG] [net.minecraftforge.fml.loading.FMLLoader/CORE]: FML found CoreMod version : 5.1.6
[21Dec2025 15:32:07.969] [main/DEBUG] [net.minecraftforge.fml.loading.FMLLoader/CORE]: Found ForgeSPI package implementation version 7.0.1+7.0.1+master.d2b38bf6
[21Dec2025 15:32:07.969] [main/DEBUG] [net.minecraftforge.fml.loading.FMLLoader/CORE]: Found ForgeSPI package specification 5
[21Dec2025 15:32:07.969] [main/DEBUG] [cpw.mods.modlauncher.TransformationServiceDecorator/MODLAUNCHER]: Loaded service fml
[21Dec2025 15:32:07.970] [main/DEBUG] [cpw.mods.modlauncher.TransformationServicesHandler/MODLAUNCHER]: Configuring option handling for services
[21Dec2025 15:32:07.976] [main/DEBUG] [cpw.mods.modlauncher.TransformationServicesHandler/MODLAUNCHER]: Transformation services initializing
[21Dec2025 15:32:07.977] [main/DEBUG] [cpw.mods.modlauncher.TransformationServiceDecorator/MODLAUNCHER]: Initializing transformation service mixin
[21Dec2025 15:32:07.990] [main/DEBUG] [mixin/]: MixinService [ModLauncher] was successfully booted in cpw.mods.cl.ModuleClassLoader@7a3d45bd
[21Dec2025 15:32:08.044] [main/INFO] [mixin/]: SpongePowered MIXIN Subsystem Version=0.8.5 Source=union:/workspaces/terradirma/servidor_minecraft/libraries/org/spongepowered/mixin/0.8.5/mixin-0.8.5.jar%2365!/ Service=ModLauncher Env=SERVER
[21Dec2025 15:32:08.048] [main/DEBUG] [mixin/]: Initialising Mixin Platform Manager
[21Dec2025 15:32:08.048] [main/DEBUG] [mixin/]: Adding mixin platform agents for container ModLauncher Root Container(ModLauncher:4f56a0a2)
[21Dec2025 15:32:08.049] [main/DEBUG] [mixin/]: Instancing new MixinPlatformAgentMinecraftForge for ModLauncher Root Container(ModLauncher:4f56a0a2)
[21Dec2025 15:32:08.049] [main/DEBUG] [mixin/]: MixinPlatformAgentMinecraftForge rejected container ModLauncher Root Container(ModLauncher:4f56a0a2)
[21Dec2025 15:32:08.050] [main/DEBUG] [mixin/]: Instancing new MixinPlatformAgentDefault for ModLauncher Root Container(ModLauncher:4f56a0a2)
[21Dec2025 15:32:08.050] [main/DEBUG] [mixin/]: MixinPlatformAgentDefault accepted container ModLauncher Root Container(ModLauncher:4f56a0a2)
[21Dec2025 15:32:08.053] [main/DEBUG] [cpw.mods.modlauncher.TransformationServiceDecorator/MODLAUNCHER]: Initialized transformation service mixin
[21Dec2025 15:32:08.054] [main/DEBUG] [cpw.mods.modlauncher.TransformationServiceDecorator/MODLAUNCHER]: Initializing transformation service fml
[21Dec2025 15:32:08.054] [main/DEBUG] [net.minecraftforge.fml.loading.FMLServiceProvider/CORE]: Setting up basic FML game directories
[21Dec2025 15:32:08.054] [main/DEBUG] [net.minecraftforge.fml.loading.FMLPaths/CORE]: Path GAMEDIR is /workspaces/terradirma/servidor_minecraft
[21Dec2025 15:32:08.054] [main/DEBUG] [net.minecraftforge.fml.loading.FMLPaths/CORE]: Path MODSDIR is /workspaces/terradirma/servidor_minecraft/mods
[21Dec2025 15:32:08.055] [main/DEBUG] [net.minecraftforge.fml.loading.FMLPaths/CORE]: Path CONFIGDIR is /workspaces/terradirma/servidor_minecraft/config
[21Dec2025 15:32:08.055] [main/DEBUG] [net.minecraftforge.fml.loading.FMLPaths/CORE]: Path FMLCONFIG is /workspaces/terradirma/servidor_minecraft/config/fml.toml
[21Dec2025 15:32:08.055] [main/DEBUG] [net.minecraftforge.fml.loading.FMLServiceProvider/CORE]: Loading configuration
[21Dec2025 15:32:08.057] [main/DEBUG] [net.minecraftforge.fml.loading.FMLServiceProvider/CORE]: Preparing ModFile
[21Dec2025 15:32:08.060] [main/DEBUG] [net.minecraftforge.fml.loading.FMLServiceProvider/CORE]: Preparing launch handler
[21Dec2025 15:32:08.060] [main/DEBUG] [net.minecraftforge.fml.loading.FMLLoader/CORE]: Using forgeserver as launch service
[21Dec2025 15:32:08.074] [main/DEBUG] [net.minecraftforge.fml.loading.FMLLoader/CORE]: Received command line version data  : VersionInfo[forgeVersion=47.3.7, mcVersion=1.20.1, mcpVersion=20230612.114412, forgeGroup=net.minecraftforge]
[21Dec2025 15:32:08.075] [main/DEBUG] [cpw.mods.modlauncher.TransformationServiceDecorator/MODLAUNCHER]: Initialized transformation service fml
[21Dec2025 15:32:08.075] [main/DEBUG] [cpw.mods.modlauncher.NameMappingServiceHandler/MODLAUNCHER]: Current naming domain is 'srg'
[21Dec2025 15:32:08.076] [main/DEBUG] [cpw.mods.modlauncher.NameMappingServiceHandler/MODLAUNCHER]: Identified name mapping providers {}
[21Dec2025 15:32:08.076] [main/DEBUG] [cpw.mods.modlauncher.TransformationServicesHandler/MODLAUNCHER]: Transformation services begin scanning
[21Dec2025 15:32:08.077] [main/DEBUG] [cpw.mods.modlauncher.TransformationServiceDecorator/MODLAUNCHER]: Beginning scan trigger - transformation service mixin
[21Dec2025 15:32:08.077] [main/DEBUG] [cpw.mods.modlauncher.TransformationServiceDecorator/MODLAUNCHER]: End scan trigger - transformation service mixin
[21Dec2025 15:32:08.077] [main/DEBUG] [cpw.mods.modlauncher.TransformationServiceDecorator/MODLAUNCHER]: Beginning scan trigger - transformation service fml
[21Dec2025 15:32:08.077] [main/DEBUG] [net.minecraftforge.fml.loading.FMLServiceProvider/CORE]: Initiating mod scan
[21Dec2025 15:32:08.086] [main/DEBUG] [net.minecraftforge.fml.loading.moddiscovery.ModListHandler/CORE]: Found mod coordinates from lists: []
[21Dec2025 15:32:08.089] [main/DEBUG] [net.minecraftforge.fml.loading.moddiscovery.ModDiscoverer/CORE]: Found Mod Locators : (mods folder:null),(maven libs:null),(exploded directory:null),(minecraft:null),(userdev classpath:null)
[21Dec2025 15:32:08.090] [main/DEBUG] [net.minecraftforge.fml.loading.moddiscovery.ModDiscoverer/CORE]: Found Dependency Locators : (JarInJar:null)
[21Dec2025 15:32:08.100] [main/DEBUG] [net.minecraftforge.fml.loading.moddiscovery.ModFileParser/LOADING]: Considering mod file candidate /workspaces/terradirma/servidor_minecraft/mods/alexscaves-2.0.2.jar
[21Dec2025 15:32:08.144] [main/DEBUG] [net.minecraftforge.fml.loading.moddiscovery.ModFileInfo/LOADING]: Found valid mod file alexscaves-2.0.2.jar with {alexscaves} mods - versions {2.0.2}
[21Dec2025 15:32:08.145] [main/DEBUG] [net.minecraftforge.fml.loading.moddiscovery.ModFileParser/LOADING]: Considering mod file candidate /workspaces/terradirma/servidor_minecraft/mods/Animation_Overhaul-forge-1.20.x-1.3.1.jar
[21Dec2025 15:32:08.146] [main/DEBUG] [net.minecraftforge.fml.loading.moddiscovery.ModFileInfo/LOADING]: Found valid mod file Animation_Overhaul-forge-1.20.x-1.3.1.jar with {animation_overhaul} mods - versions {1.3.1}
[21Dec2025 15:32:08.147] [main/DEBUG] [net.minecraftforge.fml.loading.moddiscovery.ModFileParser/LOADING]: Considering mod file candidate /workspaces/terradirma/servidor_minecraft/mods/appleskin-forge-mc1.20.1-2.5.1.jar
[21Dec2025 15:32:08.150] [main/DEBUG] [net.minecraftforge.fml.loading.moddiscovery.ModFileInfo/LOADING]: Found valid mod file appleskin-forge-mc1.20.1-2.5.1.jar with {appleskin} mods - versions {2.5.1+mc1.20.1}
[21Dec2025 15:32:08.150] [main/DEBUG] [net.minecraftforge.fml.loading.moddiscovery.ModFileParser/LOADING]: Considering mod file candidate /workspaces/terradirma/servidor_minecraft/mods/aquamirae-6.API15.jar
[21Dec2025 15:32:08.152] [main/DEBUG] [net.minecraftforge.fml.loading.moddiscovery.ModFileInfo/LOADING]: Found valid mod file aquamirae-6.API15.jar with {aquamirae} mods - versions {6.API15}
[21Dec2025 15:32:08.152] [main/DEBUG] [net.minecraftforge.fml.loading.moddiscovery.ModFileParser/LOADING]: Considering mod file candidate /workspaces/terradirma/servidor_minecraft/mods/architectury-9.2.14-forge.jar
[21Dec2025 15:32:08.153] [main/DEBUG] [net.minecraftforge.fml.loading.moddiscovery.ModFileInfo/LOADING]: Found valid mod file architectury-9.2.14-forge.jar with {architectury} mods - versions {9.2.14}
[21Dec2025 15:32:08.154] [main/DEBUG] [net.minecraftforge.fml.loading.moddiscovery.ModFileParser/LOADING]: Considering mod file candidate /workspaces/terradirma/servidor_minecraft/mods/artifacts-forge-9.5.15.jar
[21Dec2025 15:32:08.156] [main/DEBUG] [net.minecraftforge.fml.loading.moddiscovery.ModFileInfo/LOADING]: Found valid mod file artifacts-forge-9.5.15.jar with {artifacts} mods - versions {9.5.15}
[21Dec2025 15:32:08.157] [main/DEBUG] [net.minecraftforge.fml.loading.moddiscovery.ModFileParser/LOADING]: Considering mod file candidate /workspaces/terradirma/servidor_minecraft/mods/balm-forge-1.20.1-7.3.9-all.jar
[21Dec2025 15:32:08.158] [main/DEBUG] [net.minecraftforge.fml.loading.moddiscovery.ModFileInfo/LOADING]: Found valid mod file balm-forge-1.20.1-7.3.9-all.jar with {balm} mods - versions {7.3.9}
[21Dec2025 15:32:08.159] [main/DEBUG] [net.minecraftforge.fml.loading.moddiscovery.ModFileParser/LOADING]: Considering mod file candidate /workspaces/terradirma/servidor_minecraft/mods/beautify-2.0.2.jar
[21Dec2025 15:32:08.161] [main/DEBUG] [net.minecraftforge.fml.loading.moddiscovery.ModFileInfo/LOADING]: Found valid mod file beautify-2.0.2.jar with {beautify} mods - versions {2.0.2}
[21Dec2025 15:32:08.162] [main/DEBUG] [net.minecraftforge.fml.loading.moddiscovery.ModFileParser/LOADING]: Considering mod file candidate /workspaces/terradirma/servidor_minecraft/mods/bettervillage-forge-1.20.1-3.2.0.jar
[21Dec2025 15:32:08.163] [main/DEBUG] [net.minecraftforge.fml.loading.moddiscovery.ModFileInfo/LOADING]: Found valid mod file bettervillage-forge-1.20.1-3.2.0.jar with {bettervillage} mods - versions {3.1.0}
[21Dec2025 15:32:08.165] [main/DEBUG] [net.minecraftforge.fml.loading.moddiscovery.ModFileParser/LOADING]: Considering mod file candidate /workspaces/terradirma/servidor_minecraft/mods/BiomesOPlenty-1.20.1-18.0.0.592.jar
[21Dec2025 15:32:08.166] [main/DEBUG] [net.minecraftforge.fml.loading.moddiscovery.ModFileInfo/LOADING]: Found valid mod file BiomesOPlenty-1.20.1-18.0.0.592.jar with {biomesoplenty} mods - versions {18.0.0.592}
[21Dec2025 15:32:08.167] [main/DEBUG] [net.minecraftforge.fml.loading.moddiscovery.ModFileParser/LOADING]: Considering mod file candidate /workspaces/terradirma/servidor_minecraft/mods/caelus-forge-3.2.0+1.20.1.jar
[21Dec2025 15:32:08.168] [main/DEBUG] [net.minecraftforge.fml.loading.moddiscovery.ModFileInfo/LOADING]: Found valid mod file caelus-forge-3.2.0+1.20.1.jar with {caelus} mods - versions {3.2.0+1.20.1}
[21Dec2025 15:32:08.169] [main/DEBUG] [net.minecraftforge.fml.loading.moddiscovery.ModFileParser/LOADING]: Considering mod file candidate /workspaces/terradirma/servidor_minecraft/mods/call_of_yucutan-1.0.13-forge-1.20.1.jar
[21Dec2025 15:32:08.170] [main/DEBUG] [net.minecraftforge.fml.loading.moddiscovery.ModFileInfo/LOADING]: Found valid mod file call_of_yucutan-1.0.13-forge-1.20.1.jar with {call_of_yucutan} mods - versions {1.0.13}
[21Dec2025 15:32:08.170] [main/DEBUG] [net.minecraftforge.fml.loading.moddiscovery.ModFileParser/LOADING]: Considering mod file candidate /workspaces/terradirma/servidor_minecraft/mods/camera-forge-1.20.1-1.0.14.jar
[21Dec2025 15:32:08.171] [main/DEBUG] [net.minecraftforge.fml.loading.moddiscovery.ModFileInfo/LOADING]: Found valid mod file camera-forge-1.20.1-1.0.14.jar with {camera} mods - versions {1.20.1-1.0.14}
[21Dec2025 15:32:08.172] [main/DEBUG] [net.minecraftforge.fml.loading.moddiscovery.ModFileParser/LOADING]: Considering mod file candidate /workspaces/terradirma/servidor_minecraft/mods/Chimes-v2.0.1-1.20.1.jar
[21Dec2025 15:32:08.173] [main/DEBUG] [net.minecraftforge.fml.loading.moddiscovery.ModFileInfo/LOADING]: Found valid mod file Chimes-v2.0.1-1.20.1.jar with {chimes} mods - versions {2.0.1}
[21Dec2025 15:32:08.174] [main/DEBUG] [net.minecraftforge.fml.loading.moddiscovery.ModFileParser/LOADING]: Considering mod file candidate /workspaces/terradirma/servidor_minecraft/mods/citadel-2.6.0-1.20.1.jar
[21Dec2025 15:32:08.176] [main/DEBUG] [net.minecraftforge.fml.loading.moddiscovery.ModFileInfo/LOADING]: Found valid mod file citadel-2.6.0-1.20.1.jar with {citadel} mods - versions {2.6.0}
[21Dec2025 15:32:08.177] [main/DEBUG] [net.minecraftforge.fml.loading.moddiscovery.ModFileParser/LOADING]: Considering mod file candidate /workspaces/terradirma/servidor_minecraft/mods/cloth-config-11.1.118-forge.jar
[21Dec2025 15:32:08.177] [main/DEBUG] [net.minecraftforge.fml.loading.moddiscovery.ModFileInfo/LOADING]: Found valid mod file cloth-config-11.1.118-forge.jar with {cloth_config} mods - versions {11.1.118}
[21Dec2025 15:32:08.178] [main/DEBUG] [net.minecraftforge.fml.loading.moddiscovery.ModFileParser/LOADING]: Considering mod file candidate /workspaces/terradirma/servidor_minecraft/mods/coroutil-forge-1.20.1-1.3.7.jar
[21Dec2025 15:32:08.179] [main/DEBUG] [net.minecraftforge.fml.loading.moddiscovery.ModFileInfo/LOADING]: Found valid mod file coroutil-forge-1.20.1-1.3.7.jar with {coroutil} mods - versions {1.20.1-1.3.7}
[21Dec2025 15:32:08.181] [main/DEBUG] [net.minecraftforge.fml.loading.moddiscovery.ModFileParser/LOADING]: Considering mod file candidate /workspaces/terradirma/servidor_minecraft/mods/cosmeticarmorreworked-1.20.1-v1a.jar
[21Dec2025 15:32:08.182] [main/DEBUG] [net.minecraftforge.fml.loading.moddiscovery.ModFileInfo/LOADING]: Found valid mod file cosmeticarmorreworked-1.20.1-v1a.jar with {cosmeticarmorreworked} mods - versions {1.20.1-v1a}
[21Dec2025 15:32:08.183] [main/DEBUG] [net.minecraftforge.fml.loading.moddiscovery.ModFileParser/LOADING]: Considering mod file candidate /workspaces/terradirma/servidor_minecraft/mods/CreativeCore_FORGE_v2.12.32_mc1.20.1.jar
[21Dec2025 15:32:08.184] [main/DEBUG] [net.minecraftforge.fml.loading.moddiscovery.ModFileInfo/LOADING]: Found valid mod file CreativeCore_FORGE_v2.12.32_mc1.20.1.jar with {creativecore} mods - versions {2.12.32}
[21Dec2025 15:32:08.185] [main/DEBUG] [net.minecraftforge.fml.loading.moddiscovery.ModFileParser/LOADING]: Considering mod file candidate /workspaces/terradirma/servidor_minecraft/mods/curios-forge-5.9.1+1.20.1.jar
[21Dec2025 15:32:08.185] [main/DEBUG] [net.minecraftforge.fml.loading.moddiscovery.ModFileInfo/LOADING]: Found valid mod file curios-forge-5.9.1+1.20.1.jar with {curios} mods - versions {5.9.1+1.20.1}
[21Dec2025 15:32:08.186] [main/DEBUG] [net.minecraftforge.fml.loading.moddiscovery.ModFileParser/LOADING]: Considering mod file candidate /workspaces/terradirma/servidor_minecraft/mods/easy_npc_1.20.1-4.5.1.jar
[21Dec2025 15:32:08.187] [main/DEBUG] [net.minecraftforge.fml.loading.moddiscovery.ModFileInfo/LOADING]: Found valid mod file easy_npc_1.20.1-4.5.1.jar with {easy_npc} mods - versions {4.5.1}
[21Dec2025 15:32:08.188] [main/DEBUG] [net.minecraftforge.fml.loading.moddiscovery.ModFileParser/LOADING]: Considering mod file candidate /workspaces/terradirma/servidor_minecraft/mods/embeddium-0.3.30+mc1.20.1.jar
[21Dec2025 15:32:08.189] [main/DEBUG] [net.minecraftforge.fml.loading.moddiscovery.ModFileInfo/LOADING]: Found valid mod file embeddium-0.3.30+mc1.20.1.jar with {embeddium,rubidium} mods - versions {0.3.30+mc1.20.1,0.7.1}
[21Dec2025 15:32:08.190] [main/DEBUG] [net.minecraftforge.fml.loading.moddiscovery.ModFileParser/LOADING]: Considering mod file candidate /workspaces/terradirma/servidor_minecraft/mods/ExplorersCompass-1.20.1-1.3.3-forge.jar
[21Dec2025 15:32:08.191] [main/DEBUG] [net.minecraftforge.fml.loading.moddiscovery.ModFileInfo/LOADING]: Found valid mod file ExplorersCompass-1.20.1-1.3.3-forge.jar with {explorerscompass} mods - versions {1.20.1-1.3.3-forge}
[21Dec2025 15:32:08.192] [main/DEBUG] [net.minecraftforge.fml.loading.moddiscovery.ModFileParser/LOADING]: Considering mod file candidate /workspaces/terradirma/servidor_minecraft/mods/fairylights-7.0.0-1.20.1.jar
[21Dec2025 15:32:08.192] [main/DEBUG] [net.minecraftforge.fml.loading.moddiscovery.ModFileInfo/LOADING]: Found valid mod file fairylights-7.0.0-1.20.1.jar with {fairylights} mods - versions {7.0.0}
[21Dec2025 15:32:08.194] [main/DEBUG] [net.minecraftforge.fml.loading.moddiscovery.ModFileParser/LOADING]: Considering mod file candidate /workspaces/terradirma/servidor_minecraft/mods/FarmersDelight-1.20.1-1.2.7.jar
[21Dec2025 15:32:08.195] [main/DEBUG] [net.minecraftforge.fml.loading.moddiscovery.ModFileInfo/LOADING]: Found valid mod file FarmersDelight-1.20.1-1.2.7.jar with {farmersdelight} mods - versions {1.20.1-1.2.7}
[21Dec2025 15:32:08.195] [main/DEBUG] [net.minecraftforge.fml.loading.moddiscovery.ModFileParser/LOADING]: Considering mod file candidate /workspaces/terradirma/servidor_minecraft/mods/fennecfox-forge-1.20.1-1.0.0.jar
[21Dec2025 15:32:08.196] [main/DEBUG] [net.minecraftforge.fml.loading.moddiscovery.ModFileInfo/LOADING]: Found valid mod file fennecfox-forge-1.20.1-1.0.0.jar with {fennecfox} mods - versions {1.0.0}
[21Dec2025 15:32:08.199] [main/DEBUG] [net.minecraftforge.fml.loading.moddiscovery.ModFileParser/LOADING]: Considering mod file candidate /workspaces/terradirma/servidor_minecraft/mods/framework-forge-1.20.1-0.7.12.jar
[21Dec2025 15:32:08.200] [main/DEBUG] [net.minecraftforge.fml.loading.moddiscovery.ModFileInfo/LOADING]: Found valid mod file framework-forge-1.20.1-0.7.12.jar with {framework} mods - versions {0.7.12}
[21Dec2025 15:32:08.200] [main/DEBUG] [net.minecraftforge.fml.loading.moddiscovery.ModFileParser/LOADING]: Considering mod file candidate /workspaces/terradirma/servidor_minecraft/mods/geckolib-forge-1.20.1-4.4.7.jar
[21Dec2025 15:32:08.201] [main/DEBUG] [net.minecraftforge.fml.loading.moddiscovery.ModFileInfo/LOADING]: Found valid mod file geckolib-forge-1.20.1-4.4.7.jar with {geckolib} mods - versions {4.4.7}
[21Dec2025 15:32:08.203] [main/DEBUG] [net.minecraftforge.fml.loading.moddiscovery.ModFileParser/LOADING]: Considering mod file candidate /workspaces/terradirma/servidor_minecraft/mods/goblintraders-forge-1.20.1-1.9.3.jar
[21Dec2025 15:32:08.204] [main/DEBUG] [net.minecraftforge.fml.loading.moddiscovery.ModFileInfo/LOADING]: Found valid mod file goblintraders-forge-1.20.1-1.9.3.jar with {goblintraders} mods - versions {1.9.3}
[21Dec2025 15:32:08.204] [main/DEBUG] [net.minecraftforge.fml.loading.moddiscovery.ModFileParser/LOADING]: Considering mod file candidate /workspaces/terradirma/servidor_minecraft/mods/gravestone-forge-1.20.1-1.0.24.jar
[21Dec2025 15:32:08.205] [main/DEBUG] [net.minecraftforge.fml.loading.moddiscovery.ModFileInfo/LOADING]: Found valid mod file gravestone-forge-1.20.1-1.0.24.jar with {gravestone} mods - versions {1.20.1-1.0.24}
[21Dec2025 15:32:08.212] [main/DEBUG] [net.minecraftforge.fml.loading.moddiscovery.ModFileParser/LOADING]: Considering mod file candidate /workspaces/terradirma/servidor_minecraft/mods/handcrafted-forge-1.20.1-3.0.6.jar
[21Dec2025 15:32:08.212] [main/DEBUG] [net.minecraftforge.fml.loading.moddiscovery.ModFileInfo/LOADING]: Found valid mod file handcrafted-forge-1.20.1-3.0.6.jar with {handcrafted} mods - versions {3.0.6}
[21Dec2025 15:32:08.214] [main/DEBUG] [net.minecraftforge.fml.loading.moddiscovery.ModFileParser/LOADING]: Considering mod file candidate /workspaces/terradirma/servidor_minecraft/mods/irons_spellbooks-1.20.1-3.4.0.8.jar
[21Dec2025 15:32:08.216] [main/DEBUG] [net.minecraftforge.fml.loading.moddiscovery.ModFileInfo/LOADING]: Found valid mod file irons_spellbooks-1.20.1-3.4.0.8.jar with {irons_spellbooks} mods - versions {1.20.1-3.4.0.8}
[21Dec2025 15:32:08.216] [main/DEBUG] [net.minecraftforge.fml.loading.moddiscovery.ModFileParser/LOADING]: Considering mod file candidate /workspaces/terradirma/servidor_minecraft/mods/jei-1.20.1-forge-15.12.2.51.jar
[21Dec2025 15:32:08.217] [main/DEBUG] [net.minecraftforge.fml.loading.moddiscovery.ModFileInfo/LOADING]: Found valid mod file jei-1.20.1-forge-15.12.2.51.jar with {jei} mods - versions {15.12.2.51}
[21Dec2025 15:32:08.218] [main/DEBUG] [net.minecraftforge.fml.loading.moddiscovery.ModFileParser/LOADING]: Considering mod file candidate /workspaces/terradirma/servidor_minecraft/mods/jei-1.20.1-forge-15.20.0.127.jar
[21Dec2025 15:32:08.219] [main/DEBUG] [net.minecraftforge.fml.loading.moddiscovery.ModFileInfo/LOADING]: Found valid mod file jei-1.20.1-forge-15.20.0.127.jar with {jei} mods - versions {15.20.0.127}
[21Dec2025 15:32:08.220] [main/DEBUG] [net.minecraftforge.fml.loading.moddiscovery.ModFileParser/LOADING]: Considering mod file candidate /workspaces/terradirma/servidor_minecraft/mods/journeymap-1.20.1-5.10.1-forge.jar
[21Dec2025 15:32:08.221] [main/DEBUG] [net.minecraftforge.fml.loading.moddiscovery.ModFileInfo/LOADING]: Found valid mod file journeymap-1.20.1-5.10.1-forge.jar with {journeymap} mods - versions {5.10.1}
[21Dec2025 15:32:08.221] [main/DEBUG] [net.minecraftforge.fml.loading.moddiscovery.ModFileParser/LOADING]: Considering mod file candidate /workspaces/terradirma/servidor_minecraft/mods/JustEnoughResources-1.20.1-1.4.0.247.jar
[21Dec2025 15:32:08.222] [main/DEBUG] [net.minecraftforge.fml.loading.moddiscovery.ModFileInfo/LOADING]: Found valid mod file JustEnoughResources-1.20.1-1.4.0.247.jar with {jeresources} mods - versions {1.4.0.247}
[21Dec2025 15:32:08.222] [main/DEBUG] [net.minecraftforge.fml.loading.moddiscovery.ModFileParser/LOADING]: Considering mod file candidate /workspaces/terradirma/servidor_minecraft/mods/justzoom_forge_1.0.2_MC_1.20.1.jar
[21Dec2025 15:32:08.223] [main/DEBUG] [net.minecraftforge.fml.loading.moddiscovery.ModFileInfo/LOADING]: Found valid mod file justzoom_forge_1.0.2_MC_1.20.1.jar with {justzoom} mods - versions {1.0.2}
[21Dec2025 15:32:08.224] [main/DEBUG] [net.minecraftforge.fml.loading.moddiscovery.ModFileParser/LOADING]: Considering mod file candidate /workspaces/terradirma/servidor_minecraft/mods/konkrete_forge_1.8.0_MC_1.20-1.20.1.jar
[21Dec2025 15:32:08.225] [main/DEBUG] [net.minecraftforge.fml.loading.moddiscovery.ModFileInfo/LOADING]: Found valid mod file konkrete_forge_1.8.0_MC_1.20-1.20.1.jar with {konkrete} mods - versions {1.8.0}
[21Dec2025 15:32:08.226] [main/DEBUG] [net.minecraftforge.fml.loading.moddiscovery.ModFileParser/LOADING]: Considering mod file candidate /workspaces/terradirma/servidor_minecraft/mods/L_Enders_Cataclysm-2.63.jar
[21Dec2025 15:32:08.227] [main/DEBUG] [net.minecraftforge.fml.loading.moddiscovery.ModFileInfo/LOADING]: Found valid mod file L_Enders_Cataclysm-2.63.jar with {cataclysm} mods - versions {2.63}
[21Dec2025 15:32:08.228] [main/DEBUG] [net.minecraftforge.fml.loading.moddiscovery.ModFileParser/LOADING]: Considering mod file candidate /workspaces/terradirma/servidor_minecraft/mods/letsdo-API-forge-1.2.15-forge.jar
[21Dec2025 15:32:08.259] [main/DEBUG] [net.minecraftforge.fml.loading.moddiscovery.ModFileInfo/LOADING]: Found valid mod file letsdo-API-forge-1.2.15-forge.jar with {doapi,terraform} mods - versions {1.2.15,7.0.1}
[21Dec2025 15:32:08.260] [main/DEBUG] [net.minecraftforge.fml.loading.moddiscovery.ModFileParser/LOADING]: Considering mod file candidate /workspaces/terradirma/servidor_minecraft/mods/letsdo-bakery-forge-1.1.15.jar
[21Dec2025 15:32:08.260] [main/DEBUG] [net.minecraftforge.fml.loading.moddiscovery.ModFileInfo/LOADING]: Found valid mod file letsdo-bakery-forge-1.1.15.jar with {bakery} mods - versions {1.1.15}
[21Dec2025 15:32:08.262] [main/DEBUG] [net.minecraftforge.fml.loading.moddiscovery.ModFileParser/LOADING]: Considering mod file candidate /workspaces/terradirma/servidor_minecraft/mods/letsdo-furniture-forge-1.0.4.jar
[21Dec2025 15:32:08.262] [main/DEBUG] [net.minecraftforge.fml.loading.moddiscovery.ModFileInfo/LOADING]: Found valid mod file letsdo-furniture-forge-1.0.4.jar with {furniture} mods - versions {1.0.4}
[21Dec2025 15:32:08.264] [main/DEBUG] [net.minecraftforge.fml.loading.moddiscovery.ModFileParser/LOADING]: Considering mod file candidate /workspaces/terradirma/servidor_minecraft/mods/letsdo-vinery-forge-1.4.39.jar
[21Dec2025 15:32:08.264] [main/DEBUG] [net.minecraftforge.fml.loading.moddiscovery.ModFileInfo/LOADING]: Found valid mod file letsdo-vinery-forge-1.4.39.jar with {vinery} mods - versions {1.4.39}
[21Dec2025 15:32:08.265] [main/DEBUG] [net.minecraftforge.fml.loading.moddiscovery.ModFileParser/LOADING]: Considering mod file candidate /workspaces/terradirma/servidor_minecraft/mods/libraryferret-forge-1.20.1-4.0.0.jar
[21Dec2025 15:32:08.265] [main/DEBUG] [net.minecraftforge.fml.loading.moddiscovery.ModFileInfo/LOADING]: Found valid mod file libraryferret-forge-1.20.1-4.0.0.jar with {libraryferret} mods - versions {4.0.0}
[21Dec2025 15:32:08.266] [main/DEBUG] [net.minecraftforge.fml.loading.moddiscovery.ModFileParser/LOADING]: Considering mod file candidate /workspaces/terradirma/servidor_minecraft/mods/lionfishapi-2.4-Fix.jar
[21Dec2025 15:32:08.266] [main/DEBUG] [net.minecraftforge.fml.loading.moddiscovery.ModFileInfo/LOADING]: Found valid mod file lionfishapi-2.4-Fix.jar with {lionfishapi} mods - versions {2.4-Fix}
[21Dec2025 15:32:08.269] [main/DEBUG] [net.minecraftforge.fml.loading.moddiscovery.ModFileParser/LOADING]: Considering mod file candidate /workspaces/terradirma/servidor_minecraft/mods/mcw-furniture-3.3.0-mc1.20.1forge.jar
[21Dec2025 15:32:08.270] [main/DEBUG] [net.minecraftforge.fml.loading.moddiscovery.ModFileInfo/LOADING]: Found valid mod file mcw-furniture-3.3.0-mc1.20.1forge.jar with {mcwfurnitures} mods - versions {3.3.0}
[21Dec2025 15:32:08.272] [main/DEBUG] [net.minecraftforge.fml.loading.moddiscovery.ModFileParser/LOADING]: Considering mod file candidate /workspaces/terradirma/servidor_minecraft/mods/mcw-windows-2.3.0-mc1.20.1forge.jar
[21Dec2025 15:32:08.272] [main/DEBUG] [net.minecraftforge.fml.loading.moddiscovery.ModFileInfo/LOADING]: Found valid mod file mcw-windows-2.3.0-mc1.20.1forge.jar with {mcwwindows} mods - versions {2.3.0}
[21Dec2025 15:32:08.273] [main/DEBUG] [net.minecraftforge.fml.loading.moddiscovery.ModFileParser/LOADING]: Considering mod file candidate /workspaces/terradirma/servidor_minecraft/mods/mowziesmobs-1.7.1.jar
[21Dec2025 15:32:08.274] [main/DEBUG] [net.minecraftforge.fml.loading.moddiscovery.ModFileInfo/LOADING]: Found valid mod file mowziesmobs-1.7.1.jar with {mowziesmobs} mods - versions {1.7.1}
[21Dec2025 15:32:08.274] [main/DEBUG] [net.minecraftforge.fml.loading.moddiscovery.ModFileParser/LOADING]: Considering mod file candidate /workspaces/terradirma/servidor_minecraft/mods/NaturesCompass-1.20.1-1.11.2-forge.jar
[21Dec2025 15:32:08.275] [main/DEBUG] [net.minecraftforge.fml.loading.moddiscovery.ModFileInfo/LOADING]: Found valid mod file NaturesCompass-1.20.1-1.11.2-forge.jar with {naturescompass} mods - versions {1.20.1-1.11.2-forge}
[21Dec2025 15:32:08.275] [main/DEBUG] [net.minecraftforge.fml.loading.moddiscovery.ModFileParser/LOADING]: Considering mod file candidate /workspaces/terradirma/servidor_minecraft/mods/Necronomicon-Forge-1.4.2.jar
[21Dec2025 15:32:08.276] [main/DEBUG] [net.minecraftforge.fml.loading.moddiscovery.ModFileInfo/LOADING]: Found valid mod file Necronomicon-Forge-1.4.2.jar with {necronomicon} mods - versions {1.4.2}
[21Dec2025 15:32:08.276] [main/DEBUG] [net.minecraftforge.fml.loading.moddiscovery.ModFileParser/LOADING]: Considering mod file candidate /workspaces/terradirma/servidor_minecraft/mods/obscure_api-15.jar
[21Dec2025 15:32:08.277] [main/DEBUG] [net.minecraftforge.fml.loading.moddiscovery.ModFileInfo/LOADING]: Found valid mod file obscure_api-15.jar with {obscure_api} mods - versions {15}
[21Dec2025 15:32:08.277] [main/DEBUG] [net.minecraftforge.fml.loading.moddiscovery.ModFileParser/LOADING]: Considering mod file candidate /workspaces/terradirma/servidor_minecraft/mods/OctoLib-FORGE-0.4.2+1.20.1.jar
[21Dec2025 15:32:08.278] [main/DEBUG] [net.minecraftforge.fml.loading.moddiscovery.ModFileInfo/LOADING]: Found valid mod file OctoLib-FORGE-0.4.2+1.20.1.jar with {octolib} mods - versions {0.4.2}
[21Dec2025 15:32:08.279] [main/DEBUG] [net.minecraftforge.fml.loading.moddiscovery.ModFileParser/LOADING]: Considering mod file candidate /workspaces/terradirma/servidor_minecraft/mods/player-animation-lib-forge-1.0.2-rc1+1.20.jar
[21Dec2025 15:32:08.280] [main/DEBUG] [net.minecraftforge.fml.loading.moddiscovery.ModFileInfo/LOADING]: Found valid mod file player-animation-lib-forge-1.0.2-rc1+1.20.jar with {playeranimator} mods - versions {1.0.2-rc1+1.20}
[21Dec2025 15:32:08.280] [main/DEBUG] [net.minecraftforge.fml.loading.moddiscovery.ModFileParser/LOADING]: Considering mod file candidate /workspaces/terradirma/servidor_minecraft/mods/portablemobs-1.2.0-forge-mc1.20.jar
[21Dec2025 15:32:08.281] [main/DEBUG] [net.minecraftforge.fml.loading.moddiscovery.ModFileInfo/LOADING]: Found valid mod file portablemobs-1.2.0-forge-mc1.20.jar with {portablemobs} mods - versions {1.2.0}
[21Dec2025 15:32:08.289] [main/DEBUG] [net.minecraftforge.fml.loading.moddiscovery.ModFileParser/LOADING]: Considering mod file candidate /workspaces/terradirma/servidor_minecraft/mods/redeco-forge-1.12.1-1.20.jar
[21Dec2025 15:32:08.290] [main/DEBUG] [net.minecraftforge.fml.loading.moddiscovery.ModFileInfo/LOADING]: Found valid mod file redeco-forge-1.12.1-1.20.jar with {redeco} mods - versions {1.12.1}
[21Dec2025 15:32:08.314] [main/DEBUG] [net.minecraftforge.fml.loading.moddiscovery.ModFileParser/LOADING]: Considering mod file candidate /workspaces/terradirma/servidor_minecraft/mods/refurbished_furniture-forge-1.20.1-1.0.12.jar
[21Dec2025 15:32:08.315] [main/DEBUG] [net.minecraftforge.fml.loading.moddiscovery.ModFileInfo/LOADING]: Found valid mod file refurbished_furniture-forge-1.20.1-1.0.12.jar with {refurbished_furniture} mods - versions {1.0.12}
[21Dec2025 15:32:08.316] [main/DEBUG] [net.minecraftforge.fml.loading.moddiscovery.ModFileParser/LOADING]: Considering mod file candidate /workspaces/terradirma/servidor_minecraft/mods/relics-1.20.1-0.8.0.6.jar
[21Dec2025 15:32:08.317] [main/DEBUG] [net.minecraftforge.fml.loading.moddiscovery.ModFileInfo/LOADING]: Found valid mod file relics-1.20.1-0.8.0.6.jar with {relics} mods - versions {0.8.0.6}
[21Dec2025 15:32:08.317] [main/DEBUG] [net.minecraftforge.fml.loading.moddiscovery.ModFileParser/LOADING]: Considering mod file candidate /workspaces/terradirma/servidor_minecraft/mods/resourcefullib-forge-1.20.1-2.1.28.jar
[21Dec2025 15:32:08.317] [main/DEBUG] [net.minecraftforge.fml.loading.moddiscovery.ModFileInfo/LOADING]: Found valid mod file resourcefullib-forge-1.20.1-2.1.28.jar with {resourcefullib} mods - versions {2.1.28}
[21Dec2025 15:32:08.318] [main/DEBUG] [net.minecraftforge.fml.loading.moddiscovery.ModFileParser/LOADING]: Considering mod file candidate /workspaces/terradirma/servidor_minecraft/mods/Ribbits-1.20.1-Forge-3.0.4.jar
[21Dec2025 15:32:08.318] [main/DEBUG] [net.minecraftforge.fml.loading.moddiscovery.ModFileInfo/LOADING]: Found valid mod file Ribbits-1.20.1-Forge-3.0.4.jar with {ribbits} mods - versions {1.20.1-Forge-3.0.4}
[21Dec2025 15:32:08.319] [main/DEBUG] [net.minecraftforge.fml.loading.moddiscovery.ModFileParser/LOADING]: Considering mod file candidate /workspaces/terradirma/servidor_minecraft/mods/SJAP_Resharpened-1.20.1-1.0.1.jar
[21Dec2025 15:32:08.320] [main/DEBUG] [net.minecraftforge.fml.loading.moddiscovery.ModFileInfo/LOADING]: Found valid mod file SJAP_Resharpened-1.20.1-1.0.1.jar with {slashblade_addon} mods - versions {1.0.1}
[21Dec2025 15:32:08.320] [main/DEBUG] [net.minecraftforge.fml.loading.moddiscovery.ModFileParser/LOADING]: Considering mod file candidate /workspaces/terradirma/servidor_minecraft/mods/SlashBlade-1.20.1-0.1.2.jar
[21Dec2025 15:32:08.321] [main/DEBUG] [net.minecraftforge.fml.loading.moddiscovery.ModFileInfo/LOADING]: Found valid mod file SlashBlade-1.20.1-0.1.2.jar with {slashblade} mods - versions {0.1.2}
[21Dec2025 15:32:08.322] [main/DEBUG] [net.minecraftforge.fml.loading.moddiscovery.ModFileParser/LOADING]: Considering mod file candidate /workspaces/terradirma/servidor_minecraft/mods/SlashBladeResharped-1.20.1-0.7.3.jar
[21Dec2025 15:32:08.323] [main/DEBUG] [net.minecraftforge.fml.loading.moddiscovery.ModFileInfo/LOADING]: Found valid mod file SlashBladeResharped-1.20.1-0.7.3.jar with {slashblade} mods - versions {0.7.3}
[21Dec2025 15:32:08.323] [main/DEBUG] [net.minecraftforge.fml.loading.moddiscovery.ModFileParser/LOADING]: Considering mod file candidate /workspaces/terradirma/servidor_minecraft/mods/sophisticatedbackpacks-1.20.1-3.20.5.1044.jar
[21Dec2025 15:32:08.324] [main/DEBUG] [net.minecraftforge.fml.loading.moddiscovery.ModFileInfo/LOADING]: Found valid mod file sophisticatedbackpacks-1.20.1-3.20.5.1044.jar with {sophisticatedbackpacks} mods - versions {3.20.5.1044}
[21Dec2025 15:32:08.325] [main/DEBUG] [net.minecraftforge.fml.loading.moddiscovery.ModFileParser/LOADING]: Considering mod file candidate /workspaces/terradirma/servidor_minecraft/mods/sophisticatedcore-1.20.1-0.6.22.611.jar
[21Dec2025 15:32:08.325] [main/DEBUG] [net.minecraftforge.fml.loading.moddiscovery.ModFileInfo/LOADING]: Found valid mod file sophisticatedcore-1.20.1-0.6.22.611.jar with {sophisticatedcore} mods - versions {0.6.22.611}
[21Dec2025 15:32:08.326] [main/DEBUG] [net.minecraftforge.fml.loading.moddiscovery.ModFileParser/LOADING]: Considering mod file candidate /workspaces/terradirma/servidor_minecraft/mods/stalwart-dungeons-1.20.1-1.2.8.jar
[21Dec2025 15:32:08.326] [main/DEBUG] [net.minecraftforge.fml.loading.moddiscovery.ModFileInfo/LOADING]: Found valid mod file stalwart-dungeons-1.20.1-1.2.8.jar with {stalwart_dungeons} mods - versions {1.2.8}
[21Dec2025 15:32:08.327] [main/DEBUG] [net.minecraftforge.fml.loading.moddiscovery.ModFileParser/LOADING]: Considering mod file candidate /workspaces/terradirma/servidor_minecraft/mods/supermartijn642corelib-1.1.17-forge-mc1.20.1.jar
[21Dec2025 15:32:08.328] [main/DEBUG] [net.minecraftforge.fml.loading.moddiscovery.ModFileInfo/LOADING]: Found valid mod file supermartijn642corelib-1.1.17-forge-mc1.20.1.jar with {supermartijn642corelib} mods - versions {1.1.17}
[21Dec2025 15:32:08.328] [main/DEBUG] [net.minecraftforge.fml.loading.moddiscovery.ModFileParser/LOADING]: Considering mod file candidate /workspaces/terradirma/servidor_minecraft/mods/TerraBlender-forge-1.20.1-3.0.1.7.jar
[21Dec2025 15:32:08.329] [main/DEBUG] [net.minecraftforge.fml.loading.moddiscovery.ModFileInfo/LOADING]: Found valid mod file TerraBlender-forge-1.20.1-3.0.1.7.jar with {terrablender} mods - versions {3.0.1.7}
[21Dec2025 15:32:08.331] [main/DEBUG] [net.minecraftforge.fml.loading.moddiscovery.ModFileParser/LOADING]: Considering mod file candidate /workspaces/terradirma/servidor_minecraft/mods/the_bumblezone-7.6.8+1.20.1-forge.jar
[21Dec2025 15:32:08.333] [main/DEBUG] [net.minecraftforge.fml.loading.moddiscovery.ModFileInfo/LOADING]: Found valid mod file the_bumblezone-7.6.8+1.20.1-forge.jar with {the_bumblezone} mods - versions {7.6.8+1.20.1-forge}
[21Dec2025 15:32:08.334] [main/DEBUG] [net.minecraftforge.fml.loading.moddiscovery.ModFileParser/LOADING]: Considering mod file candidate /workspaces/terradirma/servidor_minecraft/mods/The_Graveyard_3.1_(FORGE)_for_1.20.1.jar
[21Dec2025 15:32:08.335] [main/DEBUG] [net.minecraftforge.fml.loading.moddiscovery.ModFileInfo/LOADING]: Found valid mod file The_Graveyard_3.1_(FORGE)_for_1.20.1.jar with {graveyard} mods - versions {3.1}
[21Dec2025 15:32:08.335] [main/DEBUG] [net.minecraftforge.fml.loading.moddiscovery.ModFileParser/LOADING]: Considering mod file candidate /workspaces/terradirma/servidor_minecraft/mods/torchmaster-20.1.6.jar
[21Dec2025 15:32:08.336] [main/DEBUG] [net.minecraftforge.fml.loading.moddiscovery.ModFileInfo/LOADING]: Found valid mod file torchmaster-20.1.6.jar with {torchmaster} mods - versions {20.1.6}
[21Dec2025 15:32:08.336] [main/DEBUG] [net.minecraftforge.fml.loading.moddiscovery.ModFileParser/LOADING]: Considering mod file candidate /workspaces/terradirma/servidor_minecraft/mods/TravelersTitles-1.20-Forge-4.0.2.jar
[21Dec2025 15:32:08.337] [main/DEBUG] [net.minecraftforge.fml.loading.moddiscovery.ModFileInfo/LOADING]: Found valid mod file TravelersTitles-1.20-Forge-4.0.2.jar with {travelerstitles} mods - versions {1.20-Forge-4.0.2}
[21Dec2025 15:32:08.337] [main/DEBUG] [net.minecraftforge.fml.loading.moddiscovery.ModFileParser/LOADING]: Considering mod file candidate /workspaces/terradirma/servidor_minecraft/mods/TreeChop-1.20.1-forge-0.19.0-fixed.jar
[21Dec2025 15:32:08.338] [main/DEBUG] [net.minecraftforge.fml.loading.moddiscovery.ModFileInfo/LOADING]: Found valid mod file TreeChop-1.20.1-forge-0.19.0-fixed.jar with {treechop} mods - versions {0.19.0}
[21Dec2025 15:32:08.338] [main/DEBUG] [net.minecraftforge.fml.loading.moddiscovery.ModFileParser/LOADING]: Considering mod file candidate /workspaces/terradirma/servidor_minecraft/mods/vanillaplustools-1.20-1.0.jar
[21Dec2025 15:32:08.339] [main/DEBUG] [net.minecraftforge.fml.loading.moddiscovery.ModFileInfo/LOADING]: Found valid mod file vanillaplustools-1.20-1.0.jar with {vanillaplustools} mods - versions {1.20-1.0}
[21Dec2025 15:32:08.340] [main/DEBUG] [net.minecraftforge.fml.loading.moddiscovery.ModFileParser/LOADING]: Considering mod file candidate /workspaces/terradirma/servidor_minecraft/mods/watut-forge-1.20.1-1.1.3.jar
[21Dec2025 15:32:08.340] [main/DEBUG] [net.minecraftforge.fml.loading.moddiscovery.ModFileInfo/LOADING]: Found valid mod file watut-forge-1.20.1-1.1.3.jar with {watut} mods - versions {1.20.1-1.1.3}
[21Dec2025 15:32:08.341] [main/DEBUG] [net.minecraftforge.fml.loading.moddiscovery.ModFileParser/LOADING]: Considering mod file candidate /workspaces/terradirma/servidor_minecraft/mods/waystones-forge-1.20-14.1.4.jar
[21Dec2025 15:32:08.341] [main/DEBUG] [net.minecraftforge.fml.loading.moddiscovery.ModFileInfo/LOADING]: Found valid mod file waystones-forge-1.20-14.1.4.jar with {waystones} mods - versions {14.1.4}
[21Dec2025 15:32:08.342] [main/DEBUG] [net.minecraftforge.fml.loading.moddiscovery.ModFileParser/LOADING]: Considering mod file candidate /workspaces/terradirma/servidor_minecraft/mods/YungsApi-1.20-Forge-4.0.6.jar
[21Dec2025 15:32:08.342] [main/DEBUG] [net.minecraftforge.fml.loading.moddiscovery.ModFileInfo/LOADING]: Found valid mod file YungsApi-1.20-Forge-4.0.6.jar with {yungsapi} mods - versions {1.20-Forge-4.0.6}
[21Dec2025 15:32:08.543] [main/DEBUG] [net.minecraftforge.fml.loading.moddiscovery.ModFileInfo/LOADING]: Found valid mod file server-1.20.1-20230612.114412-srg.jar with {minecraft} mods - versions {1.20.1}
[21Dec2025 15:32:08.547] [main/DEBUG] [net.minecraftforge.fml.loading.moddiscovery.ModFileParser/LOADING]: Considering mod file candidate /workspaces/terradirma/servidor_minecraft/libraries/net/minecraftforge/fmlcore/1.20.1-47.3.7/fmlcore-1.20.1-47.3.7.jar
[21Dec2025 15:32:08.547] [main/WARN] [net.minecraftforge.fml.loading.moddiscovery.ModFileParser/LOADING]: Mod file /workspaces/terradirma/servidor_minecraft/libraries/net/minecraftforge/fmlcore/1.20.1-47.3.7/fmlcore-1.20.1-47.3.7.jar is missing mods.toml file
[21Dec2025 15:32:08.549] [main/DEBUG] [net.minecraftforge.fml.loading.moddiscovery.ModFileParser/LOADING]: Considering mod file candidate /workspaces/terradirma/servidor_minecraft/libraries/net/minecraftforge/javafmllanguage/1.20.1-47.3.7/javafmllanguage-1.20.1-47.3.7.jar
[21Dec2025 15:32:08.549] [main/WARN] [net.minecraftforge.fml.loading.moddiscovery.ModFileParser/LOADING]: Mod file /workspaces/terradirma/servidor_minecraft/libraries/net/minecraftforge/javafmllanguage/1.20.1-47.3.7/javafmllanguage-1.20.1-47.3.7.jar is missing mods.toml file
[21Dec2025 15:32:08.550] [main/DEBUG] [net.minecraftforge.fml.loading.moddiscovery.ModFileParser/LOADING]: Considering mod file candidate /workspaces/terradirma/servidor_minecraft/libraries/net/minecraftforge/lowcodelanguage/1.20.1-47.3.7/lowcodelanguage-1.20.1-47.3.7.jar
[21Dec2025 15:32:08.551] [main/WARN] [net.minecraftforge.fml.loading.moddiscovery.ModFileParser/LOADING]: Mod file /workspaces/terradirma/servidor_minecraft/libraries/net/minecraftforge/lowcodelanguage/1.20.1-47.3.7/lowcodelanguage-1.20.1-47.3.7.jar is missing mods.toml file
[21Dec2025 15:32:08.552] [main/DEBUG] [net.minecraftforge.fml.loading.moddiscovery.ModFileParser/LOADING]: Considering mod file candidate /workspaces/terradirma/servidor_minecraft/libraries/net/minecraftforge/mclanguage/1.20.1-47.3.7/mclanguage-1.20.1-47.3.7.jar
[21Dec2025 15:32:08.552] [main/WARN] [net.minecraftforge.fml.loading.moddiscovery.ModFileParser/LOADING]: Mod file /workspaces/terradirma/servidor_minecraft/libraries/net/minecraftforge/mclanguage/1.20.1-47.3.7/mclanguage-1.20.1-47.3.7.jar is missing mods.toml file
[21Dec2025 15:32:08.637] [main/DEBUG] [net.minecraftforge.fml.loading.moddiscovery.ModFileParser/LOADING]: Considering mod file candidate /workspaces/terradirma/servidor_minecraft/libraries/net/minecraftforge/forge/1.20.1-47.3.7/forge-1.20.1-47.3.7-universal.jar
[21Dec2025 15:32:08.638] [main/DEBUG] [net.minecraftforge.fml.loading.moddiscovery.ModFileInfo/LOADING]: Found valid mod file forge-1.20.1-47.3.7-universal.jar with {forge} mods - versions {47.3.7}
[21Dec2025 15:32:08.643] [main/DEBUG] [net.minecraftforge.fml.loading.UniqueModListBuilder/]: Found 2 mods for first modid jei, selecting most recent based on version data
[21Dec2025 15:32:08.644] [main/DEBUG] [net.minecraftforge.fml.loading.UniqueModListBuilder/]: Selected file jei-1.20.1-forge-15.20.0.127.jar for modid jei with version 15.20.0.127
[21Dec2025 15:32:08.644] [main/DEBUG] [net.minecraftforge.fml.loading.UniqueModListBuilder/]: Found 2 mods for first modid slashblade, selecting most recent based on version data
[21Dec2025 15:32:08.644] [main/DEBUG] [net.minecraftforge.fml.loading.UniqueModListBuilder/]: Selected file SlashBladeResharped-1.20.1-0.7.3.jar for modid slashblade with version 0.7.3
[21Dec2025 15:32:08.650] [main/DEBUG] [net.minecraftforge.fml.loading.moddiscovery.AbstractJarFileDependencyLocator/]: Failed to load resource META-INF/jarjar/metadata.json from TreeChop-1.20.1-forge-0.19.0-fixed.jar, it does not contain dependency information.
[21Dec2025 15:32:08.650] [main/DEBUG] [net.minecraftforge.fml.loading.moddiscovery.AbstractJarFileDependencyLocator/]: Failed to load resource META-INF/jarjar/metadata.json from easy_npc_1.20.1-4.5.1.jar, it does not contain dependency information.
[21Dec2025 15:32:08.651] [main/DEBUG] [net.minecraftforge.fml.loading.moddiscovery.AbstractJarFileDependencyLocator/]: Failed to load resource META-INF/jarjar/metadata.json from mowziesmobs-1.7.1.jar, it does not contain dependency information.
[21Dec2025 15:32:08.651] [main/DEBUG] [net.minecraftforge.fml.loading.moddiscovery.AbstractJarFileDependencyLocator/]: Failed to load resource META-INF/jarjar/metadata.json from beautify-2.0.2.jar, it does not contain dependency information.
[21Dec2025 15:32:08.651] [main/DEBUG] [net.minecraftforge.fml.loading.moddiscovery.AbstractJarFileDependencyLocator/]: Failed to load resource META-INF/jarjar/metadata.json from player-animation-lib-forge-1.0.2-rc1+1.20.jar, it does not contain dependency information.
[21Dec2025 15:32:08.651] [main/DEBUG] [net.minecraftforge.fml.loading.moddiscovery.AbstractJarFileDependencyLocator/]: Failed to load resource META-INF/jarjar/metadata.json from jei-1.20.1-forge-15.20.0.127.jar, it does not contain dependency information.
[21Dec2025 15:32:08.651] [main/DEBUG] [net.minecraftforge.fml.loading.moddiscovery.AbstractJarFileDependencyLocator/]: Failed to load resource META-INF/jarjar/metadata.json from The_Graveyard_3.1_(FORGE)_for_1.20.1.jar, it does not contain dependency information.
[21Dec2025 15:32:08.651] [main/DEBUG] [net.minecraftforge.fml.loading.moddiscovery.AbstractJarFileDependencyLocator/]: Failed to load resource META-INF/jarjar/metadata.json from SlashBladeResharped-1.20.1-0.7.3.jar, it does not contain dependency information.
[21Dec2025 15:32:08.651] [main/DEBUG] [net.minecraftforge.fml.loading.moddiscovery.AbstractJarFileDependencyLocator/]: Failed to load resource META-INF/jarjar/metadata.json from libraryferret-forge-1.20.1-4.0.0.jar, it does not contain dependency information.
[21Dec2025 15:32:08.652] [main/DEBUG] [net.minecraftforge.fml.loading.moddiscovery.AbstractJarFileDependencyLocator/]: Failed to load resource META-INF/jarjar/metadata.json from goblintraders-forge-1.20.1-1.9.3.jar, it does not contain dependency information.
[21Dec2025 15:32:08.652] [main/DEBUG] [net.minecraftforge.fml.loading.moddiscovery.AbstractJarFileDependencyLocator/]: Failed to load resource META-INF/jarjar/metadata.json from mcw-windows-2.3.0-mc1.20.1forge.jar, it does not contain dependency information.
[21Dec2025 15:32:08.652] [main/DEBUG] [net.minecraftforge.fml.loading.moddiscovery.AbstractJarFileDependencyLocator/]: Failed to load resource META-INF/jarjar/metadata.json from letsdo-furniture-forge-1.0.4.jar, it does not contain dependency information.
[21Dec2025 15:32:08.652] [main/DEBUG] [net.minecraftforge.fml.loading.moddiscovery.AbstractJarFileDependencyLocator/]: Failed to load resource META-INF/jarjar/metadata.json from caelus-forge-3.2.0+1.20.1.jar, it does not contain dependency information.
[21Dec2025 15:32:08.652] [main/DEBUG] [net.minecraftforge.fml.loading.moddiscovery.AbstractJarFileDependencyLocator/]: Failed to load resource META-INF/jarjar/metadata.json from stalwart-dungeons-1.20.1-1.2.8.jar, it does not contain dependency information.
[21Dec2025 15:32:08.652] [main/DEBUG] [net.minecraftforge.fml.loading.moddiscovery.AbstractJarFileDependencyLocator/]: Failed to load resource META-INF/jarjar/metadata.json from obscure_api-15.jar, it does not contain dependency information.
[21Dec2025 15:32:08.652] [main/DEBUG] [net.minecraftforge.fml.loading.moddiscovery.AbstractJarFileDependencyLocator/]: Failed to load resource META-INF/jarjar/metadata.json from sophisticatedcore-1.20.1-0.6.22.611.jar, it does not contain dependency information.
[21Dec2025 15:32:08.653] [main/DEBUG] [net.minecraftforge.fml.loading.moddiscovery.AbstractJarFileDependencyLocator/]: Failed to load resource META-INF/jarjar/metadata.json from waystones-forge-1.20-14.1.4.jar, it does not contain dependency information.
[21Dec2025 15:32:08.653] [main/DEBUG] [net.minecraftforge.fml.loading.moddiscovery.AbstractJarFileDependencyLocator/]: Failed to load resource META-INF/jarjar/metadata.json from journeymap-1.20.1-5.10.1-forge.jar, it does not contain dependency information.
[21Dec2025 15:32:08.653] [main/DEBUG] [net.minecraftforge.fml.loading.moddiscovery.AbstractJarFileDependencyLocator/]: Failed to load resource META-INF/jarjar/metadata.json from citadel-2.6.0-1.20.1.jar, it does not contain dependency information.
[21Dec2025 15:32:08.653] [main/DEBUG] [net.minecraftforge.fml.loading.moddiscovery.AbstractJarFileDependencyLocator/]: Failed to load resource META-INF/jarjar/metadata.json from NaturesCompass-1.20.1-1.11.2-forge.jar, it does not contain dependency information.
[21Dec2025 15:32:08.653] [main/DEBUG] [net.minecraftforge.fml.loading.moddiscovery.AbstractJarFileDependencyLocator/]: Failed to load resource META-INF/jarjar/metadata.json from YungsApi-1.20-Forge-4.0.6.jar, it does not contain dependency information.
[21Dec2025 15:32:08.653] [main/DEBUG] [net.minecraftforge.fml.loading.moddiscovery.AbstractJarFileDependencyLocator/]: Failed to load resource META-INF/jarjar/metadata.json from letsdo-bakery-forge-1.1.15.jar, it does not contain dependency information.
[21Dec2025 15:32:08.654] [main/DEBUG] [net.minecraftforge.fml.loading.moddiscovery.AbstractJarFileDependencyLocator/]: Failed to load resource META-INF/jarjar/metadata.json from call_of_yucutan-1.0.13-forge-1.20.1.jar, it does not contain dependency information.
[21Dec2025 15:32:08.654] [main/DEBUG] [net.minecraftforge.fml.loading.moddiscovery.AbstractJarFileDependencyLocator/]: Failed to load resource META-INF/jarjar/metadata.json from redeco-forge-1.12.1-1.20.jar, it does not contain dependency information.
[21Dec2025 15:32:08.654] [main/DEBUG] [net.minecraftforge.fml.loading.moddiscovery.AbstractJarFileDependencyLocator/]: Failed to load resource META-INF/jarjar/metadata.json from letsdo-vinery-forge-1.4.39.jar, it does not contain dependency information.
[21Dec2025 15:32:08.654] [main/DEBUG] [net.minecraftforge.fml.loading.moddiscovery.AbstractJarFileDependencyLocator/]: Failed to load resource META-INF/jarjar/metadata.json from sophisticatedbackpacks-1.20.1-3.20.5.1044.jar, it does not contain dependency information.
[21Dec2025 15:32:08.654] [main/DEBUG] [net.minecraftforge.fml.loading.moddiscovery.AbstractJarFileDependencyLocator/]: Failed to load resource META-INF/jarjar/metadata.json from relics-1.20.1-0.8.0.6.jar, it does not contain dependency information.
[21Dec2025 15:32:08.654] [main/DEBUG] [net.minecraftforge.fml.loading.moddiscovery.AbstractJarFileDependencyLocator/]: Failed to load resource META-INF/jarjar/metadata.json from ExplorersCompass-1.20.1-1.3.3-forge.jar, it does not contain dependency information.
[21Dec2025 15:32:08.654] [main/DEBUG] [net.minecraftforge.fml.loading.moddiscovery.AbstractJarFileDependencyLocator/]: Failed to load resource META-INF/jarjar/metadata.json from JustEnoughResources-1.20.1-1.4.0.247.jar, it does not contain dependency information.
[21Dec2025 15:32:08.655] [main/DEBUG] [net.minecraftforge.fml.loading.moddiscovery.AbstractJarFileDependencyLocator/]: Failed to load resource META-INF/jarjar/metadata.json from watut-forge-1.20.1-1.1.3.jar, it does not contain dependency information.
[21Dec2025 15:32:08.655] [main/DEBUG] [net.minecraftforge.fml.loading.moddiscovery.AbstractJarFileDependencyLocator/]: Failed to load resource META-INF/jarjar/metadata.json from cloth-config-11.1.118-forge.jar, it does not contain dependency information.
[21Dec2025 15:32:08.655] [main/DEBUG] [net.minecraftforge.fml.loading.moddiscovery.AbstractJarFileDependencyLocator/]: Failed to load resource META-INF/jarjar/metadata.json from forge-1.20.1-47.3.7-universal.jar, it does not contain dependency information.
[21Dec2025 15:32:08.655] [main/DEBUG] [net.minecraftforge.fml.loading.moddiscovery.AbstractJarFileDependencyLocator/]: Failed to load resource META-INF/jarjar/metadata.json from TravelersTitles-1.20-Forge-4.0.2.jar, it does not contain dependency information.
[21Dec2025 15:32:08.655] [main/DEBUG] [net.minecraftforge.fml.loading.moddiscovery.AbstractJarFileDependencyLocator/]: Failed to load resource META-INF/jarjar/metadata.json from SJAP_Resharpened-1.20.1-1.0.1.jar, it does not contain dependency information.
[21Dec2025 15:32:08.655] [main/DEBUG] [net.minecraftforge.fml.loading.moddiscovery.AbstractJarFileDependencyLocator/]: Failed to load resource META-INF/jarjar/metadata.json from konkrete_forge_1.8.0_MC_1.20-1.20.1.jar, it does not contain dependency information.
[21Dec2025 15:32:08.655] [main/DEBUG] [net.minecraftforge.fml.loading.moddiscovery.AbstractJarFileDependencyLocator/]: Failed to load resource META-INF/jarjar/metadata.json from server-1.20.1-20230612.114412-srg.jar, it does not contain dependency information.
[21Dec2025 15:32:08.655] [main/DEBUG] [net.minecraftforge.fml.loading.moddiscovery.AbstractJarFileDependencyLocator/]: Failed to load resource META-INF/jarjar/metadata.json from FarmersDelight-1.20.1-1.2.7.jar, it does not contain dependency information.
[21Dec2025 15:32:08.656] [main/DEBUG] [net.minecraftforge.fml.loading.moddiscovery.AbstractJarFileDependencyLocator/]: Failed to load resource META-INF/jarjar/metadata.json from vanillaplustools-1.20-1.0.jar, it does not contain dependency information.
[21Dec2025 15:32:08.656] [main/DEBUG] [net.minecraftforge.fml.loading.moddiscovery.AbstractJarFileDependencyLocator/]: Failed to load resource META-INF/jarjar/metadata.json from torchmaster-20.1.6.jar, it does not contain dependency information.
[21Dec2025 15:32:08.656] [main/DEBUG] [net.minecraftforge.fml.loading.moddiscovery.AbstractJarFileDependencyLocator/]: Failed to load resource META-INF/jarjar/metadata.json from handcrafted-forge-1.20.1-3.0.6.jar, it does not contain dependency information.
[21Dec2025 15:32:08.656] [main/DEBUG] [net.minecraftforge.fml.loading.moddiscovery.AbstractJarFileDependencyLocator/]: Failed to load resource META-INF/jarjar/metadata.json from alexscaves-2.0.2.jar, it does not contain dependency information.
[21Dec2025 15:32:08.656] [main/DEBUG] [net.minecraftforge.fml.loading.moddiscovery.AbstractJarFileDependencyLocator/]: Failed to load resource META-INF/jarjar/metadata.json from TerraBlender-forge-1.20.1-3.0.1.7.jar, it does not contain dependency information.
[21Dec2025 15:32:08.656] [main/DEBUG] [net.minecraftforge.fml.loading.moddiscovery.AbstractJarFileDependencyLocator/]: Failed to load resource META-INF/jarjar/metadata.json from Necronomicon-Forge-1.4.2.jar, it does not contain dependency information.
[21Dec2025 15:32:08.656] [main/DEBUG] [net.minecraftforge.fml.loading.moddiscovery.AbstractJarFileDependencyLocator/]: Failed to load resource META-INF/jarjar/metadata.json from BiomesOPlenty-1.20.1-18.0.0.592.jar, it does not contain dependency information.
[21Dec2025 15:32:08.656] [main/DEBUG] [net.minecraftforge.fml.loading.moddiscovery.AbstractJarFileDependencyLocator/]: Failed to load resource META-INF/jarjar/metadata.json from CreativeCore_FORGE_v2.12.32_mc1.20.1.jar, it does not contain dependency information.
[21Dec2025 15:32:08.656] [main/DEBUG] [net.minecraftforge.fml.loading.moddiscovery.AbstractJarFileDependencyLocator/]: Failed to load resource META-INF/jarjar/metadata.json from supermartijn642corelib-1.1.17-forge-mc1.20.1.jar, it does not contain dependency information.
[21Dec2025 15:32:08.656] [main/DEBUG] [net.minecraftforge.fml.loading.moddiscovery.AbstractJarFileDependencyLocator/]: Failed to load resource META-INF/jarjar/metadata.json from fairylights-7.0.0-1.20.1.jar, it does not contain dependency information.
[21Dec2025 15:32:08.656] [main/DEBUG] [net.minecraftforge.fml.loading.moddiscovery.AbstractJarFileDependencyLocator/]: Failed to load resource META-INF/jarjar/metadata.json from lionfishapi-2.4-Fix.jar, it does not contain dependency information.
[21Dec2025 15:32:08.657] [main/DEBUG] [net.minecraftforge.fml.loading.moddiscovery.AbstractJarFileDependencyLocator/]: Failed to load resource META-INF/jarjar/metadata.json from portablemobs-1.2.0-forge-mc1.20.jar, it does not contain dependency information.
[21Dec2025 15:32:08.657] [main/DEBUG] [net.minecraftforge.fml.loading.moddiscovery.AbstractJarFileDependencyLocator/]: Failed to load resource META-INF/jarjar/metadata.json from Ribbits-1.20.1-Forge-3.0.4.jar, it does not contain dependency information.
[21Dec2025 15:32:08.657] [main/DEBUG] [net.minecraftforge.fml.loading.moddiscovery.AbstractJarFileDependencyLocator/]: Failed to load resource META-INF/jarjar/metadata.json from L_Enders_Cataclysm-2.63.jar, it does not contain dependency information.
[21Dec2025 15:32:08.657] [main/DEBUG] [net.minecraftforge.fml.loading.moddiscovery.AbstractJarFileDependencyLocator/]: Failed to load resource META-INF/jarjar/metadata.json from curios-forge-5.9.1+1.20.1.jar, it does not contain dependency information.
[21Dec2025 15:32:08.657] [main/DEBUG] [net.minecraftforge.fml.loading.moddiscovery.AbstractJarFileDependencyLocator/]: Failed to load resource META-INF/jarjar/metadata.json from gravestone-forge-1.20.1-1.0.24.jar, it does not contain dependency information.
[21Dec2025 15:32:08.657] [main/DEBUG] [net.minecraftforge.fml.loading.moddiscovery.AbstractJarFileDependencyLocator/]: Failed to load resource META-INF/jarjar/metadata.json from camera-forge-1.20.1-1.0.14.jar, it does not contain dependency information.
[21Dec2025 15:32:08.657] [main/DEBUG] [net.minecraftforge.fml.loading.moddiscovery.AbstractJarFileDependencyLocator/]: Failed to load resource META-INF/jarjar/metadata.json from irons_spellbooks-1.20.1-3.4.0.8.jar, it does not contain dependency information.
[21Dec2025 15:32:08.657] [main/DEBUG] [net.minecraftforge.fml.loading.moddiscovery.AbstractJarFileDependencyLocator/]: Failed to load resource META-INF/jarjar/metadata.json from bettervillage-forge-1.20.1-3.2.0.jar, it does not contain dependency information.
[21Dec2025 15:32:08.658] [main/DEBUG] [net.minecraftforge.fml.loading.moddiscovery.AbstractJarFileDependencyLocator/]: Failed to load resource META-INF/jarjar/metadata.json from coroutil-forge-1.20.1-1.3.7.jar, it does not contain dependency information.
[21Dec2025 15:32:08.658] [main/DEBUG] [net.minecraftforge.fml.loading.moddiscovery.AbstractJarFileDependencyLocator/]: Failed to load resource META-INF/jarjar/metadata.json from fennecfox-forge-1.20.1-1.0.0.jar, it does not contain dependency information.
[21Dec2025 15:32:08.658] [main/DEBUG] [net.minecraftforge.fml.loading.moddiscovery.AbstractJarFileDependencyLocator/]: Failed to load resource META-INF/jarjar/metadata.json from architectury-9.2.14-forge.jar, it does not contain dependency information.
[21Dec2025 15:32:08.658] [main/DEBUG] [net.minecraftforge.fml.loading.moddiscovery.AbstractJarFileDependencyLocator/]: Failed to load resource META-INF/jarjar/metadata.json from appleskin-forge-mc1.20.1-2.5.1.jar, it does not contain dependency information.
[21Dec2025 15:32:08.658] [main/DEBUG] [net.minecraftforge.fml.loading.moddiscovery.AbstractJarFileDependencyLocator/]: Failed to load resource META-INF/jarjar/metadata.json from mcw-furniture-3.3.0-mc1.20.1forge.jar, it does not contain dependency information.
[21Dec2025 15:32:08.658] [main/DEBUG] [net.minecraftforge.fml.loading.moddiscovery.AbstractJarFileDependencyLocator/]: Failed to load resource META-INF/jarjar/metadata.json from Chimes-v2.0.1-1.20.1.jar, it does not contain dependency information.
[21Dec2025 15:32:08.658] [main/DEBUG] [net.minecraftforge.fml.loading.moddiscovery.AbstractJarFileDependencyLocator/]: Failed to load resource META-INF/jarjar/metadata.json from refurbished_furniture-forge-1.20.1-1.0.12.jar, it does not contain dependency information.
[21Dec2025 15:32:08.658] [main/DEBUG] [net.minecraftforge.fml.loading.moddiscovery.AbstractJarFileDependencyLocator/]: Failed to load resource META-INF/jarjar/metadata.json from justzoom_forge_1.0.2_MC_1.20.1.jar, it does not contain dependency information.
[21Dec2025 15:32:08.659] [main/DEBUG] [net.minecraftforge.fml.loading.moddiscovery.AbstractJarFileDependencyLocator/]: Failed to load resource META-INF/jarjar/metadata.json from framework-forge-1.20.1-0.7.12.jar, it does not contain dependency information.
[21Dec2025 15:32:08.659] [main/DEBUG] [net.minecraftforge.fml.loading.moddiscovery.AbstractJarFileDependencyLocator/]: Failed to load resource META-INF/jarjar/metadata.json from cosmeticarmorreworked-1.20.1-v1a.jar, it does not contain dependency information.
[21Dec2025 15:32:08.659] [main/DEBUG] [net.minecraftforge.fml.loading.moddiscovery.AbstractJarFileDependencyLocator/]: Failed to load resource META-INF/jarjar/metadata.json from aquamirae-6.API15.jar, it does not contain dependency information.
[21Dec2025 15:32:08.659] [main/DEBUG] [net.minecraftforge.fml.loading.moddiscovery.AbstractJarFileDependencyLocator/]: Failed to load resource META-INF/jarjar/metadata.json from mclanguage-1.20.1-47.3.7.jar, it does not contain dependency information.
[21Dec2025 15:32:08.659] [main/DEBUG] [net.minecraftforge.fml.loading.moddiscovery.AbstractJarFileDependencyLocator/]: Failed to load resource META-INF/jarjar/metadata.json from javafmllanguage-1.20.1-47.3.7.jar, it does not contain dependency information.
[21Dec2025 15:32:08.659] [main/DEBUG] [net.minecraftforge.fml.loading.moddiscovery.AbstractJarFileDependencyLocator/]: Failed to load resource META-INF/jarjar/metadata.json from fmlcore-1.20.1-47.3.7.jar, it does not contain dependency information.
[21Dec2025 15:32:08.659] [main/DEBUG] [net.minecraftforge.fml.loading.moddiscovery.AbstractJarFileDependencyLocator/]: Failed to load resource META-INF/jarjar/metadata.json from lowcodelanguage-1.20.1-47.3.7.jar, it does not contain dependency information.
[21Dec2025 15:32:08.825] [main/DEBUG] [net.minecraftforge.fml.loading.moddiscovery.ModFileParser/LOADING]: Considering mod file candidate 
[21Dec2025 15:32:08.825] [main/DEBUG] [net.minecraftforge.fml.loading.moddiscovery.ModFileInfo/LOADING]: Found valid mod file mixinextras-forge-0.3.5.jar with {mixinextras} mods - versions {0.3.5}
[21Dec2025 15:32:08.828] [main/DEBUG] [net.minecraftforge.fml.loading.moddiscovery.ModFileParser/LOADING]: Considering mod file candidate 
[21Dec2025 15:32:08.828] [main/DEBUG] [net.minecraftforge.fml.loading.moddiscovery.ModFileInfo/LOADING]: Found valid mod file expandability-forge-9.0.4.jar with {expandability} mods - versions {9.0.4}
[21Dec2025 15:32:08.830] [main/DEBUG] [net.minecraftforge.fml.loading.moddiscovery.ModFileParser/LOADING]: Considering mod file candidate 
[21Dec2025 15:32:08.831] [main/DEBUG] [net.minecraftforge.fml.loading.moddiscovery.ModFileInfo/LOADING]: Found valid mod file mixinextras-forge-0.3.5.jar with {mixinextras} mods - versions {0.3.5}
[21Dec2025 15:32:08.835] [main/DEBUG] [net.minecraftforge.fml.loading.moddiscovery.ModFileParser/LOADING]: Considering mod file candidate 
[21Dec2025 15:32:08.836] [main/DEBUG] [net.minecraftforge.fml.loading.moddiscovery.ModFileInfo/LOADING]: Found valid mod file playeranimator-1.0.2-rc1+1.20-forge.jar with {playeranimator} mods - versions {1.0.2-rc1+1.20}
[21Dec2025 15:32:08.838] [main/DEBUG] [net.minecraftforge.fml.loading.moddiscovery.ModFileParser/LOADING]: Considering mod file candidate 
[21Dec2025 15:32:08.839] [main/DEBUG] [net.minecraftforge.fml.loading.moddiscovery.ModFileInfo/LOADING]: Found valid mod file mixinextras-forge-0.3.5.jar with {mixinextras} mods - versions {0.3.5}
[21Dec2025 15:32:08.863] [main/DEBUG] [net.minecraftforge.fml.loading.moddiscovery.ModFileParser/LOADING]: Considering mod file candidate 
[21Dec2025 15:32:08.864] [main/DEBUG] [net.minecraftforge.fml.loading.moddiscovery.ModFileInfo/LOADING]: Found valid mod file athena-forge-1.20.1-3.1.1.jar with {athena} mods - versions {3.1.1}
[21Dec2025 15:32:08.865] [main/DEBUG] [net.minecraftforge.fml.loading.moddiscovery.ModFileParser/LOADING]: Considering mod file candidate 
[21Dec2025 15:32:08.866] [main/DEBUG] [net.minecraftforge.fml.loading.moddiscovery.ModFileInfo/LOADING]: Found valid mod file mixinextras-forge-0.4.1.jar with {mixinextras} mods - versions {0.4.1}
[21Dec2025 15:32:08.867] [main/DEBUG] [net.minecraftforge.fml.loading.moddiscovery.ModFileParser/LOADING]: Considering mod file candidate 
[21Dec2025 15:32:08.868] [main/DEBUG] [net.minecraftforge.fml.loading.moddiscovery.ModFileInfo/LOADING]: Found valid mod file kuma-api-forge-20.1.8+1.20.1.jar with {kuma_api} mods - versions {20.1.8}
[21Dec2025 15:32:08.868] [main/DEBUG] [net.minecraftforge.fml.loading.moddiscovery.AbstractJarFileDependencyLocator/]: Failed to load resource META-INF/jarjar/metadata.json from jankson-1.2.1.jar, it does not contain dependency information.
[21Dec2025 15:32:08.882] [main/DEBUG] [net.minecraftforge.fml.loading.moddiscovery.AbstractJarFileDependencyLocator/]: Failed to load resource META-INF/jarjar/metadata.json from playeranimator-1.0.2-rc1+1.20-forge.jar, it does not contain dependency information.
[21Dec2025 15:32:08.888] [main/DEBUG] [net.minecraftforge.fml.loading.moddiscovery.AbstractJarFileDependencyLocator/]: Failed to load resource META-INF/jarjar/metadata.json from mclib-20.jar, it does not contain dependency information.
[21Dec2025 15:32:08.888] [main/DEBUG] [net.minecraftforge.fml.loading.moddiscovery.AbstractJarFileDependencyLocator/]: Failed to load resource META-INF/jarjar/metadata.json from snakeyaml-2.2.jar, it does not contain dependency information.
[21Dec2025 15:32:08.888] [main/DEBUG] [net.minecraftforge.fml.loading.moddiscovery.AbstractJarFileDependencyLocator/]: Failed to load resource META-INF/jarjar/metadata.json from yabn-1.0.3.jar, it does not contain dependency information.
[21Dec2025 15:32:08.889] [main/DEBUG] [net.minecraftforge.fml.loading.moddiscovery.AbstractJarFileDependencyLocator/]: Failed to load resource META-INF/jarjar/metadata.json from bytecodecs-1.0.2.jar, it does not contain dependency information.
[21Dec2025 15:32:08.889] [main/DEBUG] [net.minecraftforge.fml.loading.moddiscovery.AbstractJarFileDependencyLocator/]: Failed to load resource META-INF/jarjar/metadata.json from athena-forge-1.20.1-3.1.1.jar, it does not contain dependency information.
[21Dec2025 15:32:08.896] [main/DEBUG] [net.minecraftforge.fml.loading.moddiscovery.AbstractJarFileDependencyLocator/]: Failed to load resource META-INF/jarjar/metadata.json from kuma-api-forge-20.1.8+1.20.1.jar, it does not contain dependency information.
[21Dec2025 15:32:08.896] [main/DEBUG] [net.minecraftforge.fml.loading.moddiscovery.AbstractJarFileDependencyLocator/]: Failed to load resource META-INF/jarjar/metadata.json from MixinExtras-0.3.5.jar, it does not contain dependency information.
[21Dec2025 15:32:08.897] [main/DEBUG] [net.minecraftforge.fml.loading.moddiscovery.AbstractJarFileDependencyLocator/]: Failed to load resource META-INF/jarjar/metadata.json from MixinExtras-0.1.1.jar, it does not contain dependency information.
[21Dec2025 15:32:08.897] [main/DEBUG] [net.minecraftforge.fml.loading.moddiscovery.AbstractJarFileDependencyLocator/]: Failed to load resource META-INF/jarjar/metadata.json from MixinExtras-0.3.5.jar, it does not contain dependency information.
[21Dec2025 15:32:08.897] [main/DEBUG] [net.minecraftforge.fml.loading.moddiscovery.AbstractJarFileDependencyLocator/]: Failed to load resource META-INF/jarjar/metadata.json from MixinExtras-0.3.5.jar, it does not contain dependency information.
[21Dec2025 15:32:08.897] [main/DEBUG] [net.minecraftforge.fml.loading.moddiscovery.AbstractJarFileDependencyLocator/]: Failed to load resource META-INF/jarjar/metadata.json from MixinExtras-0.4.1.jar, it does not contain dependency information.
[21Dec2025 15:32:08.925] [main/DEBUG] [net.minecraftforge.fml.loading.moddiscovery.ModFileParser/LOADING]: Considering mod file candidate 
[21Dec2025 15:32:08.926] [main/DEBUG] [net.minecraftforge.fml.loading.moddiscovery.ModFileInfo/LOADING]: Found valid mod file kuma-api-forge-20.1.8+1.20.1.jar with {kuma_api} mods - versions {20.1.8}
[21Dec2025 15:32:08.929] [main/DEBUG] [net.minecraftforge.fml.loading.moddiscovery.ModFileParser/LOADING]: Considering mod file candidate 
[21Dec2025 15:32:08.929] [main/DEBUG] [net.minecraftforge.fml.loading.moddiscovery.ModFileInfo/LOADING]: Found valid mod file playeranimator-1.0.2-rc1+1.20-forge.jar with {playeranimator} mods - versions {1.0.2-rc1+1.20}
[21Dec2025 15:32:08.937] [main/DEBUG] [net.minecraftforge.fml.loading.moddiscovery.ModFileParser/LOADING]: Considering mod file candidate 
[21Dec2025 15:32:08.938] [main/DEBUG] [net.minecraftforge.fml.loading.moddiscovery.ModFileInfo/LOADING]: Found valid mod file athena-forge-1.20.1-3.1.1.jar with {athena} mods - versions {3.1.1}
[21Dec2025 15:32:08.939] [main/DEBUG] [net.minecraftforge.fml.loading.moddiscovery.ModFileParser/LOADING]: Considering mod file candidate 
[21Dec2025 15:32:08.939] [main/DEBUG] [net.minecraftforge.fml.loading.moddiscovery.ModFileInfo/LOADING]: Found valid mod file expandability-forge-9.0.4.jar with {expandability} mods - versions {9.0.4}
[21Dec2025 15:32:08.949] [main/DEBUG] [net.minecraftforge.fml.loading.moddiscovery.ModFileParser/LOADING]: Considering mod file candidate 
[21Dec2025 15:32:08.949] [main/DEBUG] [net.minecraftforge.fml.loading.moddiscovery.ModFileInfo/LOADING]: Found valid mod file mixinextras-forge-0.4.1.jar with {mixinextras} mods - versions {0.4.1}
[21Dec2025 15:32:08.958] [main/WARN] [net.minecraftforge.jarjar.selection.JarSelector/]: Attempted to select a dependency jar for JarJar which was passed in as source: playeranimator. Using Mod File: /workspaces/terradirma/servidor_minecraft/mods/player-animation-lib-forge-1.0.2-rc1+1.20.jar
[21Dec2025 15:32:08.959] [main/INFO] [net.minecraftforge.fml.loading.moddiscovery.JarInJarDependencyLocator/]: Found 10 dependencies adding them to mods collection
[21Dec2025 15:32:08.961] [main/DEBUG] [net.minecraftforge.fml.loading.moddiscovery.ModFileParser/LOADING]: Considering mod file candidate /workspaces/terradirma/servidor_minecraft/mods/easy_npc_1.20.1-4.5.1.jar
[21Dec2025 15:32:08.962] [main/DEBUG] [net.minecraftforge.fml.loading.moddiscovery.ModFileInfo/LOADING]: Found valid mod file easy_npc_1.20.1-4.5.1.jar with {easy_npc} mods - versions {4.5.1}
[21Dec2025 15:32:08.966] [main/DEBUG] [net.minecraftforge.fml.loading.moddiscovery.ModFile/LOADING]: Loading mod file /workspaces/terradirma/servidor_minecraft/mods/easy_npc_1.20.1-4.5.1.jar with languages [LanguageSpec[languageName=javafml, acceptedVersions=[47,)]]
[21Dec2025 15:32:08.967] [main/DEBUG] [net.minecraftforge.fml.loading.moddiscovery.ModFileParser/LOADING]: Considering mod file candidate /workspaces/terradirma/servidor_minecraft/mods/TreeChop-1.20.1-forge-0.19.0-fixed.jar
[21Dec2025 15:32:08.967] [main/DEBUG] [net.minecraftforge.fml.loading.moddiscovery.ModFileInfo/LOADING]: Found valid mod file TreeChop-1.20.1-forge-0.19.0-fixed.jar with {treechop} mods - versions {0.19.0}
[21Dec2025 15:32:08.968] [main/DEBUG] [net.minecraftforge.fml.loading.moddiscovery.ModFile/LOADING]: Loading mod file /workspaces/terradirma/servidor_minecraft/mods/TreeChop-1.20.1-forge-0.19.0-fixed.jar with languages [LanguageSpec[languageName=javafml, acceptedVersions=[32,)]]
[21Dec2025 15:32:08.968] [main/DEBUG] [net.minecraftforge.fml.loading.moddiscovery.ModFileParser/LOADING]: Considering mod file candidate 
[21Dec2025 15:32:08.968] [main/DEBUG] [net.minecraftforge.fml.loading.moddiscovery.ModFileInfo/LOADING]: Found valid mod file kuma-api-forge-20.1.8+1.20.1.jar with {kuma_api} mods - versions {20.1.8}
[21Dec2025 15:32:08.968] [main/DEBUG] [net.minecraftforge.fml.loading.moddiscovery.ModFile/LOADING]: Loading mod file  with languages [LanguageSpec[languageName=javafml, acceptedVersions=[47,)]]
[21Dec2025 15:32:08.968] [main/DEBUG] [net.minecraftforge.fml.loading.moddiscovery.ModFileParser/LOADING]: Considering mod file candidate /workspaces/terradirma/servidor_minecraft/mods/mowziesmobs-1.7.1.jar
[21Dec2025 15:32:08.969] [main/DEBUG] [net.minecraftforge.fml.loading.moddiscovery.ModFileInfo/LOADING]: Found valid mod file mowziesmobs-1.7.1.jar with {mowziesmobs} mods - versions {1.7.1}
[21Dec2025 15:32:08.969] [main/DEBUG] [net.minecraftforge.fml.loading.moddiscovery.ModFile/LOADING]: Loading mod file /workspaces/terradirma/servidor_minecraft/mods/mowziesmobs-1.7.1.jar with languages [LanguageSpec[languageName=javafml, acceptedVersions=[43,)]]
[21Dec2025 15:32:08.969] [main/DEBUG] [net.minecraftforge.fml.loading.moddiscovery.ModFileParser/LOADING]: Considering mod file candidate /workspaces/terradirma/servidor_minecraft/mods/Animation_Overhaul-forge-1.20.x-1.3.1.jar
[21Dec2025 15:32:08.970] [main/DEBUG] [net.minecraftforge.fml.loading.moddiscovery.ModFileInfo/LOADING]: Found valid mod file Animation_Overhaul-forge-1.20.x-1.3.1.jar with {animation_overhaul} mods - versions {1.3.1}
[21Dec2025 15:32:08.970] [main/DEBUG] [net.minecraftforge.fml.loading.moddiscovery.ModFile/LOADING]: Loading mod file /workspaces/terradirma/servidor_minecraft/mods/Animation_Overhaul-forge-1.20.x-1.3.1.jar with languages [LanguageSpec[languageName=javafml, acceptedVersions=[37,)]]
[21Dec2025 15:32:08.970] [main/DEBUG] [net.minecraftforge.fml.loading.moddiscovery.ModFileParser/LOADING]: Considering mod file candidate /workspaces/terradirma/servidor_minecraft/mods/beautify-2.0.2.jar
[21Dec2025 15:32:08.971] [main/DEBUG] [net.minecraftforge.fml.loading.moddiscovery.ModFileInfo/LOADING]: Found valid mod file beautify-2.0.2.jar with {beautify} mods - versions {2.0.2}
[21Dec2025 15:32:08.971] [main/DEBUG] [net.minecraftforge.fml.loading.moddiscovery.ModFile/LOADING]: Loading mod file /workspaces/terradirma/servidor_minecraft/mods/beautify-2.0.2.jar with languages [LanguageSpec[languageName=javafml, acceptedVersions=[40,)]]
[21Dec2025 15:32:08.971] [main/DEBUG] [net.minecraftforge.fml.loading.moddiscovery.ModFileParser/LOADING]: Considering mod file candidate /workspaces/terradirma/servidor_minecraft/mods/geckolib-forge-1.20.1-4.4.7.jar
[21Dec2025 15:32:08.971] [main/DEBUG] [net.minecraftforge.fml.loading.moddiscovery.ModFileInfo/LOADING]: Found valid mod file geckolib-forge-1.20.1-4.4.7.jar with {geckolib} mods - versions {4.4.7}
[21Dec2025 15:32:08.971] [main/DEBUG] [net.minecraftforge.fml.loading.moddiscovery.ModFile/LOADING]: Loading mod file /workspaces/terradirma/servidor_minecraft/mods/geckolib-forge-1.20.1-4.4.7.jar with languages [LanguageSpec[languageName=javafml, acceptedVersions=[47,)]]
[21Dec2025 15:32:08.972] [main/DEBUG] [net.minecraftforge.fml.loading.moddiscovery.ModFileParser/LOADING]: Considering mod file candidate /workspaces/terradirma/servidor_minecraft/mods/OctoLib-FORGE-0.4.2+1.20.1.jar
[21Dec2025 15:32:08.972] [main/DEBUG] [net.minecraftforge.fml.loading.moddiscovery.ModFileInfo/LOADING]: Found valid mod file OctoLib-FORGE-0.4.2+1.20.1.jar with {octolib} mods - versions {0.4.2}
[21Dec2025 15:32:08.972] [main/DEBUG] [net.minecraftforge.fml.loading.moddiscovery.ModFile/LOADING]: Loading mod file /workspaces/terradirma/servidor_minecraft/mods/OctoLib-FORGE-0.4.2+1.20.1.jar with languages [LanguageSpec[languageName=javafml, acceptedVersions=[47,)]]
[21Dec2025 15:32:08.972] [main/DEBUG] [net.minecraftforge.fml.loading.moddiscovery.ModFileParser/LOADING]: Considering mod file candidate /workspaces/terradirma/servidor_minecraft/mods/player-animation-lib-forge-1.0.2-rc1+1.20.jar
[21Dec2025 15:32:08.973] [main/DEBUG] [net.minecraftforge.fml.loading.moddiscovery.ModFileInfo/LOADING]: Found valid mod file player-animation-lib-forge-1.0.2-rc1+1.20.jar with {playeranimator} mods - versions {1.0.2-rc1+1.20}
[21Dec2025 15:32:08.973] [main/DEBUG] [net.minecraftforge.fml.loading.moddiscovery.ModFile/LOADING]: Loading mod file /workspaces/terradirma/servidor_minecraft/mods/player-animation-lib-forge-1.0.2-rc1+1.20.jar with languages [LanguageSpec[languageName=javafml, acceptedVersions=[46.0.0,)]]
[21Dec2025 15:32:08.973] [main/DEBUG] [net.minecraftforge.fml.loading.moddiscovery.ModFileParser/LOADING]: Considering mod file candidate /workspaces/terradirma/servidor_minecraft/mods/jei-1.20.1-forge-15.20.0.127.jar
[21Dec2025 15:32:08.974] [main/DEBUG] [net.minecraftforge.fml.loading.moddiscovery.ModFileInfo/LOADING]: Found valid mod file jei-1.20.1-forge-15.20.0.127.jar with {jei} mods - versions {15.20.0.127}
[21Dec2025 15:32:08.974] [main/DEBUG] [net.minecraftforge.fml.loading.moddiscovery.ModFile/LOADING]: Loading mod file /workspaces/terradirma/servidor_minecraft/mods/jei-1.20.1-forge-15.20.0.127.jar with languages [LanguageSpec[languageName=javafml, acceptedVersions=[47,)]]
[21Dec2025 15:32:08.974] [main/DEBUG] [net.minecraftforge.fml.loading.moddiscovery.ModFileParser/LOADING]: Considering mod file candidate /workspaces/terradirma/servidor_minecraft/mods/SlashBladeResharped-1.20.1-0.7.3.jar
[21Dec2025 15:32:08.974] [main/DEBUG] [net.minecraftforge.fml.loading.moddiscovery.ModFileInfo/LOADING]: Found valid mod file SlashBladeResharped-1.20.1-0.7.3.jar with {slashblade} mods - versions {0.7.3}
[21Dec2025 15:32:08.975] [main/DEBUG] [net.minecraftforge.fml.loading.moddiscovery.ModFile/LOADING]: Loading mod file /workspaces/terradirma/servidor_minecraft/mods/SlashBladeResharped-1.20.1-0.7.3.jar with languages [LanguageSpec[languageName=javafml, acceptedVersions=[47,)]]
[21Dec2025 15:32:08.975] [main/DEBUG] [net.minecraftforge.fml.loading.moddiscovery.ModFileParser/LOADING]: Considering mod file candidate /workspaces/terradirma/servidor_minecraft/mods/The_Graveyard_3.1_(FORGE)_for_1.20.1.jar
[21Dec2025 15:32:08.975] [main/DEBUG] [net.minecraftforge.fml.loading.moddiscovery.ModFileInfo/LOADING]: Found valid mod file The_Graveyard_3.1_(FORGE)_for_1.20.1.jar with {graveyard} mods - versions {3.1}
[21Dec2025 15:32:08.975] [main/DEBUG] [net.minecraftforge.fml.loading.moddiscovery.ModFile/LOADING]: Loading mod file /workspaces/terradirma/servidor_minecraft/mods/The_Graveyard_3.1_(FORGE)_for_1.20.1.jar with languages [LanguageSpec[languageName=javafml, acceptedVersions=[37,)]]
[21Dec2025 15:32:08.975] [main/DEBUG] [net.minecraftforge.fml.loading.moddiscovery.ModFileParser/LOADING]: Considering mod file candidate /workspaces/terradirma/servidor_minecraft/mods/goblintraders-forge-1.20.1-1.9.3.jar
[21Dec2025 15:32:08.976] [main/DEBUG] [net.minecraftforge.fml.loading.moddiscovery.ModFileInfo/LOADING]: Found valid mod file goblintraders-forge-1.20.1-1.9.3.jar with {goblintraders} mods - versions {1.9.3}
[21Dec2025 15:32:08.976] [main/DEBUG] [net.minecraftforge.fml.loading.moddiscovery.ModFile/LOADING]: Loading mod file /workspaces/terradirma/servidor_minecraft/mods/goblintraders-forge-1.20.1-1.9.3.jar with languages [LanguageSpec[languageName=javafml, acceptedVersions=[39,)]]
[21Dec2025 15:32:08.976] [main/DEBUG] [net.minecraftforge.fml.loading.moddiscovery.ModFileParser/LOADING]: Considering mod file candidate /workspaces/terradirma/servidor_minecraft/mods/libraryferret-forge-1.20.1-4.0.0.jar
[21Dec2025 15:32:08.976] [main/DEBUG] [net.minecraftforge.fml.loading.moddiscovery.ModFileInfo/LOADING]: Found valid mod file libraryferret-forge-1.20.1-4.0.0.jar with {libraryferret} mods - versions {4.0.0}
[21Dec2025 15:32:08.977] [main/DEBUG] [net.minecraftforge.fml.loading.moddiscovery.ModFile/LOADING]: Loading mod file /workspaces/terradirma/servidor_minecraft/mods/libraryferret-forge-1.20.1-4.0.0.jar with languages [LanguageSpec[languageName=javafml, acceptedVersions=[47,)]]
[21Dec2025 15:32:08.977] [main/DEBUG] [net.minecraftforge.fml.loading.moddiscovery.ModFileParser/LOADING]: Considering mod file candidate /workspaces/terradirma/servidor_minecraft/mods/caelus-forge-3.2.0+1.20.1.jar
[21Dec2025 15:32:08.977] [main/DEBUG] [net.minecraftforge.fml.loading.moddiscovery.ModFileInfo/LOADING]: Found valid mod file caelus-forge-3.2.0+1.20.1.jar with {caelus} mods - versions {3.2.0+1.20.1}
[21Dec2025 15:32:08.977] [main/DEBUG] [net.minecraftforge.fml.loading.moddiscovery.ModFile/LOADING]: Loading mod file /workspaces/terradirma/servidor_minecraft/mods/caelus-forge-3.2.0+1.20.1.jar with languages [LanguageSpec[languageName=javafml, acceptedVersions=[46,)]]
[21Dec2025 15:32:08.977] [main/DEBUG] [net.minecraftforge.fml.loading.moddiscovery.ModFileParser/LOADING]: Considering mod file candidate /workspaces/terradirma/servidor_minecraft/mods/letsdo-furniture-forge-1.0.4.jar
[21Dec2025 15:32:08.978] [main/DEBUG] [net.minecraftforge.fml.loading.moddiscovery.ModFileInfo/LOADING]: Found valid mod file letsdo-furniture-forge-1.0.4.jar with {furniture} mods - versions {1.0.4}
[21Dec2025 15:32:08.978] [main/DEBUG] [net.minecraftforge.fml.loading.moddiscovery.ModFile/LOADING]: Loading mod file /workspaces/terradirma/servidor_minecraft/mods/letsdo-furniture-forge-1.0.4.jar with languages [LanguageSpec[languageName=javafml, acceptedVersions=[43,)]]
[21Dec2025 15:32:08.978] [main/DEBUG] [net.minecraftforge.fml.loading.moddiscovery.ModFileParser/LOADING]: Considering mod file candidate /workspaces/terradirma/servidor_minecraft/mods/mcw-windows-2.3.0-mc1.20.1forge.jar
[21Dec2025 15:32:08.978] [main/DEBUG] [net.minecraftforge.fml.loading.moddiscovery.ModFileInfo/LOADING]: Found valid mod file mcw-windows-2.3.0-mc1.20.1forge.jar with {mcwwindows} mods - versions {2.3.0}
[21Dec2025 15:32:08.979] [main/DEBUG] [net.minecraftforge.fml.loading.moddiscovery.ModFile/LOADING]: Loading mod file /workspaces/terradirma/servidor_minecraft/mods/mcw-windows-2.3.0-mc1.20.1forge.jar with languages [LanguageSpec[languageName=javafml, acceptedVersions=[28,)]]
[21Dec2025 15:32:08.979] [main/DEBUG] [net.minecraftforge.fml.loading.moddiscovery.ModFileParser/LOADING]: Considering mod file candidate /workspaces/terradirma/servidor_minecraft/mods/obscure_api-15.jar
[21Dec2025 15:32:08.979] [main/DEBUG] [net.minecraftforge.fml.loading.moddiscovery.ModFileInfo/LOADING]: Found valid mod file obscure_api-15.jar with {obscure_api} mods - versions {15}
[21Dec2025 15:32:08.979] [main/DEBUG] [net.minecraftforge.fml.loading.moddiscovery.ModFile/LOADING]: Loading mod file /workspaces/terradirma/servidor_minecraft/mods/obscure_api-15.jar with languages [LanguageSpec[languageName=javafml, acceptedVersions=[47,)]]
[21Dec2025 15:32:08.979] [main/DEBUG] [net.minecraftforge.fml.loading.moddiscovery.ModFileParser/LOADING]: Considering mod file candidate /workspaces/terradirma/servidor_minecraft/mods/stalwart-dungeons-1.20.1-1.2.8.jar
[21Dec2025 15:32:08.980] [main/DEBUG] [net.minecraftforge.fml.loading.moddiscovery.ModFileInfo/LOADING]: Found valid mod file stalwart-dungeons-1.20.1-1.2.8.jar with {stalwart_dungeons} mods - versions {1.2.8}
[21Dec2025 15:32:08.980] [main/DEBUG] [net.minecraftforge.fml.loading.moddiscovery.ModFile/LOADING]: Loading mod file /workspaces/terradirma/servidor_minecraft/mods/stalwart-dungeons-1.20.1-1.2.8.jar with languages [LanguageSpec[languageName=javafml, acceptedVersions=[47,)]]
[21Dec2025 15:32:08.980] [main/DEBUG] [net.minecraftforge.fml.loading.moddiscovery.ModFileParser/LOADING]: Considering mod file candidate /workspaces/terradirma/servidor_minecraft/mods/sophisticatedcore-1.20.1-0.6.22.611.jar
[21Dec2025 15:32:08.980] [main/DEBUG] [net.minecraftforge.fml.loading.moddiscovery.ModFileInfo/LOADING]: Found valid mod file sophisticatedcore-1.20.1-0.6.22.611.jar with {sophisticatedcore} mods - versions {0.6.22.611}
[21Dec2025 15:32:08.981] [main/DEBUG] [net.minecraftforge.fml.loading.moddiscovery.ModFile/LOADING]: Loading mod file /workspaces/terradirma/servidor_minecraft/mods/sophisticatedcore-1.20.1-0.6.22.611.jar with languages [LanguageSpec[languageName=javafml, acceptedVersions=[47,)]]
[21Dec2025 15:32:08.981] [main/DEBUG] [net.minecraftforge.fml.loading.moddiscovery.ModFileParser/LOADING]: Considering mod file candidate /workspaces/terradirma/servidor_minecraft/mods/letsdo-API-forge-1.2.15-forge.jar
[21Dec2025 15:32:08.981] [main/DEBUG] [net.minecraftforge.fml.loading.moddiscovery.ModFileInfo/LOADING]: Found valid mod file letsdo-API-forge-1.2.15-forge.jar with {doapi,terraform} mods - versions {1.2.15,7.0.1}
[21Dec2025 15:32:08.981] [main/DEBUG] [net.minecraftforge.fml.loading.moddiscovery.ModFile/LOADING]: Loading mod file /workspaces/terradirma/servidor_minecraft/mods/letsdo-API-forge-1.2.15-forge.jar with languages [LanguageSpec[languageName=javafml, acceptedVersions=[47,)]]
[21Dec2025 15:32:08.981] [main/DEBUG] [net.minecraftforge.fml.loading.moddiscovery.ModFileParser/LOADING]: Considering mod file candidate /workspaces/terradirma/servidor_minecraft/mods/waystones-forge-1.20-14.1.4.jar
[21Dec2025 15:32:08.982] [main/DEBUG] [net.minecraftforge.fml.loading.moddiscovery.ModFileInfo/LOADING]: Found valid mod file waystones-forge-1.20-14.1.4.jar with {waystones} mods - versions {14.1.4}
[21Dec2025 15:32:08.982] [main/DEBUG] [net.minecraftforge.fml.loading.moddiscovery.ModFile/LOADING]: Loading mod file /workspaces/terradirma/servidor_minecraft/mods/waystones-forge-1.20-14.1.4.jar with languages [LanguageSpec[languageName=javafml, acceptedVersions=[46,)]]
[21Dec2025 15:32:08.982] [main/DEBUG] [net.minecraftforge.fml.loading.moddiscovery.ModFileParser/LOADING]: Considering mod file candidate /workspaces/terradirma/servidor_minecraft/mods/journeymap-1.20.1-5.10.1-forge.jar
[21Dec2025 15:32:08.982] [main/DEBUG] [net.minecraftforge.fml.loading.moddiscovery.ModFileInfo/LOADING]: Found valid mod file journeymap-1.20.1-5.10.1-forge.jar with {journeymap} mods - versions {5.10.1}
[21Dec2025 15:32:08.983] [main/DEBUG] [net.minecraftforge.fml.loading.moddiscovery.ModFile/LOADING]: Loading mod file /workspaces/terradirma/servidor_minecraft/mods/journeymap-1.20.1-5.10.1-forge.jar with languages [LanguageSpec[languageName=javafml, acceptedVersions=[44,)]]
[21Dec2025 15:32:08.985] [main/DEBUG] [net.minecraftforge.fml.loading.moddiscovery.ModFileParser/LOADING]: Found coremod journeymap potion effect transformer with Javascript path potion-effects-shift.js
[21Dec2025 15:32:08.985] [main/DEBUG] [net.minecraftforge.fml.loading.moddiscovery.ModFile/LOADING]: Found coremod potion-effects-shift.js
[21Dec2025 15:32:08.985] [main/DEBUG] [net.minecraftforge.fml.loading.moddiscovery.ModFileParser/LOADING]: Considering mod file candidate /workspaces/terradirma/servidor_minecraft/mods/citadel-2.6.0-1.20.1.jar
[21Dec2025 15:32:08.985] [main/DEBUG] [net.minecraftforge.fml.loading.moddiscovery.ModFileInfo/LOADING]: Found valid mod file citadel-2.6.0-1.20.1.jar with {citadel} mods - versions {2.6.0}
[21Dec2025 15:32:08.986] [main/DEBUG] [net.minecraftforge.fml.loading.moddiscovery.ModFile/LOADING]: Loading mod file /workspaces/terradirma/servidor_minecraft/mods/citadel-2.6.0-1.20.1.jar with languages [LanguageSpec[languageName=javafml, acceptedVersions=[47,)]]
[21Dec2025 15:32:08.986] [main/DEBUG] [net.minecraftforge.fml.loading.moddiscovery.ModFileParser/LOADING]: Considering mod file candidate /workspaces/terradirma/servidor_minecraft/mods/artifacts-forge-9.5.15.jar
[21Dec2025 15:32:08.986] [main/DEBUG] [net.minecraftforge.fml.loading.moddiscovery.ModFileInfo/LOADING]: Found valid mod file artifacts-forge-9.5.15.jar with {artifacts} mods - versions {9.5.15}
[21Dec2025 15:32:08.986] [main/DEBUG] [net.minecraftforge.fml.loading.moddiscovery.ModFile/LOADING]: Loading mod file /workspaces/terradirma/servidor_minecraft/mods/artifacts-forge-9.5.15.jar with languages [LanguageSpec[languageName=javafml, acceptedVersions=[47,)]]
[21Dec2025 15:32:08.986] [main/DEBUG] [net.minecraftforge.fml.loading.moddiscovery.ModFileParser/LOADING]: Considering mod file candidate /workspaces/terradirma/servidor_minecraft/mods/NaturesCompass-1.20.1-1.11.2-forge.jar
[21Dec2025 15:32:08.987] [main/DEBUG] [net.minecraftforge.fml.loading.moddiscovery.ModFileInfo/LOADING]: Found valid mod file NaturesCompass-1.20.1-1.11.2-forge.jar with {naturescompass} mods - versions {1.20.1-1.11.2-forge}
[21Dec2025 15:32:08.987] [main/DEBUG] [net.minecraftforge.fml.loading.moddiscovery.ModFile/LOADING]: Loading mod file /workspaces/terradirma/servidor_minecraft/mods/NaturesCompass-1.20.1-1.11.2-forge.jar with languages [LanguageSpec[languageName=javafml, acceptedVersions=[47,)]]
[21Dec2025 15:32:08.987] [main/DEBUG] [net.minecraftforge.fml.loading.moddiscovery.ModFileParser/LOADING]: Considering mod file candidate /workspaces/terradirma/servidor_minecraft/mods/YungsApi-1.20-Forge-4.0.6.jar
[21Dec2025 15:32:08.987] [main/DEBUG] [net.minecraftforge.fml.loading.moddiscovery.ModFileInfo/LOADING]: Found valid mod file YungsApi-1.20-Forge-4.0.6.jar with {yungsapi} mods - versions {1.20-Forge-4.0.6}
[21Dec2025 15:32:08.987] [main/DEBUG] [net.minecraftforge.fml.loading.moddiscovery.ModFile/LOADING]: Loading mod file /workspaces/terradirma/servidor_minecraft/mods/YungsApi-1.20-Forge-4.0.6.jar with languages [LanguageSpec[languageName=javafml, acceptedVersions=[46,)]]
[21Dec2025 15:32:08.988] [main/DEBUG] [net.minecraftforge.fml.loading.moddiscovery.ModFileParser/LOADING]: Considering mod file candidate /workspaces/terradirma/servidor_minecraft/mods/letsdo-bakery-forge-1.1.15.jar
[21Dec2025 15:32:08.988] [main/DEBUG] [net.minecraftforge.fml.loading.moddiscovery.ModFileInfo/LOADING]: Found valid mod file letsdo-bakery-forge-1.1.15.jar with {bakery} mods - versions {1.1.15}
[21Dec2025 15:32:08.988] [main/DEBUG] [net.minecraftforge.fml.loading.moddiscovery.ModFile/LOADING]: Loading mod file /workspaces/terradirma/servidor_minecraft/mods/letsdo-bakery-forge-1.1.15.jar with languages [LanguageSpec[languageName=javafml, acceptedVersions=[46,)]]
[21Dec2025 15:32:08.988] [main/DEBUG] [net.minecraftforge.fml.loading.moddiscovery.ModFileParser/LOADING]: Considering mod file candidate /workspaces/terradirma/servidor_minecraft/mods/call_of_yucutan-1.0.13-forge-1.20.1.jar
[21Dec2025 15:32:08.989] [main/DEBUG] [net.minecraftforge.fml.loading.moddiscovery.ModFileInfo/LOADING]: Found valid mod file call_of_yucutan-1.0.13-forge-1.20.1.jar with {call_of_yucutan} mods - versions {1.0.13}
[21Dec2025 15:32:08.989] [main/DEBUG] [net.minecraftforge.fml.loading.moddiscovery.ModFile/LOADING]: Loading mod file /workspaces/terradirma/servidor_minecraft/mods/call_of_yucutan-1.0.13-forge-1.20.1.jar with languages [LanguageSpec[languageName=javafml, acceptedVersions=[47,)]]
[21Dec2025 15:32:08.989] [main/DEBUG] [net.minecraftforge.fml.loading.moddiscovery.ModFileParser/LOADING]: Considering mod file candidate /workspaces/terradirma/servidor_minecraft/mods/letsdo-vinery-forge-1.4.39.jar
[21Dec2025 15:32:08.989] [main/DEBUG] [net.minecraftforge.fml.loading.moddiscovery.ModFileInfo/LOADING]: Found valid mod file letsdo-vinery-forge-1.4.39.jar with {vinery} mods - versions {1.4.39}
[21Dec2025 15:32:08.989] [main/DEBUG] [net.minecraftforge.fml.loading.moddiscovery.ModFile/LOADING]: Loading mod file /workspaces/terradirma/servidor_minecraft/mods/letsdo-vinery-forge-1.4.39.jar with languages [LanguageSpec[languageName=javafml, acceptedVersions=[47,)]]
[21Dec2025 15:32:08.989] [main/DEBUG] [net.minecraftforge.fml.loading.moddiscovery.ModFileParser/LOADING]: Considering mod file candidate /workspaces/terradirma/servidor_minecraft/mods/redeco-forge-1.12.1-1.20.jar
[21Dec2025 15:32:08.990] [main/DEBUG] [net.minecraftforge.fml.loading.moddiscovery.ModFileInfo/LOADING]: Found valid mod file redeco-forge-1.12.1-1.20.jar with {redeco} mods - versions {1.12.1}
[21Dec2025 15:32:08.990] [main/DEBUG] [net.minecraftforge.fml.loading.moddiscovery.ModFile/LOADING]: Loading mod file /workspaces/terradirma/servidor_minecraft/mods/redeco-forge-1.12.1-1.20.jar with languages [LanguageSpec[languageName=javafml, acceptedVersions=[40,)]]
[21Dec2025 15:32:08.990] [main/DEBUG] [net.minecraftforge.fml.loading.moddiscovery.ModFileParser/LOADING]: Considering mod file candidate /workspaces/terradirma/servidor_minecraft/mods/sophisticatedbackpacks-1.20.1-3.20.5.1044.jar
[21Dec2025 15:32:08.991] [main/DEBUG] [net.minecraftforge.fml.loading.moddiscovery.ModFileInfo/LOADING]: Found valid mod file sophisticatedbackpacks-1.20.1-3.20.5.1044.jar with {sophisticatedbackpacks} mods - versions {3.20.5.1044}
[21Dec2025 15:32:08.991] [main/DEBUG] [net.minecraftforge.fml.loading.moddiscovery.ModFile/LOADING]: Loading mod file /workspaces/terradirma/servidor_minecraft/mods/sophisticatedbackpacks-1.20.1-3.20.5.1044.jar with languages [LanguageSpec[languageName=javafml, acceptedVersions=[47,)]]
[21Dec2025 15:32:08.991] [main/DEBUG] [net.minecraftforge.fml.loading.moddiscovery.ModFileParser/LOADING]: Considering mod file candidate /workspaces/terradirma/servidor_minecraft/mods/relics-1.20.1-0.8.0.6.jar
[21Dec2025 15:32:08.991] [main/DEBUG] [net.minecraftforge.fml.loading.moddiscovery.ModFileInfo/LOADING]: Found valid mod file relics-1.20.1-0.8.0.6.jar with {relics} mods - versions {0.8.0.6}
[21Dec2025 15:32:08.991] [main/DEBUG] [net.minecraftforge.fml.loading.moddiscovery.ModFile/LOADING]: Loading mod file /workspaces/terradirma/servidor_minecraft/mods/relics-1.20.1-0.8.0.6.jar with languages [LanguageSpec[languageName=javafml, acceptedVersions=[47,)]]
[21Dec2025 15:32:08.992] [main/DEBUG] [net.minecraftforge.fml.loading.moddiscovery.ModFileParser/LOADING]: Considering mod file candidate /workspaces/terradirma/servidor_minecraft/mods/ExplorersCompass-1.20.1-1.3.3-forge.jar
[21Dec2025 15:32:08.992] [main/DEBUG] [net.minecraftforge.fml.loading.moddiscovery.ModFileInfo/LOADING]: Found valid mod file ExplorersCompass-1.20.1-1.3.3-forge.jar with {explorerscompass} mods - versions {1.20.1-1.3.3-forge}
[21Dec2025 15:32:08.992] [main/DEBUG] [net.minecraftforge.fml.loading.moddiscovery.ModFile/LOADING]: Loading mod file /workspaces/terradirma/servidor_minecraft/mods/ExplorersCompass-1.20.1-1.3.3-forge.jar with languages [LanguageSpec[languageName=javafml, acceptedVersions=[47,)]]
[21Dec2025 15:32:08.992] [main/DEBUG] [net.minecraftforge.fml.loading.moddiscovery.ModFileParser/LOADING]: Considering mod file candidate /workspaces/terradirma/servidor_minecraft/mods/balm-forge-1.20.1-7.3.9-all.jar
[21Dec2025 15:32:08.993] [main/DEBUG] [net.minecraftforge.fml.loading.moddiscovery.ModFileInfo/LOADING]: Found valid mod file balm-forge-1.20.1-7.3.9-all.jar with {balm} mods - versions {7.3.9}
[21Dec2025 15:32:08.993] [main/DEBUG] [net.minecraftforge.fml.loading.moddiscovery.ModFile/LOADING]: Loading mod file /workspaces/terradirma/servidor_minecraft/mods/balm-forge-1.20.1-7.3.9-all.jar with languages [LanguageSpec[languageName=javafml, acceptedVersions=[46,)]]
[21Dec2025 15:32:08.993] [main/DEBUG] [net.minecraftforge.fml.loading.moddiscovery.ModFileParser/LOADING]: Considering mod file candidate /workspaces/terradirma/servidor_minecraft/mods/JustEnoughResources-1.20.1-1.4.0.247.jar
[21Dec2025 15:32:08.994] [main/DEBUG] [net.minecraftforge.fml.loading.moddiscovery.ModFileInfo/LOADING]: Found valid mod file JustEnoughResources-1.20.1-1.4.0.247.jar with {jeresources} mods - versions {1.4.0.247}
[21Dec2025 15:32:08.994] [main/DEBUG] [net.minecraftforge.fml.loading.moddiscovery.ModFile/LOADING]: Loading mod file /workspaces/terradirma/servidor_minecraft/mods/JustEnoughResources-1.20.1-1.4.0.247.jar with languages [LanguageSpec[languageName=javafml, acceptedVersions=[47,)]]
[21Dec2025 15:32:08.994] [main/DEBUG] [net.minecraftforge.fml.loading.moddiscovery.ModFileParser/LOADING]: Considering mod file candidate /workspaces/terradirma/servidor_minecraft/mods/watut-forge-1.20.1-1.1.3.jar
[21Dec2025 15:32:08.994] [main/DEBUG] [net.minecraftforge.fml.loading.moddiscovery.ModFileInfo/LOADING]: Found valid mod file watut-forge-1.20.1-1.1.3.jar with {watut} mods - versions {1.20.1-1.1.3}
[21Dec2025 15:32:08.994] [main/DEBUG] [net.minecraftforge.fml.loading.moddiscovery.ModFile/LOADING]: Loading mod file /workspaces/terradirma/servidor_minecraft/mods/watut-forge-1.20.1-1.1.3.jar with languages [LanguageSpec[languageName=javafml, acceptedVersions=[47,)]]
[21Dec2025 15:32:08.995] [main/DEBUG] [net.minecraftforge.fml.loading.moddiscovery.ModFileParser/LOADING]: Considering mod file candidate /workspaces/terradirma/servidor_minecraft/mods/cloth-config-11.1.118-forge.jar
[21Dec2025 15:32:08.995] [main/DEBUG] [net.minecraftforge.fml.loading.moddiscovery.ModFileInfo/LOADING]: Found valid mod file cloth-config-11.1.118-forge.jar with {cloth_config} mods - versions {11.1.118}
[21Dec2025 15:32:08.995] [main/DEBUG] [net.minecraftforge.fml.loading.moddiscovery.ModFile/LOADING]: Loading mod file /workspaces/terradirma/servidor_minecraft/mods/cloth-config-11.1.118-forge.jar with languages [LanguageSpec[languageName=javafml, acceptedVersions=[34,)]]
[21Dec2025 15:32:08.995] [main/DEBUG] [net.minecraftforge.fml.loading.moddiscovery.ModFileParser/LOADING]: Considering mod file candidate /workspaces/terradirma/servidor_minecraft/libraries/net/minecraftforge/forge/1.20.1-47.3.7/forge-1.20.1-47.3.7-universal.jar
[21Dec2025 15:32:08.996] [main/DEBUG] [net.minecraftforge.fml.loading.moddiscovery.ModFileInfo/LOADING]: Found valid mod file forge-1.20.1-47.3.7-universal.jar with {forge} mods - versions {47.3.7}
[21Dec2025 15:32:08.996] [main/DEBUG] [net.minecraftforge.fml.loading.moddiscovery.ModFile/LOADING]: Loading mod file /workspaces/terradirma/servidor_minecraft/libraries/net/minecraftforge/forge/1.20.1-47.3.7/forge-1.20.1-47.3.7-universal.jar with languages [LanguageSpec[languageName=javafml, acceptedVersions=[24,]]]
[21Dec2025 15:32:08.996] [main/DEBUG] [net.minecraftforge.fml.loading.moddiscovery.ModFileParser/LOADING]: Found coremod field_to_method with Javascript path coremods/field_to_method.js
[21Dec2025 15:32:08.996] [main/DEBUG] [net.minecraftforge.fml.loading.moddiscovery.ModFileParser/LOADING]: Found coremod field_to_instanceof with Javascript path coremods/field_to_instanceof.js
[21Dec2025 15:32:08.996] [main/DEBUG] [net.minecraftforge.fml.loading.moddiscovery.ModFileParser/LOADING]: Found coremod add_bouncer_method with Javascript path coremods/add_bouncer_method.js
[21Dec2025 15:32:08.996] [main/DEBUG] [net.minecraftforge.fml.loading.moddiscovery.ModFileParser/LOADING]: Found coremod method_redirector with Javascript path coremods/method_redirector.js
[21Dec2025 15:32:08.996] [main/DEBUG] [net.minecraftforge.fml.loading.moddiscovery.ModFile/LOADING]: Found coremod coremods/field_to_method.js
[21Dec2025 15:32:08.996] [main/DEBUG] [net.minecraftforge.fml.loading.moddiscovery.ModFile/LOADING]: Found coremod coremods/field_to_instanceof.js
[21Dec2025 15:32:08.997] [main/DEBUG] [net.minecraftforge.fml.loading.moddiscovery.ModFile/LOADING]: Found coremod coremods/add_bouncer_method.js
[21Dec2025 15:32:08.997] [main/DEBUG] [net.minecraftforge.fml.loading.moddiscovery.ModFile/LOADING]: Found coremod coremods/method_redirector.js
[21Dec2025 15:32:08.997] [main/DEBUG] [net.minecraftforge.fml.loading.moddiscovery.ModFileParser/LOADING]: Considering mod file candidate /workspaces/terradirma/servidor_minecraft/mods/SJAP_Resharpened-1.20.1-1.0.1.jar
[21Dec2025 15:32:08.997] [main/DEBUG] [net.minecraftforge.fml.loading.moddiscovery.ModFileInfo/LOADING]: Found valid mod file SJAP_Resharpened-1.20.1-1.0.1.jar with {slashblade_addon} mods - versions {1.0.1}
[21Dec2025 15:32:08.997] [main/DEBUG] [net.minecraftforge.fml.loading.moddiscovery.ModFile/LOADING]: Loading mod file /workspaces/terradirma/servidor_minecraft/mods/SJAP_Resharpened-1.20.1-1.0.1.jar with languages [LanguageSpec[languageName=javafml, acceptedVersions=[47,)]]
[21Dec2025 15:32:08.997] [main/DEBUG] [net.minecraftforge.fml.loading.moddiscovery.ModFileParser/LOADING]: Considering mod file candidate /workspaces/terradirma/servidor_minecraft/mods/TravelersTitles-1.20-Forge-4.0.2.jar
[21Dec2025 15:32:08.998] [main/DEBUG] [net.minecraftforge.fml.loading.moddiscovery.ModFileInfo/LOADING]: Found valid mod file TravelersTitles-1.20-Forge-4.0.2.jar with {travelerstitles} mods - versions {1.20-Forge-4.0.2}
[21Dec2025 15:32:08.998] [main/DEBUG] [net.minecraftforge.fml.loading.moddiscovery.ModFile/LOADING]: Loading mod file /workspaces/terradirma/servidor_minecraft/mods/TravelersTitles-1.20-Forge-4.0.2.jar with languages [LanguageSpec[languageName=javafml, acceptedVersions=[46,)]]
[21Dec2025 15:32:08.998] [main/DEBUG] [net.minecraftforge.fml.loading.moddiscovery.ModFileParser/LOADING]: Considering mod file candidate 
[21Dec2025 15:32:08.999] [main/DEBUG] [net.minecraftforge.fml.loading.moddiscovery.ModFileInfo/LOADING]: Found valid mod file athena-forge-1.20.1-3.1.1.jar with {athena} mods - versions {3.1.1}
[21Dec2025 15:32:08.999] [main/DEBUG] [net.minecraftforge.fml.loading.moddiscovery.ModFile/LOADING]: Loading mod file  with languages [LanguageSpec[languageName=javafml, acceptedVersions=[47,)]]
[21Dec2025 15:32:08.999] [main/DEBUG] [net.minecraftforge.fml.loading.moddiscovery.ModFileParser/LOADING]: Considering mod file candidate /workspaces/terradirma/servidor_minecraft/mods/embeddium-0.3.30+mc1.20.1.jar
[21Dec2025 15:32:08.999] [main/DEBUG] [net.minecraftforge.fml.loading.moddiscovery.ModFileInfo/LOADING]: Found valid mod file embeddium-0.3.30+mc1.20.1.jar with {embeddium,rubidium} mods - versions {0.3.30+mc1.20.1,0.7.1}
[21Dec2025 15:32:08.999] [main/DEBUG] [net.minecraftforge.fml.loading.moddiscovery.ModFile/LOADING]: Loading mod file /workspaces/terradirma/servidor_minecraft/mods/embeddium-0.3.30+mc1.20.1.jar with languages [LanguageSpec[languageName=javafml, acceptedVersions=[47,)]]
[21Dec2025 15:32:09.000] [main/DEBUG] [net.minecraftforge.fml.loading.moddiscovery.ModFileParser/LOADING]: Considering mod file candidate /workspaces/terradirma/servidor_minecraft/mods/konkrete_forge_1.8.0_MC_1.20-1.20.1.jar
[21Dec2025 15:32:09.000] [main/DEBUG] [net.minecraftforge.fml.loading.moddiscovery.ModFileInfo/LOADING]: Found valid mod file konkrete_forge_1.8.0_MC_1.20-1.20.1.jar with {konkrete} mods - versions {1.8.0}
[21Dec2025 15:32:09.000] [main/DEBUG] [net.minecraftforge.fml.loading.moddiscovery.ModFile/LOADING]: Loading mod file /workspaces/terradirma/servidor_minecraft/mods/konkrete_forge_1.8.0_MC_1.20-1.20.1.jar with languages [LanguageSpec[languageName=javafml, acceptedVersions=[46,)]]
[21Dec2025 15:32:09.000] [main/DEBUG] [net.minecraftforge.fml.loading.moddiscovery.ModFileParser/LOADING]: Considering mod file candidate /workspaces/terradirma/servidor_minecraft/mods/FarmersDelight-1.20.1-1.2.7.jar
[21Dec2025 15:32:09.001] [main/DEBUG] [net.minecraftforge.fml.loading.moddiscovery.ModFileInfo/LOADING]: Found valid mod file FarmersDelight-1.20.1-1.2.7.jar with {farmersdelight} mods - versions {1.20.1-1.2.7}
[21Dec2025 15:32:09.001] [main/DEBUG] [net.minecraftforge.fml.loading.moddiscovery.ModFile/LOADING]: Loading mod file /workspaces/terradirma/servidor_minecraft/mods/FarmersDelight-1.20.1-1.2.7.jar with languages [LanguageSpec[languageName=javafml, acceptedVersions=[46,)]]
[21Dec2025 15:32:09.001] [main/DEBUG] [net.minecraftforge.fml.loading.moddiscovery.ModFileInfo/LOADING]: Found valid mod file server-1.20.1-20230612.114412-srg.jar with {minecraft} mods - versions {1.20.1}
[21Dec2025 15:32:09.002] [main/DEBUG] [net.minecraftforge.fml.loading.moddiscovery.ModFile/LOADING]: Loading mod file /workspaces/terradirma/servidor_minecraft/libraries/net/minecraft/server/1.20.1-20230612.114412/server-1.20.1-20230612.114412-srg.jar with languages [LanguageSpec[languageName=minecraft, acceptedVersions=1]]
[21Dec2025 15:32:09.002] [main/DEBUG] [net.minecraftforge.fml.loading.moddiscovery.ModFileParser/LOADING]: Considering mod file candidate /workspaces/terradirma/servidor_minecraft/mods/vanillaplustools-1.20-1.0.jar
[21Dec2025 15:32:09.002] [main/DEBUG] [net.minecraftforge.fml.loading.moddiscovery.ModFileInfo/LOADING]: Found valid mod file vanillaplustools-1.20-1.0.jar with {vanillaplustools} mods - versions {1.20-1.0}
[21Dec2025 15:32:09.003] [main/DEBUG] [net.minecraftforge.fml.loading.moddiscovery.ModFile/LOADING]: Loading mod file /workspaces/terradirma/servidor_minecraft/mods/vanillaplustools-1.20-1.0.jar with languages [LanguageSpec[languageName=javafml, acceptedVersions=[38,)]]
[21Dec2025 15:32:09.003] [main/DEBUG] [net.minecraftforge.fml.loading.moddiscovery.ModFileParser/LOADING]: Considering mod file candidate /workspaces/terradirma/servidor_minecraft/mods/alexscaves-2.0.2.jar
[21Dec2025 15:32:09.003] [main/DEBUG] [net.minecraftforge.fml.loading.moddiscovery.ModFileInfo/LOADING]: Found valid mod file alexscaves-2.0.2.jar with {alexscaves} mods - versions {2.0.2}
[21Dec2025 15:32:09.003] [main/DEBUG] [net.minecraftforge.fml.loading.moddiscovery.ModFile/LOADING]: Loading mod file /workspaces/terradirma/servidor_minecraft/mods/alexscaves-2.0.2.jar with languages [LanguageSpec[languageName=javafml, acceptedVersions=[46,)]]
[21Dec2025 15:32:09.004] [main/DEBUG] [net.minecraftforge.fml.loading.moddiscovery.ModFileParser/LOADING]: Considering mod file candidate /workspaces/terradirma/servidor_minecraft/mods/handcrafted-forge-1.20.1-3.0.6.jar
[21Dec2025 15:32:09.004] [main/DEBUG] [net.minecraftforge.fml.loading.moddiscovery.ModFileInfo/LOADING]: Found valid mod file handcrafted-forge-1.20.1-3.0.6.jar with {handcrafted} mods - versions {3.0.6}
[21Dec2025 15:32:09.004] [main/DEBUG] [net.minecraftforge.fml.loading.moddiscovery.ModFile/LOADING]: Loading mod file /workspaces/terradirma/servidor_minecraft/mods/handcrafted-forge-1.20.1-3.0.6.jar with languages [LanguageSpec[languageName=javafml, acceptedVersions=[47,)]]
[21Dec2025 15:32:09.004] [main/DEBUG] [net.minecraftforge.fml.loading.moddiscovery.ModFileParser/LOADING]: Considering mod file candidate /workspaces/terradirma/servidor_minecraft/mods/torchmaster-20.1.6.jar
[21Dec2025 15:32:09.005] [main/DEBUG] [net.minecraftforge.fml.loading.moddiscovery.ModFileInfo/LOADING]: Found valid mod file torchmaster-20.1.6.jar with {torchmaster} mods - versions {20.1.6}
[21Dec2025 15:32:09.005] [main/DEBUG] [net.minecraftforge.fml.loading.moddiscovery.ModFile/LOADING]: Loading mod file /workspaces/terradirma/servidor_minecraft/mods/torchmaster-20.1.6.jar with languages [LanguageSpec[languageName=javafml, acceptedVersions=[47,)]]
[21Dec2025 15:32:09.005] [main/DEBUG] [net.minecraftforge.fml.loading.moddiscovery.ModFileParser/LOADING]: Considering mod file candidate /workspaces/terradirma/servidor_minecraft/mods/TerraBlender-forge-1.20.1-3.0.1.7.jar
[21Dec2025 15:32:09.006] [main/DEBUG] [net.minecraftforge.fml.loading.moddiscovery.ModFileInfo/LOADING]: Found valid mod file TerraBlender-forge-1.20.1-3.0.1.7.jar with {terrablender} mods - versions {3.0.1.7}
[21Dec2025 15:32:09.006] [main/DEBUG] [net.minecraftforge.fml.loading.moddiscovery.ModFile/LOADING]: Loading mod file /workspaces/terradirma/servidor_minecraft/mods/TerraBlender-forge-1.20.1-3.0.1.7.jar with languages [LanguageSpec[languageName=javafml, acceptedVersions=[47,)]]
[21Dec2025 15:32:09.006] [main/DEBUG] [net.minecraftforge.fml.loading.moddiscovery.ModFileParser/LOADING]: Considering mod file candidate /workspaces/terradirma/servidor_minecraft/mods/Necronomicon-Forge-1.4.2.jar
[21Dec2025 15:32:09.006] [main/DEBUG] [net.minecraftforge.fml.loading.moddiscovery.ModFileInfo/LOADING]: Found valid mod file Necronomicon-Forge-1.4.2.jar with {necronomicon} mods - versions {1.4.2}
[21Dec2025 15:32:09.007] [main/DEBUG] [net.minecraftforge.fml.loading.moddiscovery.ModFile/LOADING]: Loading mod file /workspaces/terradirma/servidor_minecraft/mods/Necronomicon-Forge-1.4.2.jar with languages [LanguageSpec[languageName=javafml, acceptedVersions=*]]
[21Dec2025 15:32:09.007] [main/DEBUG] [net.minecraftforge.fml.loading.moddiscovery.ModFileParser/LOADING]: Considering mod file candidate /workspaces/terradirma/servidor_minecraft/mods/BiomesOPlenty-1.20.1-18.0.0.592.jar
[21Dec2025 15:32:09.007] [main/DEBUG] [net.minecraftforge.fml.loading.moddiscovery.ModFileInfo/LOADING]: Found valid mod file BiomesOPlenty-1.20.1-18.0.0.592.jar with {biomesoplenty} mods - versions {18.0.0.592}
[21Dec2025 15:32:09.007] [main/DEBUG] [net.minecraftforge.fml.loading.moddiscovery.ModFile/LOADING]: Loading mod file /workspaces/terradirma/servidor_minecraft/mods/BiomesOPlenty-1.20.1-18.0.0.592.jar with languages [LanguageSpec[languageName=javafml, acceptedVersions=[45,)]]
[21Dec2025 15:32:09.007] [main/DEBUG] [net.minecraftforge.fml.loading.moddiscovery.ModFileParser/LOADING]: Considering mod file candidate /workspaces/terradirma/servidor_minecraft/mods/CreativeCore_FORGE_v2.12.32_mc1.20.1.jar
[21Dec2025 15:32:09.008] [main/DEBUG] [net.minecraftforge.fml.loading.moddiscovery.ModFileInfo/LOADING]: Found valid mod file CreativeCore_FORGE_v2.12.32_mc1.20.1.jar with {creativecore} mods - versions {2.12.32}
[21Dec2025 15:32:09.008] [main/DEBUG] [net.minecraftforge.fml.loading.moddiscovery.ModFile/LOADING]: Loading mod file /workspaces/terradirma/servidor_minecraft/mods/CreativeCore_FORGE_v2.12.32_mc1.20.1.jar with languages [LanguageSpec[languageName=javafml, acceptedVersions=[46,)]]
[21Dec2025 15:32:09.008] [main/DEBUG] [net.minecraftforge.fml.loading.moddiscovery.ModFileParser/LOADING]: Considering mod file candidate /workspaces/terradirma/servidor_minecraft/mods/supermartijn642corelib-1.1.17-forge-mc1.20.1.jar
[21Dec2025 15:32:09.009] [main/DEBUG] [net.minecraftforge.fml.loading.moddiscovery.ModFileInfo/LOADING]: Found valid mod file supermartijn642corelib-1.1.17-forge-mc1.20.1.jar with {supermartijn642corelib} mods - versions {1.1.17}
[21Dec2025 15:32:09.009] [main/DEBUG] [net.minecraftforge.fml.loading.moddiscovery.ModFile/LOADING]: Loading mod file /workspaces/terradirma/servidor_minecraft/mods/supermartijn642corelib-1.1.17-forge-mc1.20.1.jar with languages [LanguageSpec[languageName=javafml, acceptedVersions=[46,)]]
[21Dec2025 15:32:09.009] [main/DEBUG] [net.minecraftforge.fml.loading.moddiscovery.ModFileParser/LOADING]: Considering mod file candidate /workspaces/terradirma/servidor_minecraft/mods/fairylights-7.0.0-1.20.1.jar
[21Dec2025 15:32:09.009] [main/DEBUG] [net.minecraftforge.fml.loading.moddiscovery.ModFileInfo/LOADING]: Found valid mod file fairylights-7.0.0-1.20.1.jar with {fairylights} mods - versions {7.0.0}
[21Dec2025 15:32:09.010] [main/DEBUG] [net.minecraftforge.fml.loading.moddiscovery.ModFile/LOADING]: Loading mod file /workspaces/terradirma/servidor_minecraft/mods/fairylights-7.0.0-1.20.1.jar with languages [LanguageSpec[languageName=javafml, acceptedVersions=[47,)]]
[21Dec2025 15:32:09.010] [main/DEBUG] [net.minecraftforge.fml.loading.moddiscovery.ModFileParser/LOADING]: Considering mod file candidate /workspaces/terradirma/servidor_minecraft/mods/lionfishapi-2.4-Fix.jar
[21Dec2025 15:32:09.010] [main/DEBUG] [net.minecraftforge.fml.loading.moddiscovery.ModFileInfo/LOADING]: Found valid mod file lionfishapi-2.4-Fix.jar with {lionfishapi} mods - versions {2.4-Fix}
[21Dec2025 15:32:09.010] [main/DEBUG] [net.minecraftforge.fml.loading.moddiscovery.ModFile/LOADING]: Loading mod file /workspaces/terradirma/servidor_minecraft/mods/lionfishapi-2.4-Fix.jar with languages [LanguageSpec[languageName=javafml, acceptedVersions=[47,)]]
[21Dec2025 15:32:09.010] [main/DEBUG] [net.minecraftforge.fml.loading.moddiscovery.ModFileParser/LOADING]: Considering mod file candidate /workspaces/terradirma/servidor_minecraft/mods/portablemobs-1.2.0-forge-mc1.20.jar
[21Dec2025 15:32:09.011] [main/DEBUG] [net.minecraftforge.fml.loading.moddiscovery.ModFileInfo/LOADING]: Found valid mod file portablemobs-1.2.0-forge-mc1.20.jar with {portablemobs} mods - versions {1.2.0}
[21Dec2025 15:32:09.011] [main/DEBUG] [net.minecraftforge.fml.loading.moddiscovery.ModFile/LOADING]: Loading mod file /workspaces/terradirma/servidor_minecraft/mods/portablemobs-1.2.0-forge-mc1.20.jar with languages [LanguageSpec[languageName=javafml, acceptedVersions=[46,)]]
[21Dec2025 15:32:09.011] [main/DEBUG] [net.minecraftforge.fml.loading.moddiscovery.ModFileParser/LOADING]: Considering mod file candidate /workspaces/terradirma/servidor_minecraft/mods/Ribbits-1.20.1-Forge-3.0.4.jar
[21Dec2025 15:32:09.012] [main/DEBUG] [net.minecraftforge.fml.loading.moddiscovery.ModFileInfo/LOADING]: Found valid mod file Ribbits-1.20.1-Forge-3.0.4.jar with {ribbits} mods - versions {1.20.1-Forge-3.0.4}
[21Dec2025 15:32:09.012] [main/DEBUG] [net.minecraftforge.fml.loading.moddiscovery.ModFile/LOADING]: Loading mod file /workspaces/terradirma/servidor_minecraft/mods/Ribbits-1.20.1-Forge-3.0.4.jar with languages [LanguageSpec[languageName=javafml, acceptedVersions=[47,)]]
[21Dec2025 15:32:09.012] [main/DEBUG] [net.minecraftforge.fml.loading.moddiscovery.ModFileParser/LOADING]: Considering mod file candidate /workspaces/terradirma/servidor_minecraft/mods/curios-forge-5.9.1+1.20.1.jar
[21Dec2025 15:32:09.012] [main/DEBUG] [net.minecraftforge.fml.loading.moddiscovery.ModFileInfo/LOADING]: Found valid mod file curios-forge-5.9.1+1.20.1.jar with {curios} mods - versions {5.9.1+1.20.1}
[21Dec2025 15:32:09.012] [main/DEBUG] [net.minecraftforge.fml.loading.moddiscovery.ModFile/LOADING]: Loading mod file /workspaces/terradirma/servidor_minecraft/mods/curios-forge-5.9.1+1.20.1.jar with languages [LanguageSpec[languageName=javafml, acceptedVersions=[41,)]]
[21Dec2025 15:32:09.013] [main/DEBUG] [net.minecraftforge.fml.loading.moddiscovery.ModFileParser/LOADING]: Considering mod file candidate /workspaces/terradirma/servidor_minecraft/mods/L_Enders_Cataclysm-2.63.jar
[21Dec2025 15:32:09.013] [main/DEBUG] [net.minecraftforge.fml.loading.moddiscovery.ModFileInfo/LOADING]: Found valid mod file L_Enders_Cataclysm-2.63.jar with {cataclysm} mods - versions {2.63}
[21Dec2025 15:32:09.014] [main/DEBUG] [net.minecraftforge.fml.loading.moddiscovery.ModFile/LOADING]: Loading mod file /workspaces/terradirma/servidor_minecraft/mods/L_Enders_Cataclysm-2.63.jar with languages [LanguageSpec[languageName=javafml, acceptedVersions=[47,)]]
[21Dec2025 15:32:09.014] [main/DEBUG] [net.minecraftforge.fml.loading.moddiscovery.ModFileParser/LOADING]: Considering mod file candidate /workspaces/terradirma/servidor_minecraft/mods/gravestone-forge-1.20.1-1.0.24.jar
[21Dec2025 15:32:09.014] [main/DEBUG] [net.minecraftforge.fml.loading.moddiscovery.ModFileInfo/LOADING]: Found valid mod file gravestone-forge-1.20.1-1.0.24.jar with {gravestone} mods - versions {1.20.1-1.0.24}
[21Dec2025 15:32:09.014] [main/DEBUG] [net.minecraftforge.fml.loading.moddiscovery.ModFile/LOADING]: Loading mod file /workspaces/terradirma/servidor_minecraft/mods/gravestone-forge-1.20.1-1.0.24.jar with languages [LanguageSpec[languageName=javafml, acceptedVersions=*]]
[21Dec2025 15:32:09.014] [main/DEBUG] [net.minecraftforge.fml.loading.moddiscovery.ModFileParser/LOADING]: Considering mod file candidate /workspaces/terradirma/servidor_minecraft/mods/camera-forge-1.20.1-1.0.14.jar
[21Dec2025 15:32:09.015] [main/DEBUG] [net.minecraftforge.fml.loading.moddiscovery.ModFileInfo/LOADING]: Found valid mod file camera-forge-1.20.1-1.0.14.jar with {camera} mods - versions {1.20.1-1.0.14}
[21Dec2025 15:32:09.015] [main/DEBUG] [net.minecraftforge.fml.loading.moddiscovery.ModFile/LOADING]: Loading mod file /workspaces/terradirma/servidor_minecraft/mods/camera-forge-1.20.1-1.0.14.jar with languages [LanguageSpec[languageName=javafml, acceptedVersions=*]]
[21Dec2025 15:32:09.015] [main/DEBUG] [net.minecraftforge.fml.loading.moddiscovery.ModFileParser/LOADING]: Considering mod file candidate /workspaces/terradirma/servidor_minecraft/mods/irons_spellbooks-1.20.1-3.4.0.8.jar
[21Dec2025 15:32:09.016] [main/DEBUG] [net.minecraftforge.fml.loading.moddiscovery.ModFileInfo/LOADING]: Found valid mod file irons_spellbooks-1.20.1-3.4.0.8.jar with {irons_spellbooks} mods - versions {1.20.1-3.4.0.8}
[21Dec2025 15:32:09.016] [main/DEBUG] [net.minecraftforge.fml.loading.moddiscovery.ModFile/LOADING]: Loading mod file /workspaces/terradirma/servidor_minecraft/mods/irons_spellbooks-1.20.1-3.4.0.8.jar with languages [LanguageSpec[languageName=javafml, acceptedVersions=[47,)]]
[21Dec2025 15:32:09.016] [main/DEBUG] [net.minecraftforge.fml.loading.moddiscovery.ModFileParser/LOADING]: Considering mod file candidate /workspaces/terradirma/servidor_minecraft/mods/bettervillage-forge-1.20.1-3.2.0.jar
[21Dec2025 15:32:09.016] [main/DEBUG] [net.minecraftforge.fml.loading.moddiscovery.ModFileInfo/LOADING]: Found valid mod file bettervillage-forge-1.20.1-3.2.0.jar with {bettervillage} mods - versions {3.1.0}
[21Dec2025 15:32:09.016] [main/DEBUG] [net.minecraftforge.fml.loading.moddiscovery.ModFile/LOADING]: Loading mod file /workspaces/terradirma/servidor_minecraft/mods/bettervillage-forge-1.20.1-3.2.0.jar with languages [LanguageSpec[languageName=javafml, acceptedVersions=[47,)]]
[21Dec2025 15:32:09.017] [main/DEBUG] [net.minecraftforge.fml.loading.moddiscovery.ModFileParser/LOADING]: Considering mod file candidate /workspaces/terradirma/servidor_minecraft/mods/resourcefullib-forge-1.20.1-2.1.28.jar
[21Dec2025 15:32:09.017] [main/DEBUG] [net.minecraftforge.fml.loading.moddiscovery.ModFileInfo/LOADING]: Found valid mod file resourcefullib-forge-1.20.1-2.1.28.jar with {resourcefullib} mods - versions {2.1.28}
[21Dec2025 15:32:09.017] [main/DEBUG] [net.minecraftforge.fml.loading.moddiscovery.ModFile/LOADING]: Loading mod file /workspaces/terradirma/servidor_minecraft/mods/resourcefullib-forge-1.20.1-2.1.28.jar with languages [LanguageSpec[languageName=javafml, acceptedVersions=[46,)]]
[21Dec2025 15:32:09.017] [main/DEBUG] [net.minecraftforge.fml.loading.moddiscovery.ModFileParser/LOADING]: Considering mod file candidate /workspaces/terradirma/servidor_minecraft/mods/coroutil-forge-1.20.1-1.3.7.jar
[21Dec2025 15:32:09.017] [main/DEBUG] [net.minecraftforge.fml.loading.moddiscovery.ModFileInfo/LOADING]: Found valid mod file coroutil-forge-1.20.1-1.3.7.jar with {coroutil} mods - versions {1.20.1-1.3.7}
[21Dec2025 15:32:09.018] [main/DEBUG] [net.minecraftforge.fml.loading.moddiscovery.ModFile/LOADING]: Loading mod file /workspaces/terradirma/servidor_minecraft/mods/coroutil-forge-1.20.1-1.3.7.jar with languages [LanguageSpec[languageName=javafml, acceptedVersions=[47,)]]
[21Dec2025 15:32:09.018] [main/DEBUG] [net.minecraftforge.fml.loading.moddiscovery.ModFileParser/LOADING]: Considering mod file candidate /workspaces/terradirma/servidor_minecraft/mods/fennecfox-forge-1.20.1-1.0.0.jar
[21Dec2025 15:32:09.018] [main/DEBUG] [net.minecraftforge.fml.loading.moddiscovery.ModFileInfo/LOADING]: Found valid mod file fennecfox-forge-1.20.1-1.0.0.jar with {fennecfox} mods - versions {1.0.0}
[21Dec2025 15:32:09.018] [main/DEBUG] [net.minecraftforge.fml.loading.moddiscovery.ModFile/LOADING]: Loading mod file /workspaces/terradirma/servidor_minecraft/mods/fennecfox-forge-1.20.1-1.0.0.jar with languages [LanguageSpec[languageName=javafml, acceptedVersions=[41,)]]
[21Dec2025 15:32:09.018] [main/DEBUG] [net.minecraftforge.fml.loading.moddiscovery.ModFileParser/LOADING]: Considering mod file candidate /workspaces/terradirma/servidor_minecraft/mods/appleskin-forge-mc1.20.1-2.5.1.jar
[21Dec2025 15:32:09.019] [main/DEBUG] [net.minecraftforge.fml.loading.moddiscovery.ModFileInfo/LOADING]: Found valid mod file appleskin-forge-mc1.20.1-2.5.1.jar with {appleskin} mods - versions {2.5.1+mc1.20.1}
[21Dec2025 15:32:09.019] [main/DEBUG] [net.minecraftforge.fml.loading.moddiscovery.ModFile/LOADING]: Loading mod file /workspaces/terradirma/servidor_minecraft/mods/appleskin-forge-mc1.20.1-2.5.1.jar with languages [LanguageSpec[languageName=javafml, acceptedVersions=[47,)]]
[21Dec2025 15:32:09.019] [main/DEBUG] [net.minecraftforge.fml.loading.moddiscovery.ModFileParser/LOADING]: Considering mod file candidate /workspaces/terradirma/servidor_minecraft/mods/architectury-9.2.14-forge.jar
[21Dec2025 15:32:09.019] [main/DEBUG] [net.minecraftforge.fml.loading.moddiscovery.ModFileInfo/LOADING]: Found valid mod file architectury-9.2.14-forge.jar with {architectury} mods - versions {9.2.14}
[21Dec2025 15:32:09.019] [main/DEBUG] [net.minecraftforge.fml.loading.moddiscovery.ModFile/LOADING]: Loading mod file /workspaces/terradirma/servidor_minecraft/mods/architectury-9.2.14-forge.jar with languages [LanguageSpec[languageName=javafml, acceptedVersions=[46,)]]
[21Dec2025 15:32:09.020] [main/DEBUG] [net.minecraftforge.fml.loading.moddiscovery.ModFileParser/LOADING]: Considering mod file candidate /workspaces/terradirma/servidor_minecraft/mods/Chimes-v2.0.1-1.20.1.jar
[21Dec2025 15:32:09.020] [main/DEBUG] [net.minecraftforge.fml.loading.moddiscovery.ModFileInfo/LOADING]: Found valid mod file Chimes-v2.0.1-1.20.1.jar with {chimes} mods - versions {2.0.1}
[21Dec2025 15:32:09.020] [main/DEBUG] [net.minecraftforge.fml.loading.moddiscovery.ModFile/LOADING]: Loading mod file /workspaces/terradirma/servidor_minecraft/mods/Chimes-v2.0.1-1.20.1.jar with languages [LanguageSpec[languageName=javafml, acceptedVersions=[45,48,)]]
[21Dec2025 15:32:09.021] [main/DEBUG] [net.minecraftforge.fml.loading.moddiscovery.ModFileParser/LOADING]: Considering mod file candidate /workspaces/terradirma/servidor_minecraft/mods/mcw-furniture-3.3.0-mc1.20.1forge.jar
[21Dec2025 15:32:09.021] [main/DEBUG] [net.minecraftforge.fml.loading.moddiscovery.ModFileInfo/LOADING]: Found valid mod file mcw-furniture-3.3.0-mc1.20.1forge.jar with {mcwfurnitures} mods - versions {3.3.0}
[21Dec2025 15:32:09.021] [main/DEBUG] [net.minecraftforge.fml.loading.moddiscovery.ModFile/LOADING]: Loading mod file /workspaces/terradirma/servidor_minecraft/mods/mcw-furniture-3.3.0-mc1.20.1forge.jar with languages [LanguageSpec[languageName=javafml, acceptedVersions=[28,)]]
[21Dec2025 15:32:09.021] [main/DEBUG] [net.minecraftforge.fml.loading.moddiscovery.ModFileParser/LOADING]: Considering mod file candidate /workspaces/terradirma/servidor_minecraft/mods/refurbished_furniture-forge-1.20.1-1.0.12.jar
[21Dec2025 15:32:09.021] [main/DEBUG] [net.minecraftforge.fml.loading.moddiscovery.ModFileInfo/LOADING]: Found valid mod file refurbished_furniture-forge-1.20.1-1.0.12.jar with {refurbished_furniture} mods - versions {1.0.12}
[21Dec2025 15:32:09.022] [main/DEBUG] [net.minecraftforge.fml.loading.moddiscovery.ModFile/LOADING]: Loading mod file /workspaces/terradirma/servidor_minecraft/mods/refurbished_furniture-forge-1.20.1-1.0.12.jar with languages [LanguageSpec[languageName=javafml, acceptedVersions=[39,)]]
[21Dec2025 15:32:09.022] [main/DEBUG] [net.minecraftforge.fml.loading.moddiscovery.ModFileParser/LOADING]: Considering mod file candidate /workspaces/terradirma/servidor_minecraft/mods/justzoom_forge_1.0.2_MC_1.20.1.jar
[21Dec2025 15:32:09.022] [main/DEBUG] [net.minecraftforge.fml.loading.moddiscovery.ModFileInfo/LOADING]: Found valid mod file justzoom_forge_1.0.2_MC_1.20.1.jar with {justzoom} mods - versions {1.0.2}
[21Dec2025 15:32:09.022] [main/DEBUG] [net.minecraftforge.fml.loading.moddiscovery.ModFile/LOADING]: Loading mod file /workspaces/terradirma/servidor_minecraft/mods/justzoom_forge_1.0.2_MC_1.20.1.jar with languages [LanguageSpec[languageName=javafml, acceptedVersions=[47,)]]
[21Dec2025 15:32:09.022] [main/DEBUG] [net.minecraftforge.fml.loading.moddiscovery.ModFileParser/LOADING]: Considering mod file candidate /workspaces/terradirma/servidor_minecraft/mods/the_bumblezone-7.6.8+1.20.1-forge.jar
[21Dec2025 15:32:09.023] [main/DEBUG] [net.minecraftforge.fml.loading.moddiscovery.ModFileInfo/LOADING]: Found valid mod file the_bumblezone-7.6.8+1.20.1-forge.jar with {the_bumblezone} mods - versions {7.6.8+1.20.1-forge}
[21Dec2025 15:32:09.023] [main/DEBUG] [net.minecraftforge.fml.loading.moddiscovery.ModFile/LOADING]: Loading mod file /workspaces/terradirma/servidor_minecraft/mods/the_bumblezone-7.6.8+1.20.1-forge.jar with languages [LanguageSpec[languageName=javafml, acceptedVersions=[38,)]]
[21Dec2025 15:32:09.023] [main/DEBUG] [net.minecraftforge.fml.loading.moddiscovery.ModFileParser/LOADING]: Considering mod file candidate /workspaces/terradirma/servidor_minecraft/mods/framework-forge-1.20.1-0.7.12.jar
[21Dec2025 15:32:09.023] [main/DEBUG] [net.minecraftforge.fml.loading.moddiscovery.ModFileInfo/LOADING]: Found valid mod file framework-forge-1.20.1-0.7.12.jar with {framework} mods - versions {0.7.12}
[21Dec2025 15:32:09.023] [main/DEBUG] [net.minecraftforge.fml.loading.moddiscovery.ModFile/LOADING]: Loading mod file /workspaces/terradirma/servidor_minecraft/mods/framework-forge-1.20.1-0.7.12.jar with languages [LanguageSpec[languageName=javafml, acceptedVersions=[39,)]]
[21Dec2025 15:32:09.023] [main/DEBUG] [net.minecraftforge.fml.loading.moddiscovery.ModFileParser/LOADING]: Considering mod file candidate 
[21Dec2025 15:32:09.024] [main/DEBUG] [net.minecraftforge.fml.loading.moddiscovery.ModFileInfo/LOADING]: Found valid mod file expandability-forge-9.0.4.jar with {expandability} mods - versions {9.0.4}
[21Dec2025 15:32:09.024] [main/DEBUG] [net.minecraftforge.fml.loading.moddiscovery.ModFile/LOADING]: Loading mod file  with languages [LanguageSpec[languageName=javafml, acceptedVersions=[46,)]]
[21Dec2025 15:32:09.024] [main/DEBUG] [net.minecraftforge.fml.loading.moddiscovery.ModFileParser/LOADING]: Considering mod file candidate /workspaces/terradirma/servidor_minecraft/mods/cosmeticarmorreworked-1.20.1-v1a.jar
[21Dec2025 15:32:09.024] [main/DEBUG] [net.minecraftforge.fml.loading.moddiscovery.ModFileInfo/LOADING]: Found valid mod file cosmeticarmorreworked-1.20.1-v1a.jar with {cosmeticarmorreworked} mods - versions {1.20.1-v1a}
[21Dec2025 15:32:09.024] [main/DEBUG] [net.minecraftforge.fml.loading.moddiscovery.ModFile/LOADING]: Loading mod file /workspaces/terradirma/servidor_minecraft/mods/cosmeticarmorreworked-1.20.1-v1a.jar with languages [LanguageSpec[languageName=javafml, acceptedVersions=[47,)]]
[21Dec2025 15:32:09.025] [main/DEBUG] [net.minecraftforge.fml.loading.moddiscovery.ModFileParser/LOADING]: Considering mod file candidate /workspaces/terradirma/servidor_minecraft/mods/aquamirae-6.API15.jar
[21Dec2025 15:32:09.025] [main/DEBUG] [net.minecraftforge.fml.loading.moddiscovery.ModFileInfo/LOADING]: Found valid mod file aquamirae-6.API15.jar with {aquamirae} mods - versions {6.API15}
[21Dec2025 15:32:09.025] [main/DEBUG] [net.minecraftforge.fml.loading.moddiscovery.ModFile/LOADING]: Loading mod file /workspaces/terradirma/servidor_minecraft/mods/aquamirae-6.API15.jar with languages [LanguageSpec[languageName=javafml, acceptedVersions=[47,)]]
[21Dec2025 15:32:09.025] [main/DEBUG] [net.minecraftforge.fml.loading.moddiscovery.ModFile/LOADING]: Loading mod file  with languages []
[21Dec2025 15:32:09.025] [main/DEBUG] [net.minecraftforge.fml.loading.moddiscovery.ModFileParser/LOADING]: Considering mod file candidate 
[21Dec2025 15:32:09.025] [main/DEBUG] [net.minecraftforge.fml.loading.moddiscovery.ModFileInfo/LOADING]: Found valid mod file mixinextras-forge-0.4.1.jar with {mixinextras} mods - versions {0.4.1}
[21Dec2025 15:32:09.026] [main/DEBUG] [net.minecraftforge.fml.loading.moddiscovery.ModFile/LOADING]: Loading mod file  with languages [LanguageSpec[languageName=javafml, acceptedVersions=*]]
[21Dec2025 15:32:09.026] [main/DEBUG] [net.minecraftforge.fml.loading.moddiscovery.ModFile/LOADING]: Loading mod file  with languages []
[21Dec2025 15:32:09.026] [main/DEBUG] [net.minecraftforge.fml.loading.moddiscovery.ModFile/LOADING]: Loading mod file  with languages []
[21Dec2025 15:32:09.026] [main/DEBUG] [net.minecraftforge.fml.loading.moddiscovery.ModFile/LOADING]: Loading mod file  with languages []
[21Dec2025 15:32:09.026] [main/DEBUG] [net.minecraftforge.fml.loading.moddiscovery.ModFile/LOADING]: Loading mod file  with languages []
[21Dec2025 15:32:09.026] [main/DEBUG] [net.minecraftforge.fml.loading.moddiscovery.ModFile/LOADING]: Loading mod file  with languages []
[21Dec2025 15:32:09.026] [main/DEBUG] [net.minecraftforge.fml.loading.moddiscovery.ModFile/LOADING]: Loading mod file  with languages []
[21Dec2025 15:32:09.026] [main/DEBUG] [net.minecraftforge.fml.loading.moddiscovery.ModFileParser/LOADING]: Considering mod file candidate 
[21Dec2025 15:32:09.027] [main/DEBUG] [net.minecraftforge.fml.loading.moddiscovery.ModFileInfo/LOADING]: Found valid mod file mixinextras-forge-0.4.1.jar with {mixinextras} mods - versions {0.4.1}
[21Dec2025 15:32:09.027] [main/DEBUG] [net.minecraftforge.fml.loading.moddiscovery.ModFile/LOADING]: Loading mod file  with languages [LanguageSpec[languageName=javafml, acceptedVersions=*]]
[21Dec2025 15:32:09.027] [main/DEBUG] [net.minecraftforge.fml.loading.moddiscovery.ModFile/LOADING]: Loading mod file  with languages []
[21Dec2025 15:32:09.027] [main/DEBUG] [net.minecraftforge.fml.loading.moddiscovery.ModFile/LOADING]: Loading mod file  with languages []
[21Dec2025 15:32:09.027] [main/DEBUG] [net.minecraftforge.fml.loading.moddiscovery.ModFile/LOADING]: Loading mod file  with languages []
[21Dec2025 15:32:09.027] [main/DEBUG] [net.minecraftforge.fml.loading.moddiscovery.ModFile/LOADING]: Loading mod file  with languages []
[21Dec2025 15:32:09.027] [main/DEBUG] [net.minecraftforge.fml.loading.moddiscovery.ModFile/LOADING]: Loading mod file  with languages []
[21Dec2025 15:32:09.028] [main/DEBUG] [cpw.mods.modlauncher.TransformationServiceDecorator/MODLAUNCHER]: End scan trigger - transformation service fml
[21Dec2025 15:32:09.037] [main/DEBUG] [net.minecraftforge.fml.loading.LanguageLoadingProvider/CORE]: Found 3 language providers
[21Dec2025 15:32:09.037] [main/DEBUG] [net.minecraftforge.fml.loading.LanguageLoadingProvider/CORE]: Found language provider minecraft, version 1.0
[21Dec2025 15:32:09.038] [main/DEBUG] [net.minecraftforge.fml.loading.LanguageLoadingProvider/CORE]: Found language provider lowcodefml, version 47
[21Dec2025 15:32:09.038] [main/DEBUG] [net.minecraftforge.fml.loading.LanguageLoadingProvider/CORE]: Found language provider javafml, version 47
[21Dec2025 15:32:09.042] [main/DEBUG] [net.minecraftforge.fml.loading.UniqueModListBuilder/]: Found 2 mods for first modid mclib, selecting most recent based on version data
[21Dec2025 15:32:09.042] [main/DEBUG] [net.minecraftforge.fml.loading.UniqueModListBuilder/]: Selected file mclib-20.jar for modid mclib with version 0.0NONE
[21Dec2025 15:32:09.042] [main/DEBUG] [net.minecraftforge.fml.loading.UniqueModListBuilder/]: Found 2 mods for first modid mixinextras, selecting most recent based on version data
[21Dec2025 15:32:09.042] [main/DEBUG] [net.minecraftforge.fml.loading.UniqueModListBuilder/]: Selected file mixinextras-forge-0.4.1.jar for modid mixinextras with version 0.4.1
[21Dec2025 15:32:09.042] [main/DEBUG] [net.minecraftforge.fml.loading.UniqueModListBuilder/]: Found 2 mods for first modid bytecodecs, selecting most recent based on version data
[21Dec2025 15:32:09.042] [main/DEBUG] [net.minecraftforge.fml.loading.UniqueModListBuilder/]: Selected file bytecodecs-1.0.2.jar for modid bytecodecs with version 0.0NONE
[21Dec2025 15:32:09.043] [main/DEBUG] [net.minecraftforge.fml.loading.UniqueModListBuilder/]: Found 2 mods for first modid org.yaml.snakeyaml, selecting most recent based on version data
[21Dec2025 15:32:09.043] [main/DEBUG] [net.minecraftforge.fml.loading.UniqueModListBuilder/]: Selected file snakeyaml-2.2.jar for modid org.yaml.snakeyaml with version 0.0NONE
[21Dec2025 15:32:09.043] [main/DEBUG] [net.minecraftforge.fml.loading.UniqueModListBuilder/]: Found 2 mods for first modid jankson, selecting most recent based on version data
[21Dec2025 15:32:09.043] [main/DEBUG] [net.minecraftforge.fml.loading.UniqueModListBuilder/]: Selected file jankson-1.2.1.jar for modid jankson with version 0.0NONE
[21Dec2025 15:32:09.043] [main/DEBUG] [net.minecraftforge.fml.loading.UniqueModListBuilder/]: Found 2 mods for first modid yabn, selecting most recent based on version data
[21Dec2025 15:32:09.043] [main/DEBUG] [net.minecraftforge.fml.loading.UniqueModListBuilder/]: Selected file yabn-1.0.3.jar for modid yabn with version 0.0NONE
[21Dec2025 15:32:09.043] [main/DEBUG] [net.minecraftforge.fml.loading.UniqueModListBuilder/]: Found 2 mods for first modid MixinExtras, selecting most recent based on version data
[21Dec2025 15:32:09.043] [main/DEBUG] [net.minecraftforge.fml.loading.UniqueModListBuilder/]: Selected file MixinExtras-0.4.1.jar for modid MixinExtras with version 0.0NONE
[21Dec2025 15:32:09.045] [main/DEBUG] [net.minecraftforge.fml.loading.ModSorter/]: Configured system mods: [minecraft, forge]
[21Dec2025 15:32:09.045] [main/DEBUG] [net.minecraftforge.fml.loading.ModSorter/]: Found system mod: minecraft
[21Dec2025 15:32:09.045] [main/DEBUG] [net.minecraftforge.fml.loading.ModSorter/]: Found system mod: forge
[21Dec2025 15:32:09.048] [main/DEBUG] [net.minecraftforge.fml.loading.ModSorter/LOADING]: Found 173 mod requirements (161 mandatory, 12 optional)
[21Dec2025 15:32:09.049] [main/DEBUG] [net.minecraftforge.fml.loading.ModSorter/LOADING]: Found 0 mod requirements missing (0 mandatory, 0 optional)
[21Dec2025 15:32:09.708] [main/DEBUG] [cpw.mods.modlauncher.TransformationServicesHandler/MODLAUNCHER]: Transformation services loading transformers
[21Dec2025 15:32:09.708] [main/DEBUG] [cpw.mods.modlauncher.TransformationServiceDecorator/MODLAUNCHER]: Initializing transformers for transformation service mixin
[21Dec2025 15:32:09.709] [main/DEBUG] [cpw.mods.modlauncher.TransformationServiceDecorator/MODLAUNCHER]: Initialized transformers for transformation service mixin
[21Dec2025 15:32:09.709] [main/DEBUG] [cpw.mods.modlauncher.TransformationServiceDecorator/MODLAUNCHER]: Initializing transformers for transformation service fml
[21Dec2025 15:32:09.709] [main/DEBUG] [net.minecraftforge.fml.loading.FMLServiceProvider/CORE]: Loading coremod transformers
[21Dec2025 15:32:09.709] [main/DEBUG] [net.minecraftforge.coremod.CoreModEngine/COREMOD]: Loading CoreMod from potion-effects-shift.js
[21Dec2025 15:32:09.936] [main/DEBUG] [net.minecraftforge.coremod.CoreModEngine/COREMOD]: CoreMod loaded successfully
[21Dec2025 15:32:09.936] [main/DEBUG] [net.minecraftforge.coremod.CoreModEngine/COREMOD]: Loading CoreMod from coremods/field_to_method.js
[21Dec2025 15:32:09.968] [main/DEBUG] [net.minecraftforge.coremod.CoreModEngine/COREMOD]: CoreMod loaded successfully
[21Dec2025 15:32:09.968] [main/DEBUG] [net.minecraftforge.coremod.CoreModEngine/COREMOD]: Loading CoreMod from coremods/field_to_instanceof.js
[21Dec2025 15:32:10.001] [main/DEBUG] [net.minecraftforge.coremod.CoreModEngine/COREMOD]: CoreMod loaded successfully
[21Dec2025 15:32:10.002] [main/DEBUG] [net.minecraftforge.coremod.CoreModEngine/COREMOD]: Loading CoreMod from coremods/add_bouncer_method.js
[21Dec2025 15:32:10.031] [main/DEBUG] [net.minecraftforge.coremod.CoreModEngine/COREMOD]: CoreMod loaded successfully
[21Dec2025 15:32:10.032] [main/DEBUG] [net.minecraftforge.coremod.CoreModEngine/COREMOD]: Loading CoreMod from coremods/method_redirector.js
[21Dec2025 15:32:10.087] [main/DEBUG] [net.minecraftforge.coremod.CoreModEngine/COREMOD]: CoreMod loaded successfully
[21Dec2025 15:32:10.095] [main/DEBUG] [cpw.mods.modlauncher.TransformStore/MODLAUNCHER]: Adding transformer net.minecraftforge.coremod.transformer.CoreModClassTransformer@35b17c06 to Target : CLASS {Lnet/minecraft/world/level/biome/Biome;} {} {V}
[21Dec2025 15:32:10.096] [main/DEBUG] [cpw.mods.modlauncher.TransformStore/MODLAUNCHER]: Adding transformer net.minecraftforge.coremod.transformer.CoreModClassTransformer@7e62cfa3 to Target : CLASS {Lnet/minecraft/world/level/levelgen/structure/Structure;} {} {V}
[21Dec2025 15:32:10.096] [main/DEBUG] [cpw.mods.modlauncher.TransformStore/MODLAUNCHER]: Adding transformer net.minecraftforge.coremod.transformer.CoreModClassTransformer@46e190ed to Target : CLASS {Lnet/minecraft/world/effect/MobEffectInstance;} {} {V}
[21Dec2025 15:32:10.096] [main/DEBUG] [cpw.mods.modlauncher.TransformStore/MODLAUNCHER]: Adding transformer net.minecraftforge.coremod.transformer.CoreModClassTransformer@383c3eb3 to Target : CLASS {Lnet/minecraft/world/level/block/LiquidBlock;} {} {V}
[21Dec2025 15:32:10.096] [main/DEBUG] [cpw.mods.modlauncher.TransformStore/MODLAUNCHER]: Adding transformer net.minecraftforge.coremod.transformer.CoreModClassTransformer@20ab76ee to Target : CLASS {Lnet/minecraft/world/item/BucketItem;} {} {V}
[21Dec2025 15:32:10.096] [main/DEBUG] [cpw.mods.modlauncher.TransformStore/MODLAUNCHER]: Adding transformer net.minecraftforge.coremod.transformer.CoreModClassTransformer@485caa8f to Target : CLASS {Lnet/minecraft/world/level/block/StairBlock;} {} {V}
[21Dec2025 15:32:10.097] [main/DEBUG] [cpw.mods.modlauncher.TransformStore/MODLAUNCHER]: Adding transformer net.minecraftforge.coremod.transformer.CoreModClassTransformer@2703d91 to Target : CLASS {Lnet/minecraft/world/level/block/FlowerPotBlock;} {} {V}
[21Dec2025 15:32:10.097] [main/DEBUG] [cpw.mods.modlauncher.TransformStore/MODLAUNCHER]: Adding transformer net.minecraftforge.coremod.transformer.CoreModClassTransformer@5be052ca to Target : CLASS {Lnet/minecraft/world/item/ItemStack;} {} {V}
[21Dec2025 15:32:10.097] [main/DEBUG] [cpw.mods.modlauncher.TransformStore/MODLAUNCHER]: Adding transformer net.minecraftforge.coremod.transformer.CoreModClassTransformer@2007435e to Target : CLASS {Lnet/minecraft/network/play/client/CClientSettingsPacket;} {} {V}
[21Dec2025 15:32:10.097] [main/DEBUG] [cpw.mods.modlauncher.TransformStore/MODLAUNCHER]: Adding transformer net.minecraftforge.coremod.transformer.CoreModClassTransformer@da28d03 to Target : CLASS {Lnet/minecraft/world/entity/monster/Spider;} {} {V}
[21Dec2025 15:32:10.097] [main/DEBUG] [cpw.mods.modlauncher.TransformStore/MODLAUNCHER]: Adding transformer net.minecraftforge.coremod.transformer.CoreModClassTransformer@da28d03 to Target : CLASS {Lnet/minecraft/server/commands/RaidCommand;} {} {V}
[21Dec2025 15:32:10.097] [main/DEBUG] [cpw.mods.modlauncher.TransformStore/MODLAUNCHER]: Adding transformer net.minecraftforge.coremod.transformer.CoreModClassTransformer@da28d03 to Target : CLASS {Lnet/minecraft/server/commands/SummonCommand;} {} {V}
[21Dec2025 15:32:10.097] [main/DEBUG] [cpw.mods.modlauncher.TransformStore/MODLAUNCHER]: Adding transformer net.minecraftforge.coremod.transformer.CoreModClassTransformer@da28d03 to Target : CLASS {Lnet/minecraft/world/entity/ai/village/VillageSiege;} {} {V}
[21Dec2025 15:32:10.097] [main/DEBUG] [cpw.mods.modlauncher.TransformStore/MODLAUNCHER]: Adding transformer net.minecraftforge.coremod.transformer.CoreModClassTransformer@da28d03 to Target : CLASS {Lnet/minecraft/world/entity/monster/ZombieVillager;} {} {V}
[21Dec2025 15:32:10.098] [main/DEBUG] [cpw.mods.modlauncher.TransformStore/MODLAUNCHER]: Adding transformer net.minecraftforge.coremod.transformer.CoreModClassTransformer@da28d03 to Target : CLASS {Lnet/minecraft/world/level/levelgen/structure/structures/OceanMonumentPieces$OceanMonumentPiece;} {} {V}
[21Dec2025 15:32:10.098] [main/DEBUG] [cpw.mods.modlauncher.TransformStore/MODLAUNCHER]: Adding transformer net.minecraftforge.coremod.transformer.CoreModClassTransformer@da28d03 to Target : CLASS {Lnet/minecraft/world/level/levelgen/structure/structures/SwampHutPiece;} {} {V}
[21Dec2025 15:32:10.098] [main/DEBUG] [cpw.mods.modlauncher.TransformStore/MODLAUNCHER]: Adding transformer net.minecraftforge.coremod.transformer.CoreModClassTransformer@da28d03 to Target : CLASS {Lnet/minecraft/world/entity/monster/Evoker$EvokerSummonSpellGoal;} {} {V}
[21Dec2025 15:32:10.098] [main/DEBUG] [cpw.mods.modlauncher.TransformStore/MODLAUNCHER]: Adding transformer net.minecraftforge.coremod.transformer.CoreModClassTransformer@da28d03 to Target : CLASS {Lnet/minecraft/world/level/levelgen/structure/structures/WoodlandMansionPieces$WoodlandMansionPiece;} {} {V}
[21Dec2025 15:32:10.098] [main/DEBUG] [cpw.mods.modlauncher.TransformStore/MODLAUNCHER]: Adding transformer net.minecraftforge.coremod.transformer.CoreModClassTransformer@da28d03 to Target : CLASS {Lnet/minecraft/world/entity/animal/frog/Tadpole;} {} {V}
[21Dec2025 15:32:10.098] [main/DEBUG] [cpw.mods.modlauncher.TransformStore/MODLAUNCHER]: Adding transformer net.minecraftforge.coremod.transformer.CoreModClassTransformer@da28d03 to Target : CLASS {Lnet/minecraft/world/entity/monster/Zombie;} {} {V}
[21Dec2025 15:32:10.098] [main/DEBUG] [cpw.mods.modlauncher.TransformStore/MODLAUNCHER]: Adding transformer net.minecraftforge.coremod.transformer.CoreModClassTransformer@da28d03 to Target : CLASS {Lnet/minecraft/world/entity/animal/horse/SkeletonTrapGoal;} {} {V}
[21Dec2025 15:32:10.098] [main/DEBUG] [cpw.mods.modlauncher.TransformStore/MODLAUNCHER]: Adding transformer net.minecraftforge.coremod.transformer.CoreModClassTransformer@da28d03 to Target : CLASS {Lnet/minecraft/world/level/NaturalSpawner;} {} {V}
[21Dec2025 15:32:10.098] [main/DEBUG] [cpw.mods.modlauncher.TransformStore/MODLAUNCHER]: Adding transformer net.minecraftforge.coremod.transformer.CoreModClassTransformer@da28d03 to Target : CLASS {Lnet/minecraft/world/level/levelgen/PatrolSpawner;} {} {V}
[21Dec2025 15:32:10.098] [main/DEBUG] [cpw.mods.modlauncher.TransformStore/MODLAUNCHER]: Adding transformer net.minecraftforge.coremod.transformer.CoreModClassTransformer@da28d03 to Target : CLASS {Lnet/minecraft/world/level/levelgen/structure/structures/OceanRuinPieces$OceanRuinPiece;} {} {V}
[21Dec2025 15:32:10.098] [main/DEBUG] [cpw.mods.modlauncher.TransformStore/MODLAUNCHER]: Adding transformer net.minecraftforge.coremod.transformer.CoreModClassTransformer@da28d03 to Target : CLASS {Lnet/minecraft/world/entity/EntityType;} {} {V}
[21Dec2025 15:32:10.098] [main/DEBUG] [cpw.mods.modlauncher.TransformStore/MODLAUNCHER]: Adding transformer net.minecraftforge.coremod.transformer.CoreModClassTransformer@da28d03 to Target : CLASS {Lnet/minecraft/world/entity/monster/Strider;} {} {V}
[21Dec2025 15:32:10.099] [main/DEBUG] [cpw.mods.modlauncher.TransformStore/MODLAUNCHER]: Adding transformer net.minecraftforge.coremod.transformer.CoreModClassTransformer@da28d03 to Target : CLASS {Lnet/minecraft/world/entity/raid/Raid;} {} {V}
[21Dec2025 15:32:10.099] [main/DEBUG] [cpw.mods.modlauncher.TransformStore/MODLAUNCHER]: Adding transformer net.minecraftforge.coremod.transformer.CoreModClassTransformer@da28d03 to Target : CLASS {Lnet/minecraft/world/entity/npc/CatSpawner;} {} {V}
[21Dec2025 15:32:10.099] [main/DEBUG] [cpw.mods.modlauncher.TransformStore/MODLAUNCHER]: Adding transformer net.minecraftforge.coremod.transformer.CoreModClassTransformer@da28d03 to Target : CLASS {Lnet/minecraft/world/entity/npc/Villager;} {} {V}
[21Dec2025 15:32:10.099] [main/DEBUG] [cpw.mods.modlauncher.TransformStore/MODLAUNCHER]: Adding transformer net.minecraftforge.coremod.transformer.CoreModClassTransformer@da28d03 to Target : CLASS {Lnet/minecraft/world/level/levelgen/PhantomSpawner;} {} {V}
[21Dec2025 15:32:10.099] [main/DEBUG] [cpw.mods.modlauncher.TransformStore/MODLAUNCHER]: Adding transformer net.minecraftforge.coremod.transformer.CoreModClassTransformer@da28d03 to Target : CLASS {Lnet/minecraft/world/level/levelgen/structure/templatesystem/StructureTemplate;} {} {V}
[21Dec2025 15:32:10.099] [main/DEBUG] [cpw.mods.modlauncher.TransformStore/MODLAUNCHER]: Adding transformer net.minecraftforge.coremod.transformer.CoreModMethodTransformer@5792c08c to Target : METHOD {Lnet/minecraft/client/gui/Gui;} {m_93028_} {(Lcom/mojang/blaze3d/vertex/PoseStack;)V}
[21Dec2025 15:32:10.099] [main/DEBUG] [cpw.mods.modlauncher.TransformationServiceDecorator/MODLAUNCHER]: Initialized transformers for transformation service fml
[21Dec2025 15:32:11.777] [main/DEBUG] [mixin/]: Processing prepare() for PlatformAgent[MixinPlatformAgentDefault:ModLauncher Root Container(ModLauncher:4f56a0a2)]
[21Dec2025 15:32:11.778] [main/DEBUG] [mixin/]: Processing launch tasks for PlatformAgent[MixinPlatformAgentDefault:ModLauncher Root Container(ModLauncher:4f56a0a2)]
[21Dec2025 15:32:11.778] [main/DEBUG] [mixin/]: Adding mixin platform agents for container SecureJarResource(treechop)
[21Dec2025 15:32:11.778] [main/DEBUG] [mixin/]: Instancing new MixinPlatformAgentMinecraftForge for SecureJarResource(treechop)
[21Dec2025 15:32:11.778] [main/DEBUG] [mixin/]: MixinPlatformAgentMinecraftForge rejected container SecureJarResource(treechop)
[21Dec2025 15:32:11.778] [main/DEBUG] [mixin/]: Instancing new MixinPlatformAgentDefault for SecureJarResource(treechop)
[21Dec2025 15:32:11.778] [main/DEBUG] [mixin/]: MixinPlatformAgentDefault accepted container SecureJarResource(treechop)
[21Dec2025 15:32:11.778] [main/DEBUG] [mixin/]: Processing prepare() for PlatformAgent[MixinPlatformAgentDefault:SecureJarResource(treechop)]
[21Dec2025 15:32:11.778] [main/DEBUG] [mixin/]: Registering mixin config: treechop.mixins.json
[21Dec2025 15:32:11.792] [main/DEBUG] [mixin/]: Compatibility level JAVA_17 specified by treechop.mixins.json is higher than the maximum level supported by this version of mixin (JAVA_13).
[21Dec2025 15:32:11.795] [main/INFO] [mixin/]: Compatibility level set to JAVA_17
[21Dec2025 15:32:11.795] [main/DEBUG] [mixin/]: Adding mixin platform agents for container SecureJarResource(easy_npc)
[21Dec2025 15:32:11.796] [main/DEBUG] [mixin/]: Instancing new MixinPlatformAgentMinecraftForge for SecureJarResource(easy_npc)
[21Dec2025 15:32:11.796] [main/DEBUG] [mixin/]: MixinPlatformAgentMinecraftForge rejected container SecureJarResource(easy_npc)
[21Dec2025 15:32:11.796] [main/DEBUG] [mixin/]: Instancing new MixinPlatformAgentDefault for SecureJarResource(easy_npc)
[21Dec2025 15:32:11.796] [main/DEBUG] [mixin/]: MixinPlatformAgentDefault accepted container SecureJarResource(easy_npc)
[21Dec2025 15:32:11.796] [main/DEBUG] [mixin/]: Processing prepare() for PlatformAgent[MixinPlatformAgentDefault:SecureJarResource(easy_npc)]
[21Dec2025 15:32:11.796] [main/DEBUG] [mixin/]: Adding mixin platform agents for container SecureJarResource(mowziesmobs)
[21Dec2025 15:32:11.796] [main/DEBUG] [mixin/]: Instancing new MixinPlatformAgentMinecraftForge for SecureJarResource(mowziesmobs)
[21Dec2025 15:32:11.796] [main/DEBUG] [mixin/]: MixinPlatformAgentMinecraftForge rejected container SecureJarResource(mowziesmobs)
[21Dec2025 15:32:11.796] [main/DEBUG] [mixin/]: Instancing new MixinPlatformAgentDefault for SecureJarResource(mowziesmobs)
[21Dec2025 15:32:11.796] [main/DEBUG] [mixin/]: MixinPlatformAgentDefault accepted container SecureJarResource(mowziesmobs)
[21Dec2025 15:32:11.796] [main/DEBUG] [mixin/]: Processing prepare() for PlatformAgent[MixinPlatformAgentDefault:SecureJarResource(mowziesmobs)]
[21Dec2025 15:32:11.796] [main/DEBUG] [mixin/]: Registering mixin config: mowziesmobs.mixins.json
[21Dec2025 15:32:11.799] [main/DEBUG] [mixin/]: Adding mixin platform agents for container SecureJarResource(kuma_api)
[21Dec2025 15:32:11.799] [main/DEBUG] [mixin/]: Instancing new MixinPlatformAgentMinecraftForge for SecureJarResource(kuma_api)
[21Dec2025 15:32:11.799] [main/DEBUG] [mixin/]: MixinPlatformAgentMinecraftForge rejected container SecureJarResource(kuma_api)
[21Dec2025 15:32:11.799] [main/DEBUG] [mixin/]: Instancing new MixinPlatformAgentDefault for SecureJarResource(kuma_api)
[21Dec2025 15:32:11.799] [main/DEBUG] [mixin/]: MixinPlatformAgentDefault accepted container SecureJarResource(kuma_api)
[21Dec2025 15:32:11.799] [main/DEBUG] [mixin/]: Processing prepare() for PlatformAgent[MixinPlatformAgentDefault:SecureJarResource(kuma_api)]
[21Dec2025 15:32:11.799] [main/DEBUG] [mixin/]: Registering mixin config: kuma_api.mixins.json
[21Dec2025 15:32:11.801] [main/DEBUG] [mixin/]: Registering mixin config: kuma_api.forge.mixins.json
[21Dec2025 15:32:11.804] [main/DEBUG] [mixin/]: Adding mixin platform agents for container SecureJarResource(animation_overhaul)
[21Dec2025 15:32:11.804] [main/DEBUG] [mixin/]: Instancing new MixinPlatformAgentMinecraftForge for SecureJarResource(animation_overhaul)
[21Dec2025 15:32:11.804] [main/DEBUG] [mixin/]: MixinPlatformAgentMinecraftForge rejected container SecureJarResource(animation_overhaul)
[21Dec2025 15:32:11.804] [main/DEBUG] [mixin/]: Instancing new MixinPlatformAgentDefault for SecureJarResource(animation_overhaul)
[21Dec2025 15:32:11.804] [main/DEBUG] [mixin/]: MixinPlatformAgentDefault accepted container SecureJarResource(animation_overhaul)
[21Dec2025 15:32:11.804] [main/DEBUG] [mixin/]: Processing prepare() for PlatformAgent[MixinPlatformAgentDefault:SecureJarResource(animation_overhaul)]
[21Dec2025 15:32:11.805] [main/DEBUG] [mixin/]: Registering mixin config: animation_overhaul.mixins.json
[21Dec2025 15:32:11.807] [main/DEBUG] [mixin/]: Adding mixin platform agents for container SecureJarResource(geckolib)
[21Dec2025 15:32:11.807] [main/DEBUG] [mixin/]: Instancing new MixinPlatformAgentMinecraftForge for SecureJarResource(geckolib)
[21Dec2025 15:32:11.807] [main/DEBUG] [mixin/]: MixinPlatformAgentMinecraftForge rejected container SecureJarResource(geckolib)
[21Dec2025 15:32:11.807] [main/DEBUG] [mixin/]: Instancing new MixinPlatformAgentDefault for SecureJarResource(geckolib)
[21Dec2025 15:32:11.807] [main/DEBUG] [mixin/]: MixinPlatformAgentDefault accepted container SecureJarResource(geckolib)
[21Dec2025 15:32:11.807] [main/DEBUG] [mixin/]: Processing prepare() for PlatformAgent[MixinPlatformAgentDefault:SecureJarResource(geckolib)]
[21Dec2025 15:32:11.807] [main/DEBUG] [mixin/]: Registering mixin config: geckolib.mixins.json
[21Dec2025 15:32:11.809] [main/DEBUG] [mixin/]: Adding mixin platform agents for container SecureJarResource(beautify)
[21Dec2025 15:32:11.809] [main/DEBUG] [mixin/]: Instancing new MixinPlatformAgentMinecraftForge for SecureJarResource(beautify)
[21Dec2025 15:32:11.810] [main/DEBUG] [mixin/]: MixinPlatformAgentMinecraftForge rejected container SecureJarResource(beautify)
[21Dec2025 15:32:11.810] [main/DEBUG] [mixin/]: Instancing new MixinPlatformAgentDefault for SecureJarResource(beautify)
[21Dec2025 15:32:11.810] [main/DEBUG] [mixin/]: MixinPlatformAgentDefault accepted container SecureJarResource(beautify)
[21Dec2025 15:32:11.810] [main/DEBUG] [mixin/]: Processing prepare() for PlatformAgent[MixinPlatformAgentDefault:SecureJarResource(beautify)]
[21Dec2025 15:32:11.810] [main/DEBUG] [mixin/]: Adding mixin platform agents for container SecureJarResource(playeranimator)
[21Dec2025 15:32:11.810] [main/DEBUG] [mixin/]: Instancing new MixinPlatformAgentMinecraftForge for SecureJarResource(playeranimator)
[21Dec2025 15:32:11.810] [main/DEBUG] [mixin/]: MixinPlatformAgentMinecraftForge rejected container SecureJarResource(playeranimator)
[21Dec2025 15:32:11.810] [main/DEBUG] [mixin/]: Instancing new MixinPlatformAgentDefault for SecureJarResource(playeranimator)
[21Dec2025 15:32:11.810] [main/DEBUG] [mixin/]: MixinPlatformAgentDefault accepted container SecureJarResource(playeranimator)
[21Dec2025 15:32:11.810] [main/DEBUG] [mixin/]: Processing prepare() for PlatformAgent[MixinPlatformAgentDefault:SecureJarResource(playeranimator)]
[21Dec2025 15:32:11.810] [main/DEBUG] [mixin/]: Registering mixin config: playerAnimator-common.mixins.json
[21Dec2025 15:32:11.812] [main/DEBUG] [mixin/]: Compatibility level JAVA_16 specified by playerAnimator-common.mixins.json is higher than the maximum level supported by this version of mixin (JAVA_13).
[21Dec2025 15:32:11.813] [main/DEBUG] [mixin/]: Adding mixin platform agents for container SecureJarResource(jei)
[21Dec2025 15:32:11.813] [main/DEBUG] [mixin/]: Instancing new MixinPlatformAgentMinecraftForge for SecureJarResource(jei)
[21Dec2025 15:32:11.813] [main/DEBUG] [mixin/]: MixinPlatformAgentMinecraftForge rejected container SecureJarResource(jei)
[21Dec2025 15:32:11.813] [main/DEBUG] [mixin/]: Instancing new MixinPlatformAgentDefault for SecureJarResource(jei)
[21Dec2025 15:32:11.813] [main/DEBUG] [mixin/]: MixinPlatformAgentDefault accepted container SecureJarResource(jei)
[21Dec2025 15:32:11.813] [main/DEBUG] [mixin/]: Processing prepare() for PlatformAgent[MixinPlatformAgentDefault:SecureJarResource(jei)]
[21Dec2025 15:32:11.813] [main/DEBUG] [mixin/]: Adding mixin platform agents for container SecureJarResource(graveyard)
[21Dec2025 15:32:11.813] [main/DEBUG] [mixin/]: Instancing new MixinPlatformAgentMinecraftForge for SecureJarResource(graveyard)
[21Dec2025 15:32:11.813] [main/DEBUG] [mixin/]: MixinPlatformAgentMinecraftForge rejected container SecureJarResource(graveyard)
[21Dec2025 15:32:11.813] [main/DEBUG] [mixin/]: Instancing new MixinPlatformAgentDefault for SecureJarResource(graveyard)
[21Dec2025 15:32:11.813] [main/DEBUG] [mixin/]: MixinPlatformAgentDefault accepted container SecureJarResource(graveyard)
[21Dec2025 15:32:11.813] [main/DEBUG] [mixin/]: Processing prepare() for PlatformAgent[MixinPlatformAgentDefault:SecureJarResource(graveyard)]
[21Dec2025 15:32:11.814] [main/DEBUG] [mixin/]: Registering mixin config: graveyard-common.mixins.json
[21Dec2025 15:32:11.816] [main/DEBUG] [mixin/]: Registering mixin config: graveyard-forge.mixins.json
[21Dec2025 15:32:11.862] [main/DEBUG] [mixin/]: Adding mixin platform agents for container SecureJarResource(slashblade)
[21Dec2025 15:32:11.862] [main/DEBUG] [mixin/]: Instancing new MixinPlatformAgentMinecraftForge for SecureJarResource(slashblade)
[21Dec2025 15:32:11.862] [main/DEBUG] [mixin/]: MixinPlatformAgentMinecraftForge rejected container SecureJarResource(slashblade)
[21Dec2025 15:32:11.862] [main/DEBUG] [mixin/]: Instancing new MixinPlatformAgentDefault for SecureJarResource(slashblade)
[21Dec2025 15:32:11.862] [main/DEBUG] [mixin/]: MixinPlatformAgentDefault accepted container SecureJarResource(slashblade)
[21Dec2025 15:32:11.862] [main/DEBUG] [mixin/]: Processing prepare() for PlatformAgent[MixinPlatformAgentDefault:SecureJarResource(slashblade)]
[21Dec2025 15:32:11.862] [main/DEBUG] [mixin/]: Registering mixin config: slashblade.mixins.json
[21Dec2025 15:32:11.865] [main/DEBUG] [mixin/]: Compatibility level JAVA_8 specified by slashblade.mixins.json is lower than the default level supported by the current mixin service (JAVA_16).
[21Dec2025 15:32:11.865] [main/DEBUG] [mixin/]: Adding mixin platform agents for container SecureJarResource(libraryferret)
[21Dec2025 15:32:11.865] [main/DEBUG] [mixin/]: Instancing new MixinPlatformAgentMinecraftForge for SecureJarResource(libraryferret)
[21Dec2025 15:32:11.865] [main/DEBUG] [mixin/]: MixinPlatformAgentMinecraftForge rejected container SecureJarResource(libraryferret)
[21Dec2025 15:32:11.865] [main/DEBUG] [mixin/]: Instancing new MixinPlatformAgentDefault for SecureJarResource(libraryferret)
[21Dec2025 15:32:11.865] [main/DEBUG] [mixin/]: MixinPlatformAgentDefault accepted container SecureJarResource(libraryferret)
[21Dec2025 15:32:11.866] [main/DEBUG] [mixin/]: Processing prepare() for PlatformAgent[MixinPlatformAgentDefault:SecureJarResource(libraryferret)]
[21Dec2025 15:32:11.866] [main/DEBUG] [mixin/]: Adding mixin platform agents for container SecureJarResource(goblintraders)
[21Dec2025 15:32:11.866] [main/DEBUG] [mixin/]: Instancing new MixinPlatformAgentMinecraftForge for SecureJarResource(goblintraders)
[21Dec2025 15:32:11.866] [main/DEBUG] [mixin/]: MixinPlatformAgentMinecraftForge rejected container SecureJarResource(goblintraders)
[21Dec2025 15:32:11.866] [main/DEBUG] [mixin/]: Instancing new MixinPlatformAgentDefault for SecureJarResource(goblintraders)
[21Dec2025 15:32:11.866] [main/DEBUG] [mixin/]: MixinPlatformAgentDefault accepted container SecureJarResource(goblintraders)
[21Dec2025 15:32:11.866] [main/DEBUG] [mixin/]: Processing prepare() for PlatformAgent[MixinPlatformAgentDefault:SecureJarResource(goblintraders)]
[21Dec2025 15:32:11.866] [main/DEBUG] [mixin/]: Registering mixin config: goblintraders.common.mixins.json
[21Dec2025 15:32:11.868] [main/DEBUG] [mixin/]: Adding mixin platform agents for container SecureJarResource(mcwwindows)
[21Dec2025 15:32:11.869] [main/DEBUG] [mixin/]: Instancing new MixinPlatformAgentMinecraftForge for SecureJarResource(mcwwindows)
[21Dec2025 15:32:11.869] [main/DEBUG] [mixin/]: MixinPlatformAgentMinecraftForge rejected container SecureJarResource(mcwwindows)
[21Dec2025 15:32:11.869] [main/DEBUG] [mixin/]: Instancing new MixinPlatformAgentDefault for SecureJarResource(mcwwindows)
[21Dec2025 15:32:11.869] [main/DEBUG] [mixin/]: MixinPlatformAgentDefault accepted container SecureJarResource(mcwwindows)
[21Dec2025 15:32:11.869] [main/DEBUG] [mixin/]: Processing prepare() for PlatformAgent[MixinPlatformAgentDefault:SecureJarResource(mcwwindows)]
[21Dec2025 15:32:11.870] [main/DEBUG] [mixin/]: Adding mixin platform agents for container SecureJarResource(caelus)
[21Dec2025 15:32:11.870] [main/DEBUG] [mixin/]: Instancing new MixinPlatformAgentMinecraftForge for SecureJarResource(caelus)
[21Dec2025 15:32:11.870] [main/DEBUG] [mixin/]: MixinPlatformAgentMinecraftForge rejected container SecureJarResource(caelus)
[21Dec2025 15:32:11.870] [main/DEBUG] [mixin/]: Instancing new MixinPlatformAgentDefault for SecureJarResource(caelus)
[21Dec2025 15:32:11.870] [main/DEBUG] [mixin/]: MixinPlatformAgentDefault accepted container SecureJarResource(caelus)
[21Dec2025 15:32:11.870] [main/DEBUG] [mixin/]: Processing prepare() for PlatformAgent[MixinPlatformAgentDefault:SecureJarResource(caelus)]
[21Dec2025 15:32:11.870] [main/DEBUG] [mixin/]: Registering mixin config: caelus.mixins.json
[21Dec2025 15:32:11.871] [main/DEBUG] [mixin/]: Adding mixin platform agents for container SecureJarResource(stalwart_dungeons)
[21Dec2025 15:32:11.871] [main/DEBUG] [mixin/]: Instancing new MixinPlatformAgentMinecraftForge for SecureJarResource(stalwart_dungeons)
[21Dec2025 15:32:11.871] [main/DEBUG] [mixin/]: MixinPlatformAgentMinecraftForge rejected container SecureJarResource(stalwart_dungeons)
[21Dec2025 15:32:11.871] [main/DEBUG] [mixin/]: Instancing new MixinPlatformAgentDefault for SecureJarResource(stalwart_dungeons)
[21Dec2025 15:32:11.871] [main/DEBUG] [mixin/]: MixinPlatformAgentDefault accepted container SecureJarResource(stalwart_dungeons)
[21Dec2025 15:32:11.872] [main/DEBUG] [mixin/]: Processing prepare() for PlatformAgent[MixinPlatformAgentDefault:SecureJarResource(stalwart_dungeons)]
[21Dec2025 15:32:11.872] [main/DEBUG] [mixin/]: Adding mixin platform agents for container SecureJarResource(obscure_api)
[21Dec2025 15:32:11.872] [main/DEBUG] [mixin/]: Instancing new MixinPlatformAgentMinecraftForge for SecureJarResource(obscure_api)
[21Dec2025 15:32:11.872] [main/DEBUG] [mixin/]: MixinPlatformAgentMinecraftForge rejected container SecureJarResource(obscure_api)
[21Dec2025 15:32:11.872] [main/DEBUG] [mixin/]: Instancing new MixinPlatformAgentDefault for SecureJarResource(obscure_api)
[21Dec2025 15:32:11.872] [main/DEBUG] [mixin/]: MixinPlatformAgentDefault accepted container SecureJarResource(obscure_api)
[21Dec2025 15:32:11.872] [main/DEBUG] [mixin/]: Processing prepare() for PlatformAgent[MixinPlatformAgentDefault:SecureJarResource(obscure_api)]
[21Dec2025 15:32:11.872] [main/DEBUG] [mixin/]: Registering mixin config: obscure_api.mixins.json
[21Dec2025 15:32:11.874] [main/DEBUG] [mixin/]: Adding mixin platform agents for container SecureJarResource(sophisticatedcore)
[21Dec2025 15:32:11.874] [main/DEBUG] [mixin/]: Instancing new MixinPlatformAgentMinecraftForge for SecureJarResource(sophisticatedcore)
[21Dec2025 15:32:11.874] [main/DEBUG] [mixin/]: MixinPlatformAgentMinecraftForge rejected container SecureJarResource(sophisticatedcore)
[21Dec2025 15:32:11.874] [main/DEBUG] [mixin/]: Instancing new MixinPlatformAgentDefault for SecureJarResource(sophisticatedcore)
[21Dec2025 15:32:11.874] [main/DEBUG] [mixin/]: MixinPlatformAgentDefault accepted container SecureJarResource(sophisticatedcore)
[21Dec2025 15:32:11.874] [main/DEBUG] [mixin/]: Processing prepare() for PlatformAgent[MixinPlatformAgentDefault:SecureJarResource(sophisticatedcore)]
[21Dec2025 15:32:11.874] [main/DEBUG] [mixin/]: Adding mixin platform agents for container SecureJarResource(waystones)
[21Dec2025 15:32:11.874] [main/DEBUG] [mixin/]: Instancing new MixinPlatformAgentMinecraftForge for SecureJarResource(waystones)
[21Dec2025 15:32:11.874] [main/DEBUG] [mixin/]: MixinPlatformAgentMinecraftForge rejected container SecureJarResource(waystones)
[21Dec2025 15:32:11.874] [main/DEBUG] [mixin/]: Instancing new MixinPlatformAgentDefault for SecureJarResource(waystones)
[21Dec2025 15:32:11.874] [main/DEBUG] [mixin/]: MixinPlatformAgentDefault accepted container SecureJarResource(waystones)
[21Dec2025 15:32:11.874] [main/DEBUG] [mixin/]: Processing prepare() for PlatformAgent[MixinPlatformAgentDefault:SecureJarResource(waystones)]
[21Dec2025 15:32:11.874] [main/DEBUG] [mixin/]: Registering mixin config: waystones.mixins.json
[21Dec2025 15:32:11.876] [main/DEBUG] [mixin/]: Adding mixin platform agents for container SecureJarResource(journeymap)
[21Dec2025 15:32:11.876] [main/DEBUG] [mixin/]: Instancing new MixinPlatformAgentMinecraftForge for SecureJarResource(journeymap)
[21Dec2025 15:32:11.876] [main/DEBUG] [mixin/]: MixinPlatformAgentMinecraftForge rejected container SecureJarResource(journeymap)
[21Dec2025 15:32:11.876] [main/DEBUG] [mixin/]: Instancing new MixinPlatformAgentDefault for SecureJarResource(journeymap)
[21Dec2025 15:32:11.876] [main/DEBUG] [mixin/]: MixinPlatformAgentDefault accepted container SecureJarResource(journeymap)
[21Dec2025 15:32:11.876] [main/DEBUG] [mixin/]: Processing prepare() for PlatformAgent[MixinPlatformAgentDefault:SecureJarResource(journeymap)]
[21Dec2025 15:32:11.876] [main/DEBUG] [mixin/]: Registering mixin config: journeymap.mixins.json
[21Dec2025 15:32:11.878] [main/DEBUG] [mixin/]: Adding mixin platform agents for container SecureJarResource(citadel)
[21Dec2025 15:32:11.878] [main/DEBUG] [mixin/]: Instancing new MixinPlatformAgentMinecraftForge for SecureJarResource(citadel)
[21Dec2025 15:32:11.878] [main/DEBUG] [mixin/]: MixinPlatformAgentMinecraftForge rejected container SecureJarResource(citadel)
[21Dec2025 15:32:11.878] [main/DEBUG] [mixin/]: Instancing new MixinPlatformAgentDefault for SecureJarResource(citadel)
[21Dec2025 15:32:11.878] [main/DEBUG] [mixin/]: MixinPlatformAgentDefault accepted container SecureJarResource(citadel)
[21Dec2025 15:32:11.878] [main/DEBUG] [mixin/]: Processing prepare() for PlatformAgent[MixinPlatformAgentDefault:SecureJarResource(citadel)]
[21Dec2025 15:32:11.878] [main/DEBUG] [mixin/]: Registering mixin config: citadel.mixins.json
[21Dec2025 15:32:11.881] [main/DEBUG] [mixin/]: Adding mixin platform agents for container SecureJarResource(naturescompass)
[21Dec2025 15:32:11.881] [main/DEBUG] [mixin/]: Instancing new MixinPlatformAgentMinecraftForge for SecureJarResource(naturescompass)
[21Dec2025 15:32:11.881] [main/DEBUG] [mixin/]: MixinPlatformAgentMinecraftForge rejected container SecureJarResource(naturescompass)
[21Dec2025 15:32:11.881] [main/DEBUG] [mixin/]: Instancing new MixinPlatformAgentDefault for SecureJarResource(naturescompass)
[21Dec2025 15:32:11.881] [main/DEBUG] [mixin/]: MixinPlatformAgentDefault accepted container SecureJarResource(naturescompass)
[21Dec2025 15:32:11.881] [main/DEBUG] [mixin/]: Processing prepare() for PlatformAgent[MixinPlatformAgentDefault:SecureJarResource(naturescompass)]
[21Dec2025 15:32:11.881] [main/DEBUG] [mixin/]: Adding mixin platform agents for container SecureJarResource(artifacts)
[21Dec2025 15:32:11.881] [main/DEBUG] [mixin/]: Instancing new MixinPlatformAgentMinecraftForge for SecureJarResource(artifacts)
[21Dec2025 15:32:11.882] [main/DEBUG] [mixin/]: MixinPlatformAgentMinecraftForge rejected container SecureJarResource(artifacts)
[21Dec2025 15:32:11.882] [main/DEBUG] [mixin/]: Instancing new MixinPlatformAgentDefault for SecureJarResource(artifacts)
[21Dec2025 15:32:11.882] [main/DEBUG] [mixin/]: MixinPlatformAgentDefault accepted container SecureJarResource(artifacts)
[21Dec2025 15:32:11.882] [main/DEBUG] [mixin/]: Processing prepare() for PlatformAgent[MixinPlatformAgentDefault:SecureJarResource(artifacts)]
[21Dec2025 15:32:11.882] [main/DEBUG] [mixin/]: Registering mixin config: mixins.artifacts.common.json
[21Dec2025 15:32:11.883] [main/DEBUG] [mixin/]: Registering mixin config: mixins.artifacts.forge.json
[21Dec2025 15:32:11.885] [main/DEBUG] [mixin/]: Adding mixin platform agents for container SecureJarResource(yungsapi)
[21Dec2025 15:32:11.885] [main/DEBUG] [mixin/]: Instancing new MixinPlatformAgentMinecraftForge for SecureJarResource(yungsapi)
[21Dec2025 15:32:11.885] [main/DEBUG] [mixin/]: MixinPlatformAgentMinecraftForge rejected container SecureJarResource(yungsapi)
[21Dec2025 15:32:11.885] [main/DEBUG] [mixin/]: Instancing new MixinPlatformAgentDefault for SecureJarResource(yungsapi)
[21Dec2025 15:32:11.885] [main/DEBUG] [mixin/]: MixinPlatformAgentDefault accepted container SecureJarResource(yungsapi)
[21Dec2025 15:32:11.885] [main/DEBUG] [mixin/]: Processing prepare() for PlatformAgent[MixinPlatformAgentDefault:SecureJarResource(yungsapi)]
[21Dec2025 15:32:11.885] [main/DEBUG] [mixin/]: Registering mixin config: yungsapi.mixins.json
[21Dec2025 15:32:11.887] [main/DEBUG] [mixin/]: Registering mixin config: yungsapi_forge.mixins.json
[21Dec2025 15:32:11.888] [main/DEBUG] [mixin/]: Adding mixin platform agents for container SecureJarResource(mixinextras)
[21Dec2025 15:32:11.888] [main/DEBUG] [mixin/]: Instancing new MixinPlatformAgentMinecraftForge for SecureJarResource(mixinextras)
[21Dec2025 15:32:11.888] [main/DEBUG] [mixin/]: MixinPlatformAgentMinecraftForge rejected container SecureJarResource(mixinextras)
[21Dec2025 15:32:11.888] [main/DEBUG] [mixin/]: Instancing new MixinPlatformAgentDefault for SecureJarResource(mixinextras)
[21Dec2025 15:32:11.888] [main/DEBUG] [mixin/]: MixinPlatformAgentDefault accepted container SecureJarResource(mixinextras)
[21Dec2025 15:32:11.888] [main/DEBUG] [mixin/]: Processing prepare() for PlatformAgent[MixinPlatformAgentDefault:SecureJarResource(mixinextras)]
[21Dec2025 15:32:11.888] [main/DEBUG] [mixin/]: Registering mixin config: mixinextras.init.mixins.json
[21Dec2025 15:32:11.890] [main/DEBUG] [mixin/]: Adding mixin platform agents for container SecureJarResource(call_of_yucutan)
[21Dec2025 15:32:11.890] [main/DEBUG] [mixin/]: Instancing new MixinPlatformAgentMinecraftForge for SecureJarResource(call_of_yucutan)
[21Dec2025 15:32:11.890] [main/DEBUG] [mixin/]: MixinPlatformAgentMinecraftForge rejected container SecureJarResource(call_of_yucutan)
[21Dec2025 15:32:11.890] [main/DEBUG] [mixin/]: Instancing new MixinPlatformAgentDefault for SecureJarResource(call_of_yucutan)
[21Dec2025 15:32:11.890] [main/DEBUG] [mixin/]: MixinPlatformAgentDefault accepted container SecureJarResource(call_of_yucutan)
[21Dec2025 15:32:11.890] [main/DEBUG] [mixin/]: Processing prepare() for PlatformAgent[MixinPlatformAgentDefault:SecureJarResource(call_of_yucutan)]
[21Dec2025 15:32:11.890] [main/DEBUG] [mixin/]: Registering mixin config: mixins.call_of_yucutan.json
[21Dec2025 15:32:11.892] [main/DEBUG] [mixin/]: Adding mixin platform agents for container SecureJarResource(redeco)
[21Dec2025 15:32:11.892] [main/DEBUG] [mixin/]: Instancing new MixinPlatformAgentMinecraftForge for SecureJarResource(redeco)
[21Dec2025 15:32:11.892] [main/DEBUG] [mixin/]: MixinPlatformAgentMinecraftForge rejected container SecureJarResource(redeco)
[21Dec2025 15:32:11.892] [main/DEBUG] [mixin/]: Instancing new MixinPlatformAgentDefault for SecureJarResource(redeco)
[21Dec2025 15:32:11.892] [main/DEBUG] [mixin/]: MixinPlatformAgentDefault accepted container SecureJarResource(redeco)
[21Dec2025 15:32:11.892] [main/DEBUG] [mixin/]: Processing prepare() for PlatformAgent[MixinPlatformAgentDefault:SecureJarResource(redeco)]
[21Dec2025 15:32:11.892] [main/DEBUG] [mixin/]: Adding mixin platform agents for container SecureJarResource(sophisticatedbackpacks)
[21Dec2025 15:32:11.892] [main/DEBUG] [mixin/]: Instancing new MixinPlatformAgentMinecraftForge for SecureJarResource(sophisticatedbackpacks)
[21Dec2025 15:32:11.892] [main/DEBUG] [mixin/]: MixinPlatformAgentMinecraftForge rejected container SecureJarResource(sophisticatedbackpacks)
[21Dec2025 15:32:11.892] [main/DEBUG] [mixin/]: Instancing new MixinPlatformAgentDefault for SecureJarResource(sophisticatedbackpacks)
[21Dec2025 15:32:11.892] [main/DEBUG] [mixin/]: MixinPlatformAgentDefault accepted container SecureJarResource(sophisticatedbackpacks)
[21Dec2025 15:32:11.892] [main/DEBUG] [mixin/]: Processing prepare() for PlatformAgent[MixinPlatformAgentDefault:SecureJarResource(sophisticatedbackpacks)]
[21Dec2025 15:32:11.892] [main/DEBUG] [mixin/]: Adding mixin platform agents for container SecureJarResource(relics)
[21Dec2025 15:32:11.892] [main/DEBUG] [mixin/]: Instancing new MixinPlatformAgentMinecraftForge for SecureJarResource(relics)
[21Dec2025 15:32:11.892] [main/DEBUG] [mixin/]: MixinPlatformAgentMinecraftForge rejected container SecureJarResource(relics)
[21Dec2025 15:32:11.892] [main/DEBUG] [mixin/]: Instancing new MixinPlatformAgentDefault for SecureJarResource(relics)
[21Dec2025 15:32:11.892] [main/DEBUG] [mixin/]: MixinPlatformAgentDefault accepted container SecureJarResource(relics)
[21Dec2025 15:32:11.892] [main/DEBUG] [mixin/]: Processing prepare() for PlatformAgent[MixinPlatformAgentDefault:SecureJarResource(relics)]
[21Dec2025 15:32:11.892] [main/DEBUG] [mixin/]: Registering mixin config: relics.mixins.json
[21Dec2025 15:32:11.896] [main/DEBUG] [mixin/]: Compatibility level JAVA_8 specified by relics.mixins.json is lower than the default level supported by the current mixin service (JAVA_16).
[21Dec2025 15:32:11.896] [main/DEBUG] [mixin/]: Adding mixin platform agents for container SecureJarResource(explorerscompass)
[21Dec2025 15:32:11.896] [main/DEBUG] [mixin/]: Instancing new MixinPlatformAgentMinecraftForge for SecureJarResource(explorerscompass)
[21Dec2025 15:32:11.896] [main/DEBUG] [mixin/]: MixinPlatformAgentMinecraftForge rejected container SecureJarResource(explorerscompass)
[21Dec2025 15:32:11.896] [main/DEBUG] [mixin/]: Instancing new MixinPlatformAgentDefault for SecureJarResource(explorerscompass)
[21Dec2025 15:32:11.897] [main/DEBUG] [mixin/]: MixinPlatformAgentDefault accepted container SecureJarResource(explorerscompass)
[21Dec2025 15:32:11.897] [main/DEBUG] [mixin/]: Processing prepare() for PlatformAgent[MixinPlatformAgentDefault:SecureJarResource(explorerscompass)]
[21Dec2025 15:32:11.897] [main/DEBUG] [mixin/]: Adding mixin platform agents for container SecureJarResource(balm)
[21Dec2025 15:32:11.897] [main/DEBUG] [mixin/]: Instancing new MixinPlatformAgentMinecraftForge for SecureJarResource(balm)
[21Dec2025 15:32:11.897] [main/DEBUG] [mixin/]: MixinPlatformAgentMinecraftForge rejected container SecureJarResource(balm)
[21Dec2025 15:32:11.897] [main/DEBUG] [mixin/]: Instancing new MixinPlatformAgentDefault for SecureJarResource(balm)
[21Dec2025 15:32:11.897] [main/DEBUG] [mixin/]: MixinPlatformAgentDefault accepted container SecureJarResource(balm)
[21Dec2025 15:32:11.897] [main/DEBUG] [mixin/]: Processing prepare() for PlatformAgent[MixinPlatformAgentDefault:SecureJarResource(balm)]
[21Dec2025 15:32:11.897] [main/DEBUG] [mixin/]: Registering mixin config: balm.mixins.json
[21Dec2025 15:32:11.899] [main/DEBUG] [mixin/]: Adding mixin platform agents for container SecureJarResource(jeresources)
[21Dec2025 15:32:11.899] [main/DEBUG] [mixin/]: Instancing new MixinPlatformAgentMinecraftForge for SecureJarResource(jeresources)
[21Dec2025 15:32:11.899] [main/DEBUG] [mixin/]: MixinPlatformAgentMinecraftForge rejected container SecureJarResource(jeresources)
[21Dec2025 15:32:11.899] [main/DEBUG] [mixin/]: Instancing new MixinPlatformAgentDefault for SecureJarResource(jeresources)
[21Dec2025 15:32:11.899] [main/DEBUG] [mixin/]: MixinPlatformAgentDefault accepted container SecureJarResource(jeresources)
[21Dec2025 15:32:11.899] [main/DEBUG] [mixin/]: Processing prepare() for PlatformAgent[MixinPlatformAgentDefault:SecureJarResource(jeresources)]
[21Dec2025 15:32:11.899] [main/DEBUG] [mixin/]: Adding mixin platform agents for container SecureJarResource(watut)
[21Dec2025 15:32:11.899] [main/DEBUG] [mixin/]: Instancing new MixinPlatformAgentMinecraftForge for SecureJarResource(watut)
[21Dec2025 15:32:11.899] [main/DEBUG] [mixin/]: MixinPlatformAgentMinecraftForge rejected container SecureJarResource(watut)
[21Dec2025 15:32:11.899] [main/DEBUG] [mixin/]: Instancing new MixinPlatformAgentDefault for SecureJarResource(watut)
[21Dec2025 15:32:11.899] [main/DEBUG] [mixin/]: MixinPlatformAgentDefault accepted container SecureJarResource(watut)
[21Dec2025 15:32:11.899] [main/DEBUG] [mixin/]: Processing prepare() for PlatformAgent[MixinPlatformAgentDefault:SecureJarResource(watut)]
[21Dec2025 15:32:11.899] [main/DEBUG] [mixin/]: Registering mixin config: watut.mixins.json
[21Dec2025 15:32:11.901] [main/DEBUG] [mixin/]: Adding mixin platform agents for container SecureJarResource(cloth_config)
[21Dec2025 15:32:11.901] [main/DEBUG] [mixin/]: Instancing new MixinPlatformAgentMinecraftForge for SecureJarResource(cloth_config)
[21Dec2025 15:32:11.901] [main/DEBUG] [mixin/]: MixinPlatformAgentMinecraftForge rejected container SecureJarResource(cloth_config)
[21Dec2025 15:32:11.901] [main/DEBUG] [mixin/]: Instancing new MixinPlatformAgentDefault for SecureJarResource(cloth_config)
[21Dec2025 15:32:11.901] [main/DEBUG] [mixin/]: MixinPlatformAgentDefault accepted container SecureJarResource(cloth_config)
[21Dec2025 15:32:11.901] [main/DEBUG] [mixin/]: Processing prepare() for PlatformAgent[MixinPlatformAgentDefault:SecureJarResource(cloth_config)]
[21Dec2025 15:32:11.901] [main/DEBUG] [mixin/]: Adding mixin platform agents for container SecureJarResource(forge)
[21Dec2025 15:32:11.901] [main/DEBUG] [mixin/]: Instancing new MixinPlatformAgentMinecraftForge for SecureJarResource(forge)
[21Dec2025 15:32:11.901] [main/DEBUG] [mixin/]: MixinPlatformAgentMinecraftForge rejected container SecureJarResource(forge)
[21Dec2025 15:32:11.901] [main/DEBUG] [mixin/]: Instancing new MixinPlatformAgentDefault for SecureJarResource(forge)
[21Dec2025 15:32:11.901] [main/DEBUG] [mixin/]: MixinPlatformAgentDefault accepted container SecureJarResource(forge)
[21Dec2025 15:32:11.901] [main/DEBUG] [mixin/]: Processing prepare() for PlatformAgent[MixinPlatformAgentDefault:SecureJarResource(forge)]
[21Dec2025 15:32:11.901] [main/DEBUG] [mixin/]: Adding mixin platform agents for container SecureJarResource(travelerstitles)
[21Dec2025 15:32:11.901] [main/DEBUG] [mixin/]: Instancing new MixinPlatformAgentMinecraftForge for SecureJarResource(travelerstitles)
[21Dec2025 15:32:11.901] [main/DEBUG] [mixin/]: MixinPlatformAgentMinecraftForge rejected container SecureJarResource(travelerstitles)
[21Dec2025 15:32:11.901] [main/DEBUG] [mixin/]: Instancing new MixinPlatformAgentDefault for SecureJarResource(travelerstitles)
[21Dec2025 15:32:11.901] [main/DEBUG] [mixin/]: MixinPlatformAgentDefault accepted container SecureJarResource(travelerstitles)
[21Dec2025 15:32:11.901] [main/DEBUG] [mixin/]: Processing prepare() for PlatformAgent[MixinPlatformAgentDefault:SecureJarResource(travelerstitles)]
[21Dec2025 15:32:11.901] [main/DEBUG] [mixin/]: Registering mixin config: travelerstitles.mixins.json
[21Dec2025 15:32:11.903] [main/DEBUG] [mixin/]: Registering mixin config: travelerstitles_forge.mixins.json
[21Dec2025 15:32:11.905] [main/DEBUG] [mixin/]: Adding mixin platform agents for container SecureJarResource(slashblade_addon)
[21Dec2025 15:32:11.905] [main/DEBUG] [mixin/]: Instancing new MixinPlatformAgentMinecraftForge for SecureJarResource(slashblade_addon)
[21Dec2025 15:32:11.905] [main/DEBUG] [mixin/]: MixinPlatformAgentMinecraftForge rejected container SecureJarResource(slashblade_addon)
[21Dec2025 15:32:11.905] [main/DEBUG] [mixin/]: Instancing new MixinPlatformAgentDefault for SecureJarResource(slashblade_addon)
[21Dec2025 15:32:11.905] [main/DEBUG] [mixin/]: MixinPlatformAgentDefault accepted container SecureJarResource(slashblade_addon)
[21Dec2025 15:32:11.905] [main/DEBUG] [mixin/]: Processing prepare() for PlatformAgent[MixinPlatformAgentDefault:SecureJarResource(slashblade_addon)]
[21Dec2025 15:32:11.905] [main/DEBUG] [mixin/]: Adding mixin platform agents for container SecureJarResource(konkrete)
[21Dec2025 15:32:11.905] [main/DEBUG] [mixin/]: Instancing new MixinPlatformAgentMinecraftForge for SecureJarResource(konkrete)
[21Dec2025 15:32:11.905] [main/DEBUG] [mixin/]: MixinPlatformAgentMinecraftForge rejected container SecureJarResource(konkrete)
[21Dec2025 15:32:11.905] [main/DEBUG] [mixin/]: Instancing new MixinPlatformAgentDefault for SecureJarResource(konkrete)
[21Dec2025 15:32:11.905] [main/DEBUG] [mixin/]: MixinPlatformAgentDefault accepted container SecureJarResource(konkrete)
[21Dec2025 15:32:11.905] [main/DEBUG] [mixin/]: Processing prepare() for PlatformAgent[MixinPlatformAgentDefault:SecureJarResource(konkrete)]
[21Dec2025 15:32:11.905] [main/DEBUG] [mixin/]: Registering mixin config: konkrete.mixin.json
[21Dec2025 15:32:11.907] [main/DEBUG] [mixin/]: Adding mixin platform agents for container SecureJarResource(embeddium)
[21Dec2025 15:32:11.907] [main/DEBUG] [mixin/]: Instancing new MixinPlatformAgentMinecraftForge for SecureJarResource(embeddium)
[21Dec2025 15:32:11.907] [main/DEBUG] [mixin/]: MixinPlatformAgentMinecraftForge rejected container SecureJarResource(embeddium)
[21Dec2025 15:32:11.907] [main/DEBUG] [mixin/]: Instancing new MixinPlatformAgentDefault for SecureJarResource(embeddium)
[21Dec2025 15:32:11.908] [main/DEBUG] [mixin/]: MixinPlatformAgentDefault accepted container SecureJarResource(embeddium)
[21Dec2025 15:32:11.908] [main/DEBUG] [mixin/]: Processing prepare() for PlatformAgent[MixinPlatformAgentDefault:SecureJarResource(embeddium)]
[21Dec2025 15:32:11.908] [main/DEBUG] [mixin/]: Registering mixin config: embeddium.mixins.json
[21Dec2025 15:32:11.909] [main/DEBUG] [mixin/]: Adding mixin platform agents for container SecureJarResource(athena)
[21Dec2025 15:32:11.910] [main/DEBUG] [mixin/]: Instancing new MixinPlatformAgentMinecraftForge for SecureJarResource(athena)
[21Dec2025 15:32:11.910] [main/DEBUG] [mixin/]: MixinPlatformAgentMinecraftForge rejected container SecureJarResource(athena)
[21Dec2025 15:32:11.910] [main/DEBUG] [mixin/]: Instancing new MixinPlatformAgentDefault for SecureJarResource(athena)
[21Dec2025 15:32:11.910] [main/DEBUG] [mixin/]: MixinPlatformAgentDefault accepted container SecureJarResource(athena)
[21Dec2025 15:32:11.910] [main/DEBUG] [mixin/]: Processing prepare() for PlatformAgent[MixinPlatformAgentDefault:SecureJarResource(athena)]
[21Dec2025 15:32:11.910] [main/DEBUG] [mixin/]: Registering mixin config: athena.mixins.json
[21Dec2025 15:32:11.911] [main/DEBUG] [mixin/]: Registering mixin config: athena-forge.mixins.json
[21Dec2025 15:32:11.913] [main/DEBUG] [mixin/]: Adding mixin platform agents for container SecureJarResource(minecraft)
[21Dec2025 15:32:11.913] [main/DEBUG] [mixin/]: Instancing new MixinPlatformAgentMinecraftForge for SecureJarResource(minecraft)
[21Dec2025 15:32:11.913] [main/DEBUG] [mixin/]: MixinPlatformAgentMinecraftForge rejected container SecureJarResource(minecraft)
[21Dec2025 15:32:11.913] [main/DEBUG] [mixin/]: Instancing new MixinPlatformAgentDefault for SecureJarResource(minecraft)
[21Dec2025 15:32:11.913] [main/DEBUG] [mixin/]: MixinPlatformAgentDefault accepted container SecureJarResource(minecraft)
[21Dec2025 15:32:11.913] [main/DEBUG] [mixin/]: Processing prepare() for PlatformAgent[MixinPlatformAgentDefault:SecureJarResource(minecraft)]
[21Dec2025 15:32:11.913] [main/DEBUG] [mixin/]: Adding mixin platform agents for container SecureJarResource(farmersdelight)
[21Dec2025 15:32:11.913] [main/DEBUG] [mixin/]: Instancing new MixinPlatformAgentMinecraftForge for SecureJarResource(farmersdelight)
[21Dec2025 15:32:11.913] [main/DEBUG] [mixin/]: MixinPlatformAgentMinecraftForge rejected container SecureJarResource(farmersdelight)
[21Dec2025 15:32:11.913] [main/DEBUG] [mixin/]: Instancing new MixinPlatformAgentDefault for SecureJarResource(farmersdelight)
[21Dec2025 15:32:11.913] [main/DEBUG] [mixin/]: MixinPlatformAgentDefault accepted container SecureJarResource(farmersdelight)
[21Dec2025 15:32:11.913] [main/DEBUG] [mixin/]: Processing prepare() for PlatformAgent[MixinPlatformAgentDefault:SecureJarResource(farmersdelight)]
[21Dec2025 15:32:11.913] [main/DEBUG] [mixin/]: Registering mixin config: farmersdelight.mixins.json
[21Dec2025 15:32:11.916] [main/DEBUG] [mixin/]: Adding mixin platform agents for container SecureJarResource(vanillaplustools)
[21Dec2025 15:32:11.916] [main/DEBUG] [mixin/]: Instancing new MixinPlatformAgentMinecraftForge for SecureJarResource(vanillaplustools)
[21Dec2025 15:32:11.916] [main/DEBUG] [mixin/]: MixinPlatformAgentMinecraftForge rejected container SecureJarResource(vanillaplustools)
[21Dec2025 15:32:11.916] [main/DEBUG] [mixin/]: Instancing new MixinPlatformAgentDefault for SecureJarResource(vanillaplustools)
[21Dec2025 15:32:11.916] [main/DEBUG] [mixin/]: MixinPlatformAgentDefault accepted container SecureJarResource(vanillaplustools)
[21Dec2025 15:32:11.916] [main/DEBUG] [mixin/]: Processing prepare() for PlatformAgent[MixinPlatformAgentDefault:SecureJarResource(vanillaplustools)]
[21Dec2025 15:32:11.916] [main/DEBUG] [mixin/]: Adding mixin platform agents for container SecureJarResource(torchmaster)
[21Dec2025 15:32:11.916] [main/DEBUG] [mixin/]: Instancing new MixinPlatformAgentMinecraftForge for SecureJarResource(torchmaster)
[21Dec2025 15:32:11.916] [main/DEBUG] [mixin/]: MixinPlatformAgentMinecraftForge rejected container SecureJarResource(torchmaster)
[21Dec2025 15:32:11.916] [main/DEBUG] [mixin/]: Instancing new MixinPlatformAgentDefault for SecureJarResource(torchmaster)
[21Dec2025 15:32:11.916] [main/DEBUG] [mixin/]: MixinPlatformAgentDefault accepted container SecureJarResource(torchmaster)
[21Dec2025 15:32:11.916] [main/DEBUG] [mixin/]: Processing prepare() for PlatformAgent[MixinPlatformAgentDefault:SecureJarResource(torchmaster)]
[21Dec2025 15:32:11.916] [main/DEBUG] [mixin/]: Adding mixin platform agents for container SecureJarResource(handcrafted)
[21Dec2025 15:32:11.916] [main/DEBUG] [mixin/]: Instancing new MixinPlatformAgentMinecraftForge for SecureJarResource(handcrafted)
[21Dec2025 15:32:11.916] [main/DEBUG] [mixin/]: MixinPlatformAgentMinecraftForge rejected container SecureJarResource(handcrafted)
[21Dec2025 15:32:11.916] [main/DEBUG] [mixin/]: Instancing new MixinPlatformAgentDefault for SecureJarResource(handcrafted)
[21Dec2025 15:32:11.916] [main/DEBUG] [mixin/]: MixinPlatformAgentDefault accepted container SecureJarResource(handcrafted)
[21Dec2025 15:32:11.916] [main/DEBUG] [mixin/]: Processing prepare() for PlatformAgent[MixinPlatformAgentDefault:SecureJarResource(handcrafted)]
[21Dec2025 15:32:11.917] [main/DEBUG] [mixin/]: Registering mixin config: handcrafted-common.mixins.json
[21Dec2025 15:32:11.920] [main/DEBUG] [mixin/]: Registering mixin config: handcrafted.mixins.json
[21Dec2025 15:32:11.922] [main/DEBUG] [mixin/]: Adding mixin platform agents for container SecureJarResource(alexscaves)
[21Dec2025 15:32:11.922] [main/DEBUG] [mixin/]: Instancing new MixinPlatformAgentMinecraftForge for SecureJarResource(alexscaves)
[21Dec2025 15:32:11.922] [main/DEBUG] [mixin/]: MixinPlatformAgentMinecraftForge rejected container SecureJarResource(alexscaves)
[21Dec2025 15:32:11.922] [main/DEBUG] [mixin/]: Instancing new MixinPlatformAgentDefault for SecureJarResource(alexscaves)
[21Dec2025 15:32:11.922] [main/DEBUG] [mixin/]: MixinPlatformAgentDefault accepted container SecureJarResource(alexscaves)
[21Dec2025 15:32:11.922] [main/DEBUG] [mixin/]: Processing prepare() for PlatformAgent[MixinPlatformAgentDefault:SecureJarResource(alexscaves)]
[21Dec2025 15:32:11.922] [main/DEBUG] [mixin/]: Registering mixin config: citadel.mixins.json
[21Dec2025 15:32:11.922] [main/DEBUG] [mixin/]: Registering mixin config: alexscaves.mixins.json
[21Dec2025 15:32:11.974] [main/DEBUG] [mixin/]: Adding mixin platform agents for container SecureJarResource(terrablender)
[21Dec2025 15:32:11.974] [main/DEBUG] [mixin/]: Instancing new MixinPlatformAgentMinecraftForge for SecureJarResource(terrablender)
[21Dec2025 15:32:11.974] [main/DEBUG] [mixin/]: MixinPlatformAgentMinecraftForge rejected container SecureJarResource(terrablender)
[21Dec2025 15:32:11.974] [main/DEBUG] [mixin/]: Instancing new MixinPlatformAgentDefault for SecureJarResource(terrablender)
[21Dec2025 15:32:11.974] [main/DEBUG] [mixin/]: MixinPlatformAgentDefault accepted container SecureJarResource(terrablender)
[21Dec2025 15:32:11.974] [main/DEBUG] [mixin/]: Processing prepare() for PlatformAgent[MixinPlatformAgentDefault:SecureJarResource(terrablender)]
[21Dec2025 15:32:11.974] [main/DEBUG] [mixin/]: Registering mixin config: terrablender.mixins.json
[21Dec2025 15:32:11.976] [main/DEBUG] [mixin/]: Registering mixin config: terrablender_forge.mixins.json
[21Dec2025 15:32:11.977] [main/DEBUG] [mixin/]: Adding mixin platform agents for container SecureJarResource(necronomicon)
[21Dec2025 15:32:11.977] [main/DEBUG] [mixin/]: Instancing new MixinPlatformAgentMinecraftForge for SecureJarResource(necronomicon)
[21Dec2025 15:32:11.977] [main/DEBUG] [mixin/]: MixinPlatformAgentMinecraftForge rejected container SecureJarResource(necronomicon)
[21Dec2025 15:32:11.977] [main/DEBUG] [mixin/]: Instancing new MixinPlatformAgentDefault for SecureJarResource(necronomicon)
[21Dec2025 15:32:11.977] [main/DEBUG] [mixin/]: MixinPlatformAgentDefault accepted container SecureJarResource(necronomicon)
[21Dec2025 15:32:11.977] [main/DEBUG] [mixin/]: Processing prepare() for PlatformAgent[MixinPlatformAgentDefault:SecureJarResource(necronomicon)]
[21Dec2025 15:32:11.977] [main/DEBUG] [mixin/]: Registering mixin config: necronomicon.forge.mixins.json
[21Dec2025 15:32:11.979] [main/DEBUG] [mixin/]: Compatibility level JAVA_16 specified by necronomicon.forge.mixins.json is higher than the maximum level supported by this version of mixin (JAVA_13).
[21Dec2025 15:32:11.979] [main/ERROR] [mixin/]: Mixin config necronomicon.forge.mixins.json does not specify "minVersion" property
[21Dec2025 15:32:11.979] [main/DEBUG] [mixin/]: Adding mixin platform agents for container SecureJarResource(biomesoplenty)
[21Dec2025 15:32:11.979] [main/DEBUG] [mixin/]: Instancing new MixinPlatformAgentMinecraftForge for SecureJarResource(biomesoplenty)
[21Dec2025 15:32:11.979] [main/DEBUG] [mixin/]: MixinPlatformAgentMinecraftForge rejected container SecureJarResource(biomesoplenty)
[21Dec2025 15:32:11.979] [main/DEBUG] [mixin/]: Instancing new MixinPlatformAgentDefault for SecureJarResource(biomesoplenty)
[21Dec2025 15:32:11.979] [main/DEBUG] [mixin/]: MixinPlatformAgentDefault accepted container SecureJarResource(biomesoplenty)
[21Dec2025 15:32:11.979] [main/DEBUG] [mixin/]: Processing prepare() for PlatformAgent[MixinPlatformAgentDefault:SecureJarResource(biomesoplenty)]
[21Dec2025 15:32:11.979] [main/DEBUG] [mixin/]: Adding mixin platform agents for container SecureJarResource(creativecore)
[21Dec2025 15:32:11.979] [main/DEBUG] [mixin/]: Instancing new MixinPlatformAgentMinecraftForge for SecureJarResource(creativecore)
[21Dec2025 15:32:11.979] [main/DEBUG] [mixin/]: MixinPlatformAgentMinecraftForge rejected container SecureJarResource(creativecore)
[21Dec2025 15:32:11.979] [main/DEBUG] [mixin/]: Instancing new MixinPlatformAgentDefault for SecureJarResource(creativecore)
[21Dec2025 15:32:11.979] [main/DEBUG] [mixin/]: MixinPlatformAgentDefault accepted container SecureJarResource(creativecore)
[21Dec2025 15:32:11.979] [main/DEBUG] [mixin/]: Processing prepare() for PlatformAgent[MixinPlatformAgentDefault:SecureJarResource(creativecore)]
[21Dec2025 15:32:11.979] [main/DEBUG] [mixin/]: Registering mixin config: creativecore.mixins.json
[21Dec2025 15:32:11.981] [main/DEBUG] [mixin/]: Registering mixin config: creativecore.forge.mixins.json
[21Dec2025 15:32:11.982] [main/DEBUG] [mixin/]: Adding mixin platform agents for container SecureJarResource(supermartijn642corelib)
[21Dec2025 15:32:11.982] [main/DEBUG] [mixin/]: Instancing new MixinPlatformAgentMinecraftForge for SecureJarResource(supermartijn642corelib)
[21Dec2025 15:32:11.982] [main/DEBUG] [mixin/]: MixinPlatformAgentMinecraftForge rejected container SecureJarResource(supermartijn642corelib)
[21Dec2025 15:32:11.982] [main/DEBUG] [mixin/]: Instancing new MixinPlatformAgentDefault for SecureJarResource(supermartijn642corelib)
[21Dec2025 15:32:11.982] [main/DEBUG] [mixin/]: MixinPlatformAgentDefault accepted container SecureJarResource(supermartijn642corelib)
[21Dec2025 15:32:11.982] [main/DEBUG] [mixin/]: Processing prepare() for PlatformAgent[MixinPlatformAgentDefault:SecureJarResource(supermartijn642corelib)]
[21Dec2025 15:32:11.982] [main/DEBUG] [mixin/]: Registering mixin config: supermartijn642corelib.mixins.json
[21Dec2025 15:32:11.983] [main/DEBUG] [mixin/]: Adding mixin platform agents for container SecureJarResource(fairylights)
[21Dec2025 15:32:11.983] [main/DEBUG] [mixin/]: Instancing new MixinPlatformAgentMinecraftForge for SecureJarResource(fairylights)
[21Dec2025 15:32:11.983] [main/DEBUG] [mixin/]: MixinPlatformAgentMinecraftForge rejected container SecureJarResource(fairylights)
[21Dec2025 15:32:11.983] [main/DEBUG] [mixin/]: Instancing new MixinPlatformAgentDefault for SecureJarResource(fairylights)
[21Dec2025 15:32:11.983] [main/DEBUG] [mixin/]: MixinPlatformAgentDefault accepted container SecureJarResource(fairylights)
[21Dec2025 15:32:11.983] [main/DEBUG] [mixin/]: Processing prepare() for PlatformAgent[MixinPlatformAgentDefault:SecureJarResource(fairylights)]
[21Dec2025 15:32:11.983] [main/DEBUG] [mixin/]: Registering mixin config: fairylights.mixins.json
[21Dec2025 15:32:11.985] [main/DEBUG] [mixin/]: Adding mixin platform agents for container SecureJarResource(lionfishapi)
[21Dec2025 15:32:11.985] [main/DEBUG] [mixin/]: Instancing new MixinPlatformAgentMinecraftForge for SecureJarResource(lionfishapi)
[21Dec2025 15:32:11.985] [main/DEBUG] [mixin/]: MixinPlatformAgentMinecraftForge rejected container SecureJarResource(lionfishapi)
[21Dec2025 15:32:11.985] [main/DEBUG] [mixin/]: Instancing new MixinPlatformAgentDefault for SecureJarResource(lionfishapi)
[21Dec2025 15:32:11.985] [main/DEBUG] [mixin/]: MixinPlatformAgentDefault accepted container SecureJarResource(lionfishapi)
[21Dec2025 15:32:11.985] [main/DEBUG] [mixin/]: Processing prepare() for PlatformAgent[MixinPlatformAgentDefault:SecureJarResource(lionfishapi)]
[21Dec2025 15:32:11.985] [main/DEBUG] [mixin/]: Registering mixin config: lionfishapi.mixins.json
[21Dec2025 15:32:11.987] [main/DEBUG] [mixin/]: Adding mixin platform agents for container SecureJarResource(portablemobs)
[21Dec2025 15:32:11.987] [main/DEBUG] [mixin/]: Instancing new MixinPlatformAgentMinecraftForge for SecureJarResource(portablemobs)
[21Dec2025 15:32:11.987] [main/DEBUG] [mixin/]: MixinPlatformAgentMinecraftForge rejected container SecureJarResource(portablemobs)
[21Dec2025 15:32:11.987] [main/DEBUG] [mixin/]: Instancing new MixinPlatformAgentDefault for SecureJarResource(portablemobs)
[21Dec2025 15:32:11.987] [main/DEBUG] [mixin/]: MixinPlatformAgentDefault accepted container SecureJarResource(portablemobs)
[21Dec2025 15:32:11.987] [main/DEBUG] [mixin/]: Processing prepare() for PlatformAgent[MixinPlatformAgentDefault:SecureJarResource(portablemobs)]
[21Dec2025 15:32:11.987] [main/DEBUG] [mixin/]: Adding mixin platform agents for container SecureJarResource(ribbits)
[21Dec2025 15:32:11.987] [main/DEBUG] [mixin/]: Instancing new MixinPlatformAgentMinecraftForge for SecureJarResource(ribbits)
[21Dec2025 15:32:11.987] [main/DEBUG] [mixin/]: MixinPlatformAgentMinecraftForge rejected container SecureJarResource(ribbits)
[21Dec2025 15:32:11.987] [main/DEBUG] [mixin/]: Instancing new MixinPlatformAgentDefault for SecureJarResource(ribbits)
[21Dec2025 15:32:11.987] [main/DEBUG] [mixin/]: MixinPlatformAgentDefault accepted container SecureJarResource(ribbits)
[21Dec2025 15:32:11.987] [main/DEBUG] [mixin/]: Processing prepare() for PlatformAgent[MixinPlatformAgentDefault:SecureJarResource(ribbits)]
[21Dec2025 15:32:11.987] [main/DEBUG] [mixin/]: Registering mixin config: ribbits.mixins.json
[21Dec2025 15:32:11.989] [main/DEBUG] [mixin/]: Registering mixin config: ribbits_forge.mixins.json
[21Dec2025 15:32:11.991] [main/DEBUG] [mixin/]: Adding mixin platform agents for container SecureJarResource(cataclysm)
[21Dec2025 15:32:11.991] [main/DEBUG] [mixin/]: Instancing new MixinPlatformAgentMinecraftForge for SecureJarResource(cataclysm)
[21Dec2025 15:32:11.991] [main/DEBUG] [mixin/]: MixinPlatformAgentMinecraftForge rejected container SecureJarResource(cataclysm)
[21Dec2025 15:32:11.991] [main/DEBUG] [mixin/]: Instancing new MixinPlatformAgentDefault for SecureJarResource(cataclysm)
[21Dec2025 15:32:11.991] [main/DEBUG] [mixin/]: MixinPlatformAgentDefault accepted container SecureJarResource(cataclysm)
[21Dec2025 15:32:11.991] [main/DEBUG] [mixin/]: Processing prepare() for PlatformAgent[MixinPlatformAgentDefault:SecureJarResource(cataclysm)]
[21Dec2025 15:32:11.992] [main/DEBUG] [mixin/]: Registering mixin config: lionfishapi.mixins.json
[21Dec2025 15:32:11.992] [main/DEBUG] [mixin/]: Registering mixin config: cataclysm.mixins.json
[21Dec2025 15:32:11.993] [main/DEBUG] [mixin/]: Adding mixin platform agents for container SecureJarResource(curios)
[21Dec2025 15:32:11.993] [main/DEBUG] [mixin/]: Instancing new MixinPlatformAgentMinecraftForge for SecureJarResource(curios)
[21Dec2025 15:32:11.993] [main/DEBUG] [mixin/]: MixinPlatformAgentMinecraftForge rejected container SecureJarResource(curios)
[21Dec2025 15:32:11.993] [main/DEBUG] [mixin/]: Instancing new MixinPlatformAgentDefault for SecureJarResource(curios)
[21Dec2025 15:32:11.993] [main/DEBUG] [mixin/]: MixinPlatformAgentDefault accepted container SecureJarResource(curios)
[21Dec2025 15:32:11.993] [main/DEBUG] [mixin/]: Processing prepare() for PlatformAgent[MixinPlatformAgentDefault:SecureJarResource(curios)]
[21Dec2025 15:32:11.993] [main/DEBUG] [mixin/]: Registering mixin config: curios.mixins.json
[21Dec2025 15:32:11.995] [main/DEBUG] [mixin/]: Adding mixin platform agents for container SecureJarResource(gravestone)
[21Dec2025 15:32:11.995] [main/DEBUG] [mixin/]: Instancing new MixinPlatformAgentMinecraftForge for SecureJarResource(gravestone)
[21Dec2025 15:32:11.995] [main/DEBUG] [mixin/]: MixinPlatformAgentMinecraftForge rejected container SecureJarResource(gravestone)
[21Dec2025 15:32:11.995] [main/DEBUG] [mixin/]: Instancing new MixinPlatformAgentDefault for SecureJarResource(gravestone)
[21Dec2025 15:32:11.995] [main/DEBUG] [mixin/]: MixinPlatformAgentDefault accepted container SecureJarResource(gravestone)
[21Dec2025 15:32:11.995] [main/DEBUG] [mixin/]: Processing prepare() for PlatformAgent[MixinPlatformAgentDefault:SecureJarResource(gravestone)]
[21Dec2025 15:32:11.995] [main/DEBUG] [mixin/]: Adding mixin platform agents for container SecureJarResource(camera)
[21Dec2025 15:32:11.995] [main/DEBUG] [mixin/]: Instancing new MixinPlatformAgentMinecraftForge for SecureJarResource(camera)
[21Dec2025 15:32:11.995] [main/DEBUG] [mixin/]: MixinPlatformAgentMinecraftForge rejected container SecureJarResource(camera)
[21Dec2025 15:32:11.995] [main/DEBUG] [mixin/]: Instancing new MixinPlatformAgentDefault for SecureJarResource(camera)
[21Dec2025 15:32:11.995] [main/DEBUG] [mixin/]: MixinPlatformAgentDefault accepted container SecureJarResource(camera)
[21Dec2025 15:32:11.995] [main/DEBUG] [mixin/]: Processing prepare() for PlatformAgent[MixinPlatformAgentDefault:SecureJarResource(camera)]
[21Dec2025 15:32:11.995] [main/DEBUG] [mixin/]: Adding mixin platform agents for container SecureJarResource(irons_spellbooks)
[21Dec2025 15:32:11.995] [main/DEBUG] [mixin/]: Instancing new MixinPlatformAgentMinecraftForge for SecureJarResource(irons_spellbooks)
[21Dec2025 15:32:11.995] [main/DEBUG] [mixin/]: MixinPlatformAgentMinecraftForge rejected container SecureJarResource(irons_spellbooks)
[21Dec2025 15:32:11.995] [main/DEBUG] [mixin/]: Instancing new MixinPlatformAgentDefault for SecureJarResource(irons_spellbooks)
[21Dec2025 15:32:11.995] [main/DEBUG] [mixin/]: MixinPlatformAgentDefault accepted container SecureJarResource(irons_spellbooks)
[21Dec2025 15:32:11.995] [main/DEBUG] [mixin/]: Processing prepare() for PlatformAgent[MixinPlatformAgentDefault:SecureJarResource(irons_spellbooks)]
[21Dec2025 15:32:11.995] [main/DEBUG] [mixin/]: Registering mixin config: mixins.irons_spellbooks.json
[21Dec2025 15:32:11.997] [main/DEBUG] [mixin/]: Adding mixin platform agents for container SecureJarResource(bettervillage)
[21Dec2025 15:32:11.997] [main/DEBUG] [mixin/]: Instancing new MixinPlatformAgentMinecraftForge for SecureJarResource(bettervillage)
[21Dec2025 15:32:11.997] [main/DEBUG] [mixin/]: MixinPlatformAgentMinecraftForge rejected container SecureJarResource(bettervillage)
[21Dec2025 15:32:11.997] [main/DEBUG] [mixin/]: Instancing new MixinPlatformAgentDefault for SecureJarResource(bettervillage)
[21Dec2025 15:32:11.997] [main/DEBUG] [mixin/]: MixinPlatformAgentDefault accepted container SecureJarResource(bettervillage)
[21Dec2025 15:32:11.997] [main/DEBUG] [mixin/]: Processing prepare() for PlatformAgent[MixinPlatformAgentDefault:SecureJarResource(bettervillage)]
[21Dec2025 15:32:11.997] [main/DEBUG] [mixin/]: Adding mixin platform agents for container SecureJarResource(resourcefullib)
[21Dec2025 15:32:11.997] [main/DEBUG] [mixin/]: Instancing new MixinPlatformAgentMinecraftForge for SecureJarResource(resourcefullib)
[21Dec2025 15:32:11.997] [main/DEBUG] [mixin/]: MixinPlatformAgentMinecraftForge rejected container SecureJarResource(resourcefullib)
[21Dec2025 15:32:11.997] [main/DEBUG] [mixin/]: Instancing new MixinPlatformAgentDefault for SecureJarResource(resourcefullib)
[21Dec2025 15:32:11.997] [main/DEBUG] [mixin/]: MixinPlatformAgentDefault accepted container SecureJarResource(resourcefullib)
[21Dec2025 15:32:11.997] [main/DEBUG] [mixin/]: Processing prepare() for PlatformAgent[MixinPlatformAgentDefault:SecureJarResource(resourcefullib)]
[21Dec2025 15:32:11.998] [main/DEBUG] [mixin/]: Adding mixin platform agents for container SecureJarResource(coroutil)
[21Dec2025 15:32:11.998] [main/DEBUG] [mixin/]: Instancing new MixinPlatformAgentMinecraftForge for SecureJarResource(coroutil)
[21Dec2025 15:32:11.998] [main/DEBUG] [mixin/]: MixinPlatformAgentMinecraftForge rejected container SecureJarResource(coroutil)
[21Dec2025 15:32:11.998] [main/DEBUG] [mixin/]: Instancing new MixinPlatformAgentDefault for SecureJarResource(coroutil)
[21Dec2025 15:32:11.998] [main/DEBUG] [mixin/]: MixinPlatformAgentDefault accepted container SecureJarResource(coroutil)
[21Dec2025 15:32:11.998] [main/DEBUG] [mixin/]: Processing prepare() for PlatformAgent[MixinPlatformAgentDefault:SecureJarResource(coroutil)]
[21Dec2025 15:32:11.998] [main/DEBUG] [mixin/]: Registering mixin config: coroutil.mixins.json
[21Dec2025 15:32:11.999] [main/DEBUG] [mixin/]: Adding mixin platform agents for container SecureJarResource(fennecfox)
[21Dec2025 15:32:11.999] [main/DEBUG] [mixin/]: Instancing new MixinPlatformAgentMinecraftForge for SecureJarResource(fennecfox)
[21Dec2025 15:32:11.999] [main/DEBUG] [mixin/]: MixinPlatformAgentMinecraftForge rejected container SecureJarResource(fennecfox)
[21Dec2025 15:32:12.000] [main/DEBUG] [mixin/]: Instancing new MixinPlatformAgentDefault for SecureJarResource(fennecfox)
[21Dec2025 15:32:12.000] [main/DEBUG] [mixin/]: MixinPlatformAgentDefault accepted container SecureJarResource(fennecfox)
[21Dec2025 15:32:12.000] [main/DEBUG] [mixin/]: Processing prepare() for PlatformAgent[MixinPlatformAgentDefault:SecureJarResource(fennecfox)]
[21Dec2025 15:32:12.000] [main/DEBUG] [mixin/]: Adding mixin platform agents for container SecureJarResource(architectury)
[21Dec2025 15:32:12.000] [main/DEBUG] [mixin/]: Instancing new MixinPlatformAgentMinecraftForge for SecureJarResource(architectury)
[21Dec2025 15:32:12.000] [main/DEBUG] [mixin/]: MixinPlatformAgentMinecraftForge rejected container SecureJarResource(architectury)
[21Dec2025 15:32:12.000] [main/DEBUG] [mixin/]: Instancing new MixinPlatformAgentDefault for SecureJarResource(architectury)
[21Dec2025 15:32:12.000] [main/DEBUG] [mixin/]: MixinPlatformAgentDefault accepted container SecureJarResource(architectury)
[21Dec2025 15:32:12.000] [main/DEBUG] [mixin/]: Processing prepare() for PlatformAgent[MixinPlatformAgentDefault:SecureJarResource(architectury)]
[21Dec2025 15:32:12.000] [main/DEBUG] [mixin/]: Registering mixin config: architectury.mixins.json
[21Dec2025 15:32:12.002] [main/DEBUG] [mixin/]: Compatibility level JAVA_16 specified by architectury.mixins.json is higher than the maximum level supported by this version of mixin (JAVA_13).
[21Dec2025 15:32:12.002] [main/DEBUG] [mixin/]: Registering mixin config: architectury-common.mixins.json
[21Dec2025 15:32:12.003] [main/DEBUG] [mixin/]: Compatibility level JAVA_16 specified by architectury-common.mixins.json is higher than the maximum level supported by this version of mixin (JAVA_13).
[21Dec2025 15:32:12.004] [main/DEBUG] [mixin/]: Adding mixin platform agents for container SecureJarResource(octolib)
[21Dec2025 15:32:12.004] [main/DEBUG] [mixin/]: Instancing new MixinPlatformAgentMinecraftForge for SecureJarResource(octolib)
[21Dec2025 15:32:12.004] [main/DEBUG] [mixin/]: MixinPlatformAgentMinecraftForge rejected container SecureJarResource(octolib)
[21Dec2025 15:32:12.004] [main/DEBUG] [mixin/]: Instancing new MixinPlatformAgentDefault for SecureJarResource(octolib)
[21Dec2025 15:32:12.004] [main/DEBUG] [mixin/]: MixinPlatformAgentDefault accepted container SecureJarResource(octolib)
[21Dec2025 15:32:12.004] [main/DEBUG] [mixin/]: Processing prepare() for PlatformAgent[MixinPlatformAgentDefault:SecureJarResource(octolib)]
[21Dec2025 15:32:12.004] [main/DEBUG] [mixin/]: Adding mixin platform agents for container SecureJarResource(furniture)
[21Dec2025 15:32:12.004] [main/DEBUG] [mixin/]: Instancing new MixinPlatformAgentMinecraftForge for SecureJarResource(furniture)
[21Dec2025 15:32:12.004] [main/DEBUG] [mixin/]: MixinPlatformAgentMinecraftForge rejected container SecureJarResource(furniture)
[21Dec2025 15:32:12.004] [main/DEBUG] [mixin/]: Instancing new MixinPlatformAgentDefault for SecureJarResource(furniture)
[21Dec2025 15:32:12.004] [main/DEBUG] [mixin/]: MixinPlatformAgentDefault accepted container SecureJarResource(furniture)
[21Dec2025 15:32:12.004] [main/DEBUG] [mixin/]: Processing prepare() for PlatformAgent[MixinPlatformAgentDefault:SecureJarResource(furniture)]
[21Dec2025 15:32:12.004] [main/DEBUG] [mixin/]: Registering mixin config: furniture-common.mixins.json
[21Dec2025 15:32:12.006] [main/ERROR] [mixin/]: Mixin config furniture-common.mixins.json does not specify "minVersion" property
[21Dec2025 15:32:12.006] [main/DEBUG] [mixin/]: Adding mixin platform agents for container SecureJarResource(doapi)
[21Dec2025 15:32:12.006] [main/DEBUG] [mixin/]: Instancing new MixinPlatformAgentMinecraftForge for SecureJarResource(doapi)
[21Dec2025 15:32:12.006] [main/DEBUG] [mixin/]: MixinPlatformAgentMinecraftForge rejected container SecureJarResource(doapi)
[21Dec2025 15:32:12.006] [main/DEBUG] [mixin/]: Instancing new MixinPlatformAgentDefault for SecureJarResource(doapi)
[21Dec2025 15:32:12.006] [main/DEBUG] [mixin/]: MixinPlatformAgentDefault accepted container SecureJarResource(doapi)
[21Dec2025 15:32:12.006] [main/DEBUG] [mixin/]: Processing prepare() for PlatformAgent[MixinPlatformAgentDefault:SecureJarResource(doapi)]
[21Dec2025 15:32:12.006] [main/DEBUG] [mixin/]: Registering mixin config: doapi-common.mixins.json
[21Dec2025 15:32:12.008] [main/DEBUG] [mixin/]: Registering mixin config: doapi.mixins.json
[21Dec2025 15:32:12.010] [main/DEBUG] [mixin/]: Adding mixin platform agents for container SecureJarResource(bakery)
[21Dec2025 15:32:12.010] [main/DEBUG] [mixin/]: Instancing new MixinPlatformAgentMinecraftForge for SecureJarResource(bakery)
[21Dec2025 15:32:12.010] [main/DEBUG] [mixin/]: MixinPlatformAgentMinecraftForge rejected container SecureJarResource(bakery)
[21Dec2025 15:32:12.010] [main/DEBUG] [mixin/]: Instancing new MixinPlatformAgentDefault for SecureJarResource(bakery)
[21Dec2025 15:32:12.010] [main/DEBUG] [mixin/]: MixinPlatformAgentDefault accepted container SecureJarResource(bakery)
[21Dec2025 15:32:12.010] [main/DEBUG] [mixin/]: Processing prepare() for PlatformAgent[MixinPlatformAgentDefault:SecureJarResource(bakery)]
[21Dec2025 15:32:12.010] [main/DEBUG] [mixin/]: Adding mixin platform agents for container SecureJarResource(vinery)
[21Dec2025 15:32:12.010] [main/DEBUG] [mixin/]: Instancing new MixinPlatformAgentMinecraftForge for SecureJarResource(vinery)
[21Dec2025 15:32:12.010] [main/DEBUG] [mixin/]: MixinPlatformAgentMinecraftForge rejected container SecureJarResource(vinery)
[21Dec2025 15:32:12.010] [main/DEBUG] [mixin/]: Instancing new MixinPlatformAgentDefault for SecureJarResource(vinery)
[21Dec2025 15:32:12.010] [main/DEBUG] [mixin/]: MixinPlatformAgentDefault accepted container SecureJarResource(vinery)
[21Dec2025 15:32:12.010] [main/DEBUG] [mixin/]: Processing prepare() for PlatformAgent[MixinPlatformAgentDefault:SecureJarResource(vinery)]
[21Dec2025 15:32:12.010] [main/DEBUG] [mixin/]: Registering mixin config: vinery-common.mixins.json
[21Dec2025 15:32:12.012] [main/DEBUG] [mixin/]: Registering mixin config: vinery.mixins.json
[21Dec2025 15:32:12.013] [main/DEBUG] [mixin/]: Adding mixin platform agents for container SecureJarResource(appleskin)
[21Dec2025 15:32:12.013] [main/DEBUG] [mixin/]: Instancing new MixinPlatformAgentMinecraftForge for SecureJarResource(appleskin)
[21Dec2025 15:32:12.013] [main/DEBUG] [mixin/]: MixinPlatformAgentMinecraftForge rejected container SecureJarResource(appleskin)
[21Dec2025 15:32:12.013] [main/DEBUG] [mixin/]: Instancing new MixinPlatformAgentDefault for SecureJarResource(appleskin)
[21Dec2025 15:32:12.013] [main/DEBUG] [mixin/]: MixinPlatformAgentDefault accepted container SecureJarResource(appleskin)
[21Dec2025 15:32:12.013] [main/DEBUG] [mixin/]: Processing prepare() for PlatformAgent[MixinPlatformAgentDefault:SecureJarResource(appleskin)]
[21Dec2025 15:32:12.013] [main/DEBUG] [mixin/]: Adding mixin platform agents for container SecureJarResource(mcwfurnitures)
[21Dec2025 15:32:12.013] [main/DEBUG] [mixin/]: Instancing new MixinPlatformAgentMinecraftForge for SecureJarResource(mcwfurnitures)
[21Dec2025 15:32:12.013] [main/DEBUG] [mixin/]: MixinPlatformAgentMinecraftForge rejected container SecureJarResource(mcwfurnitures)
[21Dec2025 15:32:12.013] [main/DEBUG] [mixin/]: Instancing new MixinPlatformAgentDefault for SecureJarResource(mcwfurnitures)
[21Dec2025 15:32:12.013] [main/DEBUG] [mixin/]: MixinPlatformAgentDefault accepted container SecureJarResource(mcwfurnitures)
[21Dec2025 15:32:12.013] [main/DEBUG] [mixin/]: Processing prepare() for PlatformAgent[MixinPlatformAgentDefault:SecureJarResource(mcwfurnitures)]
[21Dec2025 15:32:12.013] [main/DEBUG] [mixin/]: Adding mixin platform agents for container SecureJarResource(chimes)
[21Dec2025 15:32:12.013] [main/DEBUG] [mixin/]: Instancing new MixinPlatformAgentMinecraftForge for SecureJarResource(chimes)
[21Dec2025 15:32:12.013] [main/DEBUG] [mixin/]: MixinPlatformAgentMinecraftForge rejected container SecureJarResource(chimes)
[21Dec2025 15:32:12.013] [main/DEBUG] [mixin/]: Instancing new MixinPlatformAgentDefault for SecureJarResource(chimes)
[21Dec2025 15:32:12.014] [main/DEBUG] [mixin/]: MixinPlatformAgentDefault accepted container SecureJarResource(chimes)
[21Dec2025 15:32:12.014] [main/DEBUG] [mixin/]: Processing prepare() for PlatformAgent[MixinPlatformAgentDefault:SecureJarResource(chimes)]
[21Dec2025 15:32:12.014] [main/DEBUG] [mixin/]: Adding mixin platform agents for container SecureJarResource(refurbished_furniture)
[21Dec2025 15:32:12.014] [main/DEBUG] [mixin/]: Instancing new MixinPlatformAgentMinecraftForge for SecureJarResource(refurbished_furniture)
[21Dec2025 15:32:12.014] [main/DEBUG] [mixin/]: MixinPlatformAgentMinecraftForge rejected container SecureJarResource(refurbished_furniture)
[21Dec2025 15:32:12.014] [main/DEBUG] [mixin/]: Instancing new MixinPlatformAgentDefault for SecureJarResource(refurbished_furniture)
[21Dec2025 15:32:12.014] [main/DEBUG] [mixin/]: MixinPlatformAgentDefault accepted container SecureJarResource(refurbished_furniture)
[21Dec2025 15:32:12.014] [main/DEBUG] [mixin/]: Processing prepare() for PlatformAgent[MixinPlatformAgentDefault:SecureJarResource(refurbished_furniture)]
[21Dec2025 15:32:12.014] [main/DEBUG] [mixin/]: Registering mixin config: refurbished_furniture.common.mixins.json
[21Dec2025 15:32:12.017] [main/DEBUG] [mixin/]: Adding mixin platform agents for container SecureJarResource(justzoom)
[21Dec2025 15:32:12.017] [main/DEBUG] [mixin/]: Instancing new MixinPlatformAgentMinecraftForge for SecureJarResource(justzoom)
[21Dec2025 15:32:12.017] [main/DEBUG] [mixin/]: MixinPlatformAgentMinecraftForge rejected container SecureJarResource(justzoom)
[21Dec2025 15:32:12.017] [main/DEBUG] [mixin/]: Instancing new MixinPlatformAgentDefault for SecureJarResource(justzoom)
[21Dec2025 15:32:12.017] [main/DEBUG] [mixin/]: MixinPlatformAgentDefault accepted container SecureJarResource(justzoom)
[21Dec2025 15:32:12.017] [main/DEBUG] [mixin/]: Processing prepare() for PlatformAgent[MixinPlatformAgentDefault:SecureJarResource(justzoom)]
[21Dec2025 15:32:12.017] [main/DEBUG] [mixin/]: Registering mixin config: justzoom.mixin.json
[21Dec2025 15:32:12.018] [main/DEBUG] [mixin/]: Adding mixin platform agents for container SecureJarResource(the_bumblezone)
[21Dec2025 15:32:12.018] [main/DEBUG] [mixin/]: Instancing new MixinPlatformAgentMinecraftForge for SecureJarResource(the_bumblezone)
[21Dec2025 15:32:12.018] [main/DEBUG] [mixin/]: MixinPlatformAgentMinecraftForge rejected container SecureJarResource(the_bumblezone)
[21Dec2025 15:32:12.018] [main/DEBUG] [mixin/]: Instancing new MixinPlatformAgentDefault for SecureJarResource(the_bumblezone)
[21Dec2025 15:32:12.018] [main/DEBUG] [mixin/]: MixinPlatformAgentDefault accepted container SecureJarResource(the_bumblezone)
[21Dec2025 15:32:12.018] [main/DEBUG] [mixin/]: Processing prepare() for PlatformAgent[MixinPlatformAgentDefault:SecureJarResource(the_bumblezone)]
[21Dec2025 15:32:12.019] [main/DEBUG] [mixin/]: Registering mixin config: the_bumblezone-common.mixins.json
[21Dec2025 15:32:12.020] [main/DEBUG] [mixin/]: Registering mixin config: the_bumblezone-forge.mixins.json
[21Dec2025 15:32:12.021] [main/DEBUG] [mixin/]: Adding mixin platform agents for container SecureJarResource(framework)
[21Dec2025 15:32:12.021] [main/DEBUG] [mixin/]: Instancing new MixinPlatformAgentMinecraftForge for SecureJarResource(framework)
[21Dec2025 15:32:12.021] [main/DEBUG] [mixin/]: MixinPlatformAgentMinecraftForge rejected container SecureJarResource(framework)
[21Dec2025 15:32:12.022] [main/DEBUG] [mixin/]: Instancing new MixinPlatformAgentDefault for SecureJarResource(framework)
[21Dec2025 15:32:12.022] [main/DEBUG] [mixin/]: MixinPlatformAgentDefault accepted container SecureJarResource(framework)
[21Dec2025 15:32:12.022] [main/DEBUG] [mixin/]: Processing prepare() for PlatformAgent[MixinPlatformAgentDefault:SecureJarResource(framework)]
[21Dec2025 15:32:12.022] [main/DEBUG] [mixin/]: Adding mixin platform agents for container SecureJarResource(cosmeticarmorreworked)
[21Dec2025 15:32:12.022] [main/DEBUG] [mixin/]: Instancing new MixinPlatformAgentMinecraftForge for SecureJarResource(cosmeticarmorreworked)
[21Dec2025 15:32:12.022] [main/DEBUG] [mixin/]: MixinPlatformAgentMinecraftForge rejected container SecureJarResource(cosmeticarmorreworked)
[21Dec2025 15:32:12.022] [main/DEBUG] [mixin/]: Instancing new MixinPlatformAgentDefault for SecureJarResource(cosmeticarmorreworked)
[21Dec2025 15:32:12.022] [main/DEBUG] [mixin/]: MixinPlatformAgentDefault accepted container SecureJarResource(cosmeticarmorreworked)
[21Dec2025 15:32:12.022] [main/DEBUG] [mixin/]: Processing prepare() for PlatformAgent[MixinPlatformAgentDefault:SecureJarResource(cosmeticarmorreworked)]
[21Dec2025 15:32:12.022] [main/DEBUG] [mixin/]: Adding mixin platform agents for container SecureJarResource(expandability)
[21Dec2025 15:32:12.022] [main/DEBUG] [mixin/]: Instancing new MixinPlatformAgentMinecraftForge for SecureJarResource(expandability)
[21Dec2025 15:32:12.022] [main/DEBUG] [mixin/]: MixinPlatformAgentMinecraftForge rejected container SecureJarResource(expandability)
[21Dec2025 15:32:12.022] [main/DEBUG] [mixin/]: Instancing new MixinPlatformAgentDefault for SecureJarResource(expandability)
[21Dec2025 15:32:12.022] [main/DEBUG] [mixin/]: MixinPlatformAgentDefault accepted container SecureJarResource(expandability)
[21Dec2025 15:32:12.022] [main/DEBUG] [mixin/]: Processing prepare() for PlatformAgent[MixinPlatformAgentDefault:SecureJarResource(expandability)]
[21Dec2025 15:32:12.022] [main/DEBUG] [mixin/]: Registering mixin config: expandability.mixins.json
[21Dec2025 15:32:12.024] [main/DEBUG] [mixin/]: Registering mixin config: expandability-common.mixins.json
[21Dec2025 15:32:12.025] [main/DEBUG] [mixin/]: Adding mixin platform agents for container SecureJarResource(aquamirae)
[21Dec2025 15:32:12.025] [main/DEBUG] [mixin/]: Instancing new MixinPlatformAgentMinecraftForge for SecureJarResource(aquamirae)
[21Dec2025 15:32:12.025] [main/DEBUG] [mixin/]: MixinPlatformAgentMinecraftForge rejected container SecureJarResource(aquamirae)
[21Dec2025 15:32:12.025] [main/DEBUG] [mixin/]: Instancing new MixinPlatformAgentDefault for SecureJarResource(aquamirae)
[21Dec2025 15:32:12.025] [main/DEBUG] [mixin/]: MixinPlatformAgentDefault accepted container SecureJarResource(aquamirae)
[21Dec2025 15:32:12.025] [main/DEBUG] [mixin/]: Processing prepare() for PlatformAgent[MixinPlatformAgentDefault:SecureJarResource(aquamirae)]
[21Dec2025 15:32:12.025] [main/DEBUG] [mixin/]: Registering mixin config: aquamirae.mixins.json
[21Dec2025 15:32:12.027] [main/DEBUG] [mixin/]: Compatibility level JAVA_8 specified by aquamirae.mixins.json is lower than the default level supported by the current mixin service (JAVA_16).
[21Dec2025 15:32:12.027] [main/DEBUG] [mixin/]: Adding mixin platform agents for container SecureJarResource(mclib)
[21Dec2025 15:32:12.027] [main/DEBUG] [mixin/]: Instancing new MixinPlatformAgentMinecraftForge for SecureJarResource(mclib)
[21Dec2025 15:32:12.027] [main/DEBUG] [mixin/]: MixinPlatformAgentMinecraftForge rejected container SecureJarResource(mclib)
[21Dec2025 15:32:12.027] [main/DEBUG] [mixin/]: Instancing new MixinPlatformAgentDefault for SecureJarResource(mclib)
[21Dec2025 15:32:12.027] [main/DEBUG] [mixin/]: MixinPlatformAgentDefault accepted container SecureJarResource(mclib)
[21Dec2025 15:32:12.027] [main/DEBUG] [mixin/]: Processing prepare() for PlatformAgent[MixinPlatformAgentDefault:SecureJarResource(mclib)]
[21Dec2025 15:32:12.027] [main/DEBUG] [mixin/]: Adding mixin platform agents for container SecureJarResource(bytecodecs)
[21Dec2025 15:32:12.027] [main/DEBUG] [mixin/]: Instancing new MixinPlatformAgentMinecraftForge for SecureJarResource(bytecodecs)
[21Dec2025 15:32:12.027] [main/DEBUG] [mixin/]: MixinPlatformAgentMinecraftForge rejected container SecureJarResource(bytecodecs)
[21Dec2025 15:32:12.027] [main/DEBUG] [mixin/]: Instancing new MixinPlatformAgentDefault for SecureJarResource(bytecodecs)
[21Dec2025 15:32:12.027] [main/DEBUG] [mixin/]: MixinPlatformAgentDefault accepted container SecureJarResource(bytecodecs)
[21Dec2025 15:32:12.027] [main/DEBUG] [mixin/]: Processing prepare() for PlatformAgent[MixinPlatformAgentDefault:SecureJarResource(bytecodecs)]
[21Dec2025 15:32:12.027] [main/DEBUG] [mixin/]: Adding mixin platform agents for container SecureJarResource(org.yaml.snakeyaml)
[21Dec2025 15:32:12.027] [main/DEBUG] [mixin/]: Instancing new MixinPlatformAgentMinecraftForge for SecureJarResource(org.yaml.snakeyaml)
[21Dec2025 15:32:12.027] [main/DEBUG] [mixin/]: MixinPlatformAgentMinecraftForge rejected container SecureJarResource(org.yaml.snakeyaml)
[21Dec2025 15:32:12.027] [main/DEBUG] [mixin/]: Instancing new MixinPlatformAgentDefault for SecureJarResource(org.yaml.snakeyaml)
[21Dec2025 15:32:12.027] [main/DEBUG] [mixin/]: MixinPlatformAgentDefault accepted container SecureJarResource(org.yaml.snakeyaml)
[21Dec2025 15:32:12.027] [main/DEBUG] [mixin/]: Processing prepare() for PlatformAgent[MixinPlatformAgentDefault:SecureJarResource(org.yaml.snakeyaml)]
[21Dec2025 15:32:12.028] [main/DEBUG] [mixin/]: Adding mixin platform agents for container SecureJarResource(jankson)
[21Dec2025 15:32:12.028] [main/DEBUG] [mixin/]: Instancing new MixinPlatformAgentMinecraftForge for SecureJarResource(jankson)
[21Dec2025 15:32:12.028] [main/DEBUG] [mixin/]: MixinPlatformAgentMinecraftForge rejected container SecureJarResource(jankson)
[21Dec2025 15:32:12.028] [main/DEBUG] [mixin/]: Instancing new MixinPlatformAgentDefault for SecureJarResource(jankson)
[21Dec2025 15:32:12.028] [main/DEBUG] [mixin/]: MixinPlatformAgentDefault accepted container SecureJarResource(jankson)
[21Dec2025 15:32:12.028] [main/DEBUG] [mixin/]: Processing prepare() for PlatformAgent[MixinPlatformAgentDefault:SecureJarResource(jankson)]
[21Dec2025 15:32:12.028] [main/DEBUG] [mixin/]: Adding mixin platform agents for container SecureJarResource(yabn)
[21Dec2025 15:32:12.028] [main/DEBUG] [mixin/]: Instancing new MixinPlatformAgentMinecraftForge for SecureJarResource(yabn)
[21Dec2025 15:32:12.028] [main/DEBUG] [mixin/]: MixinPlatformAgentMinecraftForge rejected container SecureJarResource(yabn)
[21Dec2025 15:32:12.028] [main/DEBUG] [mixin/]: Instancing new MixinPlatformAgentDefault for SecureJarResource(yabn)
[21Dec2025 15:32:12.028] [main/DEBUG] [mixin/]: MixinPlatformAgentDefault accepted container SecureJarResource(yabn)
[21Dec2025 15:32:12.028] [main/DEBUG] [mixin/]: Processing prepare() for PlatformAgent[MixinPlatformAgentDefault:SecureJarResource(yabn)]
[21Dec2025 15:32:12.028] [main/DEBUG] [mixin/]: Adding mixin platform agents for container SecureJarResource(MixinExtras)
[21Dec2025 15:32:12.028] [main/DEBUG] [mixin/]: Instancing new MixinPlatformAgentMinecraftForge for SecureJarResource(MixinExtras)
[21Dec2025 15:32:12.028] [main/DEBUG] [mixin/]: MixinPlatformAgentMinecraftForge rejected container SecureJarResource(MixinExtras)
[21Dec2025 15:32:12.028] [main/DEBUG] [mixin/]: Instancing new MixinPlatformAgentDefault for SecureJarResource(MixinExtras)
[21Dec2025 15:32:12.028] [main/DEBUG] [mixin/]: MixinPlatformAgentDefault accepted container SecureJarResource(MixinExtras)
[21Dec2025 15:32:12.028] [main/DEBUG] [mixin/]: Processing prepare() for PlatformAgent[MixinPlatformAgentDefault:SecureJarResource(MixinExtras)]
[21Dec2025 15:32:12.028] [main/DEBUG] [mixin/]: inject() running with 87 agents
[21Dec2025 15:32:12.028] [main/DEBUG] [mixin/]: Processing inject() for PlatformAgent[MixinPlatformAgentDefault:ModLauncher Root Container(ModLauncher:4f56a0a2)]
[21Dec2025 15:32:12.028] [main/DEBUG] [mixin/]: Processing inject() for PlatformAgent[MixinPlatformAgentDefault:SecureJarResource(treechop)]
[21Dec2025 15:32:12.028] [main/DEBUG] [mixin/]: Processing inject() for PlatformAgent[MixinPlatformAgentDefault:SecureJarResource(easy_npc)]
[21Dec2025 15:32:12.028] [main/DEBUG] [mixin/]: Processing inject() for PlatformAgent[MixinPlatformAgentDefault:SecureJarResource(mowziesmobs)]
[21Dec2025 15:32:12.028] [main/DEBUG] [mixin/]: Processing inject() for PlatformAgent[MixinPlatformAgentDefault:SecureJarResource(kuma_api)]
[21Dec2025 15:32:12.028] [main/DEBUG] [mixin/]: Processing inject() for PlatformAgent[MixinPlatformAgentDefault:SecureJarResource(animation_overhaul)]
[21Dec2025 15:32:12.028] [main/DEBUG] [mixin/]: Processing inject() for PlatformAgent[MixinPlatformAgentDefault:SecureJarResource(geckolib)]
[21Dec2025 15:32:12.028] [main/DEBUG] [mixin/]: Processing inject() for PlatformAgent[MixinPlatformAgentDefault:SecureJarResource(beautify)]
[21Dec2025 15:32:12.028] [main/DEBUG] [mixin/]: Processing inject() for PlatformAgent[MixinPlatformAgentDefault:SecureJarResource(playeranimator)]
[21Dec2025 15:32:12.028] [main/DEBUG] [mixin/]: Processing inject() for PlatformAgent[MixinPlatformAgentDefault:SecureJarResource(jei)]
[21Dec2025 15:32:12.028] [main/DEBUG] [mixin/]: Processing inject() for PlatformAgent[MixinPlatformAgentDefault:SecureJarResource(graveyard)]
[21Dec2025 15:32:12.028] [main/DEBUG] [mixin/]: Processing inject() for PlatformAgent[MixinPlatformAgentDefault:SecureJarResource(slashblade)]
[21Dec2025 15:32:12.028] [main/DEBUG] [mixin/]: Processing inject() for PlatformAgent[MixinPlatformAgentDefault:SecureJarResource(libraryferret)]
[21Dec2025 15:32:12.028] [main/DEBUG] [mixin/]: Processing inject() for PlatformAgent[MixinPlatformAgentDefault:SecureJarResource(goblintraders)]
[21Dec2025 15:32:12.029] [main/DEBUG] [mixin/]: Processing inject() for PlatformAgent[MixinPlatformAgentDefault:SecureJarResource(mcwwindows)]
[21Dec2025 15:32:12.029] [main/DEBUG] [mixin/]: Processing inject() for PlatformAgent[MixinPlatformAgentDefault:SecureJarResource(caelus)]
[21Dec2025 15:32:12.029] [main/DEBUG] [mixin/]: Processing inject() for PlatformAgent[MixinPlatformAgentDefault:SecureJarResource(stalwart_dungeons)]
[21Dec2025 15:32:12.029] [main/DEBUG] [mixin/]: Processing inject() for PlatformAgent[MixinPlatformAgentDefault:SecureJarResource(obscure_api)]
[21Dec2025 15:32:12.029] [main/DEBUG] [mixin/]: Processing inject() for PlatformAgent[MixinPlatformAgentDefault:SecureJarResource(sophisticatedcore)]
[21Dec2025 15:32:12.029] [main/DEBUG] [mixin/]: Processing inject() for PlatformAgent[MixinPlatformAgentDefault:SecureJarResource(waystones)]
[21Dec2025 15:32:12.029] [main/DEBUG] [mixin/]: Processing inject() for PlatformAgent[MixinPlatformAgentDefault:SecureJarResource(journeymap)]
[21Dec2025 15:32:12.029] [main/DEBUG] [mixin/]: Processing inject() for PlatformAgent[MixinPlatformAgentDefault:SecureJarResource(citadel)]
[21Dec2025 15:32:12.029] [main/DEBUG] [mixin/]: Processing inject() for PlatformAgent[MixinPlatformAgentDefault:SecureJarResource(naturescompass)]
[21Dec2025 15:32:12.029] [main/DEBUG] [mixin/]: Processing inject() for PlatformAgent[MixinPlatformAgentDefault:SecureJarResource(artifacts)]
[21Dec2025 15:32:12.029] [main/DEBUG] [mixin/]: Processing inject() for PlatformAgent[MixinPlatformAgentDefault:SecureJarResource(yungsapi)]
[21Dec2025 15:32:12.029] [main/DEBUG] [mixin/]: Processing inject() for PlatformAgent[MixinPlatformAgentDefault:SecureJarResource(mixinextras)]
[21Dec2025 15:32:12.029] [main/DEBUG] [mixin/]: Processing inject() for PlatformAgent[MixinPlatformAgentDefault:SecureJarResource(call_of_yucutan)]
[21Dec2025 15:32:12.029] [main/DEBUG] [mixin/]: Processing inject() for PlatformAgent[MixinPlatformAgentDefault:SecureJarResource(redeco)]
[21Dec2025 15:32:12.029] [main/DEBUG] [mixin/]: Processing inject() for PlatformAgent[MixinPlatformAgentDefault:SecureJarResource(sophisticatedbackpacks)]
[21Dec2025 15:32:12.029] [main/DEBUG] [mixin/]: Processing inject() for PlatformAgent[MixinPlatformAgentDefault:SecureJarResource(relics)]
[21Dec2025 15:32:12.029] [main/DEBUG] [mixin/]: Processing inject() for PlatformAgent[MixinPlatformAgentDefault:SecureJarResource(explorerscompass)]
[21Dec2025 15:32:12.029] [main/DEBUG] [mixin/]: Processing inject() for PlatformAgent[MixinPlatformAgentDefault:SecureJarResource(balm)]
[21Dec2025 15:32:12.029] [main/DEBUG] [mixin/]: Processing inject() for PlatformAgent[MixinPlatformAgentDefault:SecureJarResource(jeresources)]
[21Dec2025 15:32:12.029] [main/DEBUG] [mixin/]: Processing inject() for PlatformAgent[MixinPlatformAgentDefault:SecureJarResource(watut)]
[21Dec2025 15:32:12.029] [main/DEBUG] [mixin/]: Processing inject() for PlatformAgent[MixinPlatformAgentDefault:SecureJarResource(cloth_config)]
[21Dec2025 15:32:12.029] [main/DEBUG] [mixin/]: Processing inject() for PlatformAgent[MixinPlatformAgentDefault:SecureJarResource(forge)]
[21Dec2025 15:32:12.029] [main/DEBUG] [mixin/]: Processing inject() for PlatformAgent[MixinPlatformAgentDefault:SecureJarResource(travelerstitles)]
[21Dec2025 15:32:12.029] [main/DEBUG] [mixin/]: Processing inject() for PlatformAgent[MixinPlatformAgentDefault:SecureJarResource(slashblade_addon)]
[21Dec2025 15:32:12.029] [main/DEBUG] [mixin/]: Processing inject() for PlatformAgent[MixinPlatformAgentDefault:SecureJarResource(konkrete)]
[21Dec2025 15:32:12.029] [main/DEBUG] [mixin/]: Processing inject() for PlatformAgent[MixinPlatformAgentDefault:SecureJarResource(embeddium)]
[21Dec2025 15:32:12.029] [main/DEBUG] [mixin/]: Processing inject() for PlatformAgent[MixinPlatformAgentDefault:SecureJarResource(athena)]
[21Dec2025 15:32:12.029] [main/DEBUG] [mixin/]: Processing inject() for PlatformAgent[MixinPlatformAgentDefault:SecureJarResource(minecraft)]
[21Dec2025 15:32:12.029] [main/DEBUG] [mixin/]: Processing inject() for PlatformAgent[MixinPlatformAgentDefault:SecureJarResource(farmersdelight)]
[21Dec2025 15:32:12.029] [main/DEBUG] [mixin/]: Processing inject() for PlatformAgent[MixinPlatformAgentDefault:SecureJarResource(vanillaplustools)]
[21Dec2025 15:32:12.029] [main/DEBUG] [mixin/]: Processing inject() for PlatformAgent[MixinPlatformAgentDefault:SecureJarResource(torchmaster)]
[21Dec2025 15:32:12.029] [main/DEBUG] [mixin/]: Processing inject() for PlatformAgent[MixinPlatformAgentDefault:SecureJarResource(handcrafted)]
[21Dec2025 15:32:12.029] [main/DEBUG] [mixin/]: Processing inject() for PlatformAgent[MixinPlatformAgentDefault:SecureJarResource(alexscaves)]
[21Dec2025 15:32:12.029] [main/DEBUG] [mixin/]: Processing inject() for PlatformAgent[MixinPlatformAgentDefault:SecureJarResource(terrablender)]
[21Dec2025 15:32:12.029] [main/DEBUG] [mixin/]: Processing inject() for PlatformAgent[MixinPlatformAgentDefault:SecureJarResource(necronomicon)]
[21Dec2025 15:32:12.029] [main/DEBUG] [mixin/]: Processing inject() for PlatformAgent[MixinPlatformAgentDefault:SecureJarResource(biomesoplenty)]
[21Dec2025 15:32:12.029] [main/DEBUG] [mixin/]: Processing inject() for PlatformAgent[MixinPlatformAgentDefault:SecureJarResource(creativecore)]
[21Dec2025 15:32:12.029] [main/DEBUG] [mixin/]: Processing inject() for PlatformAgent[MixinPlatformAgentDefault:SecureJarResource(supermartijn642corelib)]
[21Dec2025 15:32:12.030] [main/DEBUG] [mixin/]: Processing inject() for PlatformAgent[MixinPlatformAgentDefault:SecureJarResource(fairylights)]
[21Dec2025 15:32:12.030] [main/DEBUG] [mixin/]: Processing inject() for PlatformAgent[MixinPlatformAgentDefault:SecureJarResource(lionfishapi)]
[21Dec2025 15:32:12.030] [main/DEBUG] [mixin/]: Processing inject() for PlatformAgent[MixinPlatformAgentDefault:SecureJarResource(portablemobs)]
[21Dec2025 15:32:12.030] [main/DEBUG] [mixin/]: Processing inject() for PlatformAgent[MixinPlatformAgentDefault:SecureJarResource(ribbits)]
[21Dec2025 15:32:12.030] [main/DEBUG] [mixin/]: Processing inject() for PlatformAgent[MixinPlatformAgentDefault:SecureJarResource(cataclysm)]
[21Dec2025 15:32:12.030] [main/DEBUG] [mixin/]: Processing inject() for PlatformAgent[MixinPlatformAgentDefault:SecureJarResource(curios)]
[21Dec2025 15:32:12.030] [main/DEBUG] [mixin/]: Processing inject() for PlatformAgent[MixinPlatformAgentDefault:SecureJarResource(gravestone)]
[21Dec2025 15:32:12.030] [main/DEBUG] [mixin/]: Processing inject() for PlatformAgent[MixinPlatformAgentDefault:SecureJarResource(camera)]
[21Dec2025 15:32:12.030] [main/DEBUG] [mixin/]: Processing inject() for PlatformAgent[MixinPlatformAgentDefault:SecureJarResource(irons_spellbooks)]
[21Dec2025 15:32:12.030] [main/DEBUG] [mixin/]: Processing inject() for PlatformAgent[MixinPlatformAgentDefault:SecureJarResource(bettervillage)]
[21Dec2025 15:32:12.030] [main/DEBUG] [mixin/]: Processing inject() for PlatformAgent[MixinPlatformAgentDefault:SecureJarResource(resourcefullib)]
[21Dec2025 15:32:12.030] [main/DEBUG] [mixin/]: Processing inject() for PlatformAgent[MixinPlatformAgentDefault:SecureJarResource(coroutil)]
[21Dec2025 15:32:12.030] [main/DEBUG] [mixin/]: Processing inject() for PlatformAgent[MixinPlatformAgentDefault:SecureJarResource(fennecfox)]
[21Dec2025 15:32:12.030] [main/DEBUG] [mixin/]: Processing inject() for PlatformAgent[MixinPlatformAgentDefault:SecureJarResource(architectury)]
[21Dec2025 15:32:12.030] [main/DEBUG] [mixin/]: Processing inject() for PlatformAgent[MixinPlatformAgentDefault:SecureJarResource(octolib)]
[21Dec2025 15:32:12.030] [main/DEBUG] [mixin/]: Processing inject() for PlatformAgent[MixinPlatformAgentDefault:SecureJarResource(furniture)]
[21Dec2025 15:32:12.030] [main/DEBUG] [mixin/]: Processing inject() for PlatformAgent[MixinPlatformAgentDefault:SecureJarResource(doapi)]
[21Dec2025 15:32:12.030] [main/DEBUG] [mixin/]: Processing inject() for PlatformAgent[MixinPlatformAgentDefault:SecureJarResource(bakery)]
[21Dec2025 15:32:12.030] [main/DEBUG] [mixin/]: Processing inject() for PlatformAgent[MixinPlatformAgentDefault:SecureJarResource(vinery)]
[21Dec2025 15:32:12.030] [main/DEBUG] [mixin/]: Processing inject() for PlatformAgent[MixinPlatformAgentDefault:SecureJarResource(appleskin)]
[21Dec2025 15:32:12.030] [main/DEBUG] [mixin/]: Processing inject() for PlatformAgent[MixinPlatformAgentDefault:SecureJarResource(mcwfurnitures)]
[21Dec2025 15:32:12.030] [main/DEBUG] [mixin/]: Processing inject() for PlatformAgent[MixinPlatformAgentDefault:SecureJarResource(chimes)]
[21Dec2025 15:32:12.030] [main/DEBUG] [mixin/]: Processing inject() for PlatformAgent[MixinPlatformAgentDefault:SecureJarResource(refurbished_furniture)]
[21Dec2025 15:32:12.030] [main/DEBUG] [mixin/]: Processing inject() for PlatformAgent[MixinPlatformAgentDefault:SecureJarResource(justzoom)]
[21Dec2025 15:32:12.030] [main/DEBUG] [mixin/]: Processing inject() for PlatformAgent[MixinPlatformAgentDefault:SecureJarResource(the_bumblezone)]
[21Dec2025 15:32:12.030] [main/DEBUG] [mixin/]: Processing inject() for PlatformAgent[MixinPlatformAgentDefault:SecureJarResource(framework)]
[21Dec2025 15:32:12.030] [main/DEBUG] [mixin/]: Processing inject() for PlatformAgent[MixinPlatformAgentDefault:SecureJarResource(cosmeticarmorreworked)]
[21Dec2025 15:32:12.030] [main/DEBUG] [mixin/]: Processing inject() for PlatformAgent[MixinPlatformAgentDefault:SecureJarResource(expandability)]
[21Dec2025 15:32:12.030] [main/DEBUG] [mixin/]: Processing inject() for PlatformAgent[MixinPlatformAgentDefault:SecureJarResource(aquamirae)]
[21Dec2025 15:32:12.030] [main/DEBUG] [mixin/]: Processing inject() for PlatformAgent[MixinPlatformAgentDefault:SecureJarResource(mclib)]
[21Dec2025 15:32:12.030] [main/DEBUG] [mixin/]: Processing inject() for PlatformAgent[MixinPlatformAgentDefault:SecureJarResource(bytecodecs)]
[21Dec2025 15:32:12.031] [main/DEBUG] [mixin/]: Processing inject() for PlatformAgent[MixinPlatformAgentDefault:SecureJarResource(org.yaml.snakeyaml)]
[21Dec2025 15:32:12.031] [main/DEBUG] [mixin/]: Processing inject() for PlatformAgent[MixinPlatformAgentDefault:SecureJarResource(jankson)]
[21Dec2025 15:32:12.031] [main/DEBUG] [mixin/]: Processing inject() for PlatformAgent[MixinPlatformAgentDefault:SecureJarResource(yabn)]
[21Dec2025 15:32:12.031] [main/DEBUG] [mixin/]: Processing inject() for PlatformAgent[MixinPlatformAgentDefault:SecureJarResource(MixinExtras)]
[21Dec2025 15:32:12.054] [main/DEBUG] [mixin/]: Error cleaning class output directory: .mixin.out
[21Dec2025 15:32:12.056] [main/DEBUG] [mixin/]: Preparing mixins for MixinEnvironment[PREINIT]
[21Dec2025 15:32:12.064] [main/INFO] [mixin/]: Successfully loaded Mixin Connector [de.maxhenkel.camera.MixinConnector]
[21Dec2025 15:32:12.066] [main/INFO] [cpw.mods.modlauncher.LaunchServiceHandler/MODLAUNCHER]: Launching target 'forgeserver' with arguments [nogui]
[21Dec2025 15:32:12.098] [main/DEBUG] [mixin/]: Preparing mixins for MixinEnvironment[DEFAULT]
[21Dec2025 15:32:12.098] [main/DEBUG] [mixin/]: Selecting config treechop.mixins.json
[21Dec2025 15:32:12.101] [main/DEBUG] [mixin/]: Selecting config mowziesmobs.mixins.json
[21Dec2025 15:32:12.102] [main/DEBUG] [mixin/]: Selecting config kuma_api.mixins.json
[21Dec2025 15:32:12.103] [main/DEBUG] [mixin/]: Selecting config kuma_api.forge.mixins.json
[21Dec2025 15:32:12.105] [main/DEBUG] [mixin/]: Selecting config animation_overhaul.mixins.json
[21Dec2025 15:32:12.106] [main/DEBUG] [mixin/]: Selecting config geckolib.mixins.json
[21Dec2025 15:32:12.107] [main/DEBUG] [mixin/]: Selecting config playerAnimator-common.mixins.json
[21Dec2025 15:32:12.110] [main/DEBUG] [mixin/]: Selecting config graveyard-common.mixins.json
[21Dec2025 15:32:12.113] [main/DEBUG] [mixin/]: Selecting config graveyard-forge.mixins.json
[21Dec2025 15:32:12.115] [main/WARN] [mixin/]: Reference map 'graveyard-FORGE-forge-refmap.json' for graveyard-forge.mixins.json could not be read. If this is a development environment you can ignore this message
[21Dec2025 15:32:12.115] [main/DEBUG] [mixin/]: Selecting config slashblade.mixins.json
[21Dec2025 15:32:12.117] [main/DEBUG] [mixin/]: Selecting config goblintraders.common.mixins.json
[21Dec2025 15:32:12.118] [main/DEBUG] [mixin/]: Selecting config caelus.mixins.json
[21Dec2025 15:32:12.119] [main/DEBUG] [mixin/]: Selecting config obscure_api.mixins.json
[21Dec2025 15:32:12.120] [main/DEBUG] [mixin/]: Selecting config waystones.mixins.json
[21Dec2025 15:32:12.122] [main/DEBUG] [mixin/]: Selecting config journeymap.mixins.json
[21Dec2025 15:32:12.123] [main/DEBUG] [mixin/]: Selecting config citadel.mixins.json
[21Dec2025 15:32:12.125] [main/DEBUG] [mixin/]: Selecting config mixins.artifacts.common.json
[21Dec2025 15:32:12.130] [main/DEBUG] [mixin/]: Selecting config mixins.artifacts.forge.json
[21Dec2025 15:32:12.132] [main/DEBUG] [mixin/]: Selecting config yungsapi.mixins.json
[21Dec2025 15:32:12.135] [main/DEBUG] [mixin/]: Selecting config yungsapi_forge.mixins.json
[21Dec2025 15:32:12.138] [main/DEBUG] [mixin/]: Selecting config mixinextras.init.mixins.json
[21Dec2025 15:32:12.171] [main/DEBUG] [MixinExtras|Service/]: com.llamalad7.mixinextras.service.MixinExtrasServiceImpl(version=0.4.1) is taking over from null
[21Dec2025 15:32:12.269] [main/DEBUG] [mixin/]: Registering new injector for @Inject with org.spongepowered.asm.mixin.injection.struct.CallbackInjectionInfo
[21Dec2025 15:32:12.271] [main/DEBUG] [mixin/]: Registering new injector for @ModifyArg with org.spongepowered.asm.mixin.injection.struct.ModifyArgInjectionInfo
[21Dec2025 15:32:12.271] [main/DEBUG] [mixin/]: Registering new injector for @ModifyArgs with org.spongepowered.asm.mixin.injection.struct.ModifyArgsInjectionInfo
[21Dec2025 15:32:12.272] [main/DEBUG] [mixin/]: Registering new injector for @Redirect with org.spongepowered.asm.mixin.injection.struct.RedirectInjectionInfo
[21Dec2025 15:32:12.273] [main/DEBUG] [mixin/]: Registering new injector for @ModifyVariable with org.spongepowered.asm.mixin.injection.struct.ModifyVariableInjectionInfo
[21Dec2025 15:32:12.274] [main/DEBUG] [mixin/]: Registering new injector for @ModifyConstant with org.spongepowered.asm.mixin.injection.struct.ModifyConstantInjectionInfo
[21Dec2025 15:32:12.287] [main/DEBUG] [mixin/]: Selecting config mixins.call_of_yucutan.json
[21Dec2025 15:32:12.289] [main/WARN] [mixin/]: Reference map 'mixins.call_of_yucutan.refmap.json' for mixins.call_of_yucutan.json could not be read. If this is a development environment you can ignore this message
[21Dec2025 15:32:12.289] [main/DEBUG] [mixin/]: Selecting config relics.mixins.json
[21Dec2025 15:32:12.291] [main/DEBUG] [mixin/]: Selecting config balm.mixins.json
[21Dec2025 15:32:12.292] [main/DEBUG] [mixin/]: Selecting config watut.mixins.json
[21Dec2025 15:32:12.294] [main/DEBUG] [mixin/]: Selecting config travelerstitles.mixins.json
[21Dec2025 15:32:12.295] [main/DEBUG] [mixin/]: Selecting config travelerstitles_forge.mixins.json
[21Dec2025 15:32:12.296] [main/DEBUG] [mixin/]: Selecting config konkrete.mixin.json
[21Dec2025 15:32:12.298] [main/DEBUG] [mixin/]: Selecting config embeddium.mixins.json
[21Dec2025 15:32:12.305] [main/INFO] [Embeddium/]: Loaded configuration file for Embeddium: 126 options available, 0 override(s) found
[21Dec2025 15:32:12.311] [main/DEBUG] [mixin/]: Selecting config athena.mixins.json
[21Dec2025 15:32:12.312] [main/DEBUG] [mixin/]: Selecting config athena-forge.mixins.json
[21Dec2025 15:32:12.314] [main/DEBUG] [mixin/]: Selecting config farmersdelight.mixins.json
[21Dec2025 15:32:12.315] [main/DEBUG] [mixin/]: Selecting config handcrafted-common.mixins.json
[21Dec2025 15:32:12.317] [main/DEBUG] [mixin/]: Selecting config handcrafted.mixins.json
[21Dec2025 15:32:12.319] [main/WARN] [mixin/]: Reference map 'handcrafted-forge-1.20.1-forge-refmap.json' for handcrafted.mixins.json could not be read. If this is a development environment you can ignore this message
[21Dec2025 15:32:12.319] [main/DEBUG] [mixin/]: Selecting config alexscaves.mixins.json
[21Dec2025 15:32:12.322] [main/DEBUG] [mixin/]: Selecting config terrablender.mixins.json
[21Dec2025 15:32:12.323] [main/DEBUG] [mixin/]: Selecting config terrablender_forge.mixins.json
[21Dec2025 15:32:12.324] [main/DEBUG] [mixin/]: Selecting config necronomicon.forge.mixins.json
[21Dec2025 15:32:12.325] [main/DEBUG] [mixin/]: Selecting config creativecore.mixins.json
[21Dec2025 15:32:12.327] [main/DEBUG] [mixin/]: Selecting config creativecore.forge.mixins.json
[21Dec2025 15:32:12.328] [main/DEBUG] [mixin/]: Selecting config supermartijn642corelib.mixins.json
[21Dec2025 15:32:12.329] [main/DEBUG] [mixin/]: Selecting config fairylights.mixins.json
[21Dec2025 15:32:12.331] [main/DEBUG] [mixin/]: Selecting config lionfishapi.mixins.json
[21Dec2025 15:32:12.332] [main/DEBUG] [mixin/]: Selecting config ribbits.mixins.json
[21Dec2025 15:32:12.334] [main/DEBUG] [mixin/]: Selecting config ribbits_forge.mixins.json
[21Dec2025 15:32:12.335] [main/DEBUG] [mixin/]: Selecting config cataclysm.mixins.json
[21Dec2025 15:32:12.337] [main/DEBUG] [mixin/]: Selecting config curios.mixins.json
[21Dec2025 15:32:12.339] [main/DEBUG] [mixin/]: Selecting config mixins.irons_spellbooks.json
[21Dec2025 15:32:12.341] [main/DEBUG] [mixin/]: Selecting config coroutil.mixins.json
[21Dec2025 15:32:12.343] [main/WARN] [mixin/]: Reference map 'coroutil.refmap.json' for coroutil.mixins.json could not be read. If this is a development environment you can ignore this message
[21Dec2025 15:32:12.343] [main/DEBUG] [mixin/]: Selecting config architectury.mixins.json
[21Dec2025 15:32:12.346] [main/DEBUG] [mixin/]: Selecting config architectury-common.mixins.json
[21Dec2025 15:32:12.347] [main/DEBUG] [mixin/]: Selecting config furniture-common.mixins.json
[21Dec2025 15:32:12.348] [main/DEBUG] [mixin/]: Selecting config doapi-common.mixins.json
[21Dec2025 15:32:12.349] [main/DEBUG] [mixin/]: Selecting config doapi.mixins.json
[21Dec2025 15:32:12.351] [main/DEBUG] [mixin/]: Selecting config vinery-common.mixins.json
[21Dec2025 15:32:12.353] [main/DEBUG] [mixin/]: Selecting config vinery.mixins.json
[21Dec2025 15:32:12.354] [main/DEBUG] [mixin/]: Selecting config refurbished_furniture.common.mixins.json
[21Dec2025 15:32:12.356] [main/DEBUG] [mixin/]: Selecting config justzoom.mixin.json
[21Dec2025 15:32:12.357] [main/DEBUG] [mixin/]: Selecting config the_bumblezone-common.mixins.json
[21Dec2025 15:32:12.361] [main/DEBUG] [mixin/]: Selecting config the_bumblezone-forge.mixins.json
[21Dec2025 15:32:12.363] [main/DEBUG] [mixin/]: Selecting config expandability.mixins.json
[21Dec2025 15:32:12.365] [main/DEBUG] [mixin/]: Selecting config expandability-common.mixins.json
[21Dec2025 15:32:12.367] [main/DEBUG] [mixin/]: Selecting config aquamirae.mixins.json
[21Dec2025 15:32:12.369] [main/WARN] [mixin/]: Reference map 'Aquamirae.refmap.json' for aquamirae.mixins.json could not be read. If this is a development environment you can ignore this message
[21Dec2025 15:32:12.370] [main/DEBUG] [mixin/]: Selecting config assets/camera/camera.mixins.json
[21Dec2025 15:32:12.372] [main/DEBUG] [mixin/]: Preparing treechop.mixins.json (3)
[21Dec2025 15:32:12.505] [main/DEBUG] [mixin/]: Preparing mowziesmobs.mixins.json (1)
[21Dec2025 15:32:12.541] [main/DEBUG] [mixin/]: Preparing kuma_api.mixins.json (1)
[21Dec2025 15:32:12.541] [main/DEBUG] [mixin/]: Preparing kuma_api.forge.mixins.json (0)
[21Dec2025 15:32:12.541] [main/DEBUG] [mixin/]: Preparing animation_overhaul.mixins.json (3)
[21Dec2025 15:32:12.541] [main/DEBUG] [mixin/]: Preparing geckolib.mixins.json (1)
[21Dec2025 15:32:12.541] [main/DEBUG] [mixin/]: Preparing playerAnimator-common.mixins.json (14)
[21Dec2025 15:32:12.541] [main/DEBUG] [mixin/]: Preparing graveyard-common.mixins.json (11)
[21Dec2025 15:32:12.595] [main/DEBUG] [net.minecraftforge.coremod.transformer.CoreModBaseTransformer/COREMOD]: Transforming net/minecraft/world/entity/npc/Villager
[21Dec2025 15:32:12.903] [main/DEBUG] [mixin/]: Preparing graveyard-forge.mixins.json (0)
[21Dec2025 15:32:12.903] [main/DEBUG] [mixin/]: Preparing slashblade.mixins.json (1)
[21Dec2025 15:32:12.907] [main/DEBUG] [mixin/]: Preparing goblintraders.common.mixins.json (5)
[21Dec2025 15:32:12.927] [main/DEBUG] [mixin/]: Preparing caelus.mixins.json (4)
[21Dec2025 15:32:12.948] [main/DEBUG] [mixin/]: Preparing obscure_api.mixins.json (6)
[21Dec2025 15:32:13.018] [main/DEBUG] [mixin/]: Preparing waystones.mixins.json (3)
[21Dec2025 15:32:13.027] [main/DEBUG] [mixin/]: Preparing journeymap.mixins.json (3)
[21Dec2025 15:32:13.027] [main/DEBUG] [mixin/]: Preparing citadel.mixins.json (15)
[21Dec2025 15:32:13.072] [main/DEBUG] [mixin/]: Preparing mixins.artifacts.common.json (21)
[21Dec2025 15:32:13.128] [main/DEBUG] [net.minecraftforge.coremod.transformer.CoreModBaseTransformer/COREMOD]: Transforming net/minecraft/world/level/NaturalSpawner
[21Dec2025 15:32:13.254] [main/DEBUG] [mixin/]: Preparing mixins.artifacts.forge.json (3)
[21Dec2025 15:32:13.257] [main/DEBUG] [mixin/]: Preparing yungsapi.mixins.json (11)
[21Dec2025 15:32:13.260] [main/DEBUG] [yungsapi/]: Loaded com.yungnickyoung.minecraft.yungsapi.services.ForgePlatformHelper@4aed311e for service interface com.yungnickyoung.minecraft.yungsapi.services.IPlatformHelper
[21Dec2025 15:32:13.262] [main/DEBUG] [yungsapi/]: Loaded com.yungnickyoung.minecraft.yungsapi.services.ForgeAutoRegisterHelper@6e9a0bea for service interface com.yungnickyoung.minecraft.yungsapi.services.IAutoRegisterHelper
[21Dec2025 15:32:13.263] [main/DEBUG] [yungsapi/]: Loaded com.yungnickyoung.minecraft.yungsapi.services.ForgeBlockEntityTypeHelper@41e9f86 for service interface com.yungnickyoung.minecraft.yungsapi.services.IBlockEntityTypeHelper
[21Dec2025 15:32:13.264] [main/DEBUG] [yungsapi/]: Loaded com.yungnickyoung.minecraft.yungsapi.services.ForgeParticleTypeHelper@6897a4a for service interface com.yungnickyoung.minecraft.yungsapi.services.IParticleTypeHelper
[21Dec2025 15:32:13.286] [main/DEBUG] [mixin/]: Preparing yungsapi_forge.mixins.json (1)
[21Dec2025 15:32:13.286] [main/DEBUG] [mixin/]: Preparing mixinextras.init.mixins.json (0)
[21Dec2025 15:32:13.286] [main/DEBUG] [mixin/]: Preparing mixins.call_of_yucutan.json (0)
[21Dec2025 15:32:13.286] [main/DEBUG] [mixin/]: Preparing relics.mixins.json (15)
[21Dec2025 15:32:13.311] [main/DEBUG] [net.minecraftforge.coremod.transformer.CoreModBaseTransformer/COREMOD]: Transforming net/minecraft/world/item/ItemStack
[21Dec2025 15:32:13.362] [main/ERROR] [net.minecraftforge.fml.loading.RuntimeDistCleaner/DISTXFORM]: Attempted to load class net/minecraft/client/gui/screens/Screen for invalid dist DEDICATED_SERVER
[21Dec2025 15:32:13.363] [main/WARN] [mixin/]: Error loading class: net/minecraft/client/gui/screens/Screen (java.lang.RuntimeException: Attempted to load class net/minecraft/client/gui/screens/Screen for invalid dist DEDICATED_SERVER)
[21Dec2025 15:32:13.363] [main/WARN] [mixin/]: @Mixin target net.minecraft.client.gui.screens.Screen was not found relics.mixins.json:ScreenMixin
[21Dec2025 15:32:13.363] [main/DEBUG] [mixin/]: Preparing balm.mixins.json (17)
[21Dec2025 15:32:13.378] [main/DEBUG] [mixin/]: Preparing watut.mixins.json (2)
[21Dec2025 15:32:13.378] [main/DEBUG] [mixin/]: Preparing travelerstitles.mixins.json (3)
[21Dec2025 15:32:13.378] [main/DEBUG] [mixin/]: Preparing travelerstitles_forge.mixins.json (1)
[21Dec2025 15:32:13.378] [main/DEBUG] [mixin/]: Preparing konkrete.mixin.json (5)
[21Dec2025 15:32:13.378] [main/DEBUG] [mixin/]: Preparing embeddium.mixins.json (0)
[21Dec2025 15:32:13.378] [main/DEBUG] [mixin/]: Preparing athena.mixins.json (1)
[21Dec2025 15:32:13.378] [main/DEBUG] [mixin/]: Preparing athena-forge.mixins.json (1)
[21Dec2025 15:32:13.378] [main/DEBUG] [mixin/]: Preparing farmersdelight.mixins.json (9)
[21Dec2025 15:32:13.395] [main/DEBUG] [mixin/]: Preparing handcrafted-common.mixins.json (1)
[21Dec2025 15:32:13.395] [main/DEBUG] [mixin/]: Preparing handcrafted.mixins.json (0)
[21Dec2025 15:32:13.395] [main/DEBUG] [mixin/]: Preparing alexscaves.mixins.json (52)
[21Dec2025 15:32:13.491] [main/DEBUG] [net.minecraftforge.coremod.transformer.CoreModBaseTransformer/COREMOD]: Transforming net/minecraft/world/level/levelgen/structure/structures/SwampHutPiece
[21Dec2025 15:32:13.517] [main/DEBUG] [mixin/]: Preparing terrablender.mixins.json (7)
[21Dec2025 15:32:13.527] [main/DEBUG] [mixin/]: Preparing terrablender_forge.mixins.json (0)
[21Dec2025 15:32:13.527] [main/DEBUG] [mixin/]: Preparing necronomicon.forge.mixins.json (1)
[21Dec2025 15:32:13.527] [main/DEBUG] [mixin/]: Preparing creativecore.mixins.json (8)
[21Dec2025 15:32:13.537] [main/DEBUG] [mixin/]: Preparing creativecore.forge.mixins.json (3)
[21Dec2025 15:32:13.539] [main/DEBUG] [mixin/]: Preparing supermartijn642corelib.mixins.json (9)
[21Dec2025 15:32:13.549] [main/DEBUG] [mixin/]: Preparing fairylights.mixins.json (1)
[21Dec2025 15:32:13.549] [main/DEBUG] [mixin/]: Preparing lionfishapi.mixins.json (2)
[21Dec2025 15:32:13.551] [main/DEBUG] [mixin/]: Preparing ribbits.mixins.json (12)
[21Dec2025 15:32:13.554] [main/DEBUG] [mixin/]: Preparing ribbits_forge.mixins.json (1)
[21Dec2025 15:32:13.554] [main/DEBUG] [mixin/]: Preparing cataclysm.mixins.json (21)
[21Dec2025 15:32:13.574] [main/DEBUG] [net.minecraftforge.coremod.transformer.CoreModBaseTransformer/COREMOD]: Transforming net/minecraft/world/level/levelgen/structure/templatesystem/StructureTemplate
[21Dec2025 15:32:13.730] [main/DEBUG] [mixin/]: Preparing curios.mixins.json (13)
[21Dec2025 15:32:13.741] [main/DEBUG] [mixin/]: Preparing mixins.irons_spellbooks.json (20)
[21Dec2025 15:32:13.754] [main/DEBUG] [mixin/]: Preparing coroutil.mixins.json (0)
[21Dec2025 15:32:13.755] [main/DEBUG] [mixin/]: Preparing architectury.mixins.json (9)
[21Dec2025 15:32:13.762] [main/DEBUG] [mixin/]: Preparing architectury-common.mixins.json (10)
[21Dec2025 15:32:13.768] [main/DEBUG] [net.minecraftforge.coremod.transformer.CoreModBaseTransformer/COREMOD]: Transforming net/minecraft/world/item/BucketItem
[21Dec2025 15:32:13.774] [main/DEBUG] [net.minecraftforge.coremod.transformer.CoreModBaseTransformer/COREMOD]: Transforming net/minecraft/world/entity/EntityType
[21Dec2025 15:32:13.849] [main/DEBUG] [net.minecraftforge.coremod.transformer.CoreModBaseTransformer/COREMOD]: Transforming net/minecraft/world/level/block/LiquidBlock
[21Dec2025 15:32:13.854] [main/DEBUG] [mixin/]: Preparing furniture-common.mixins.json (5)
[21Dec2025 15:32:13.864] [main/DEBUG] [mixin/]: Preparing doapi-common.mixins.json (4)
[21Dec2025 15:32:13.867] [main/DEBUG] [mixin/]: Preparing doapi.mixins.json (9)
[21Dec2025 15:32:13.880] [main/DEBUG] [mixin/]: Preparing vinery-common.mixins.json (10)
[21Dec2025 15:32:13.890] [main/DEBUG] [mixin/]: Preparing vinery.mixins.json (4)
[21Dec2025 15:32:13.893] [main/DEBUG] [mixin/]: Preparing refurbished_furniture.common.mixins.json (12)
[21Dec2025 15:32:13.934] [main/DEBUG] [mixin/]: Preparing justzoom.mixin.json (1)
[21Dec2025 15:32:13.935] [main/DEBUG] [mixin/]: Preparing the_bumblezone-common.mixins.json (99)
[21Dec2025 15:32:14.019] [main/ERROR] [net.minecraftforge.fml.loading.RuntimeDistCleaner/DISTXFORM]: Attempted to load class net/minecraft/client/particle/ParticleEngine for invalid dist DEDICATED_SERVER
[21Dec2025 15:32:14.019] [main/WARN] [mixin/]: Error loading class: net/minecraft/client/particle/ParticleEngine (java.lang.RuntimeException: Attempted to load class net/minecraft/client/particle/ParticleEngine for invalid dist DEDICATED_SERVER)
[21Dec2025 15:32:14.019] [main/WARN] [mixin/]: @Mixin target net.minecraft.client.particle.ParticleEngine was not found the_bumblezone-common.mixins.json:client.ParticleEngineAccessor
[21Dec2025 15:32:14.107] [main/DEBUG] [net.minecraftforge.coremod.transformer.CoreModBaseTransformer/COREMOD]: Transforming net/minecraft/world/effect/MobEffectInstance
[21Dec2025 15:32:14.151] [main/DEBUG] [mixin/]: Preparing the_bumblezone-forge.mixins.json (17)
[21Dec2025 15:32:14.220] [main/DEBUG] [mixin/]: Preparing expandability.mixins.json (4)
[21Dec2025 15:32:14.220] [main/DEBUG] [mixin/]: Preparing expandability-common.mixins.json (9)
[21Dec2025 15:32:14.224] [main/DEBUG] [mixin/]: Preparing aquamirae.mixins.json (0)
[21Dec2025 15:32:14.224] [main/DEBUG] [mixin/]: Preparing assets/camera/camera.mixins.json (1)
[21Dec2025 15:32:14.451] [main/DEBUG] [mixin/]: Inner class net/satisfy/vinery/forge/mixin/BootsItemMixin$1 in net/satisfy/vinery/forge/mixin/BootsItemMixin on net/satisfy/vinery/core/item/WinemakerBootsItem gets unique name net/satisfy/vinery/core/item/WinemakerBootsItem$Anonymous$445fd28be1c944779e804c3b2a397c8a
[21Dec2025 15:32:14.452] [main/DEBUG] [mixin/]: Inner class net/satisfy/vinery/forge/mixin/ChestplateItemMixin$1 in net/satisfy/vinery/forge/mixin/ChestplateItemMixin on net/satisfy/vinery/core/item/WinemakerChestItem gets unique name net/satisfy/vinery/core/item/WinemakerChestItem$Anonymous$94c9568e7d2640c8b7d44a5aa231a6fc
[21Dec2025 15:32:14.452] [main/DEBUG] [mixin/]: Inner class net/satisfy/vinery/forge/mixin/HelmetItemMixin$1 in net/satisfy/vinery/forge/mixin/HelmetItemMixin on net/satisfy/vinery/core/item/WinemakerHelmetItem gets unique name net/satisfy/vinery/core/item/WinemakerHelmetItem$Anonymous$71b406bded1b4e27993c1a2949485242
[21Dec2025 15:32:14.453] [main/DEBUG] [mixin/]: Inner class net/satisfy/vinery/forge/mixin/LeggingsItemMixin$1 in net/satisfy/vinery/forge/mixin/LeggingsItemMixin on net/satisfy/vinery/core/item/WinemakerLegsItem gets unique name net/satisfy/vinery/core/item/WinemakerLegsItem$Anonymous$dfc55b715e974d6c8051598de781d9c2
[21Dec2025 15:32:14.474] [main/DEBUG] [mixin/]: Prepared 332 mixins in 2.375 sec (7.2ms avg) (0ms load, 0ms transform, 0ms plugin)
[21Dec2025 15:32:14.486] [main/INFO] [MixinExtras|Service/]: Initializing MixinExtras via com.llamalad7.mixinextras.service.MixinExtrasServiceImpl(version=0.4.1).
[21Dec2025 15:32:14.487] [main/DEBUG] [mixin/]: Registering new injector for @SugarWrapper with com.llamalad7.mixinextras.sugar.impl.SugarWrapperInjectionInfo
[21Dec2025 15:32:14.488] [main/DEBUG] [mixin/]: Registering new injector for @FactoryRedirectWrapper with com.llamalad7.mixinextras.wrapper.factory.FactoryRedirectWrapperInjectionInfo
[21Dec2025 15:32:14.492] [main/DEBUG] [mixin/]: Mixing MinecraftServerMixin from citadel.mixins.json into net.minecraft.server.MinecraftServer
[21Dec2025 15:32:14.503] [main/DEBUG] [mixin/]: Mixing MinecraftServerMixin from balm.mixins.json into net.minecraft.server.MinecraftServer
[21Dec2025 15:32:14.503] [main/DEBUG] [mixin/]: Renaming synthetic method lambda$reloadResources$0(Ljava/lang/Void;)V to md6dd064$lambda$reloadResources$0$0 in balm.mixins.json:MinecraftServerMixin
[21Dec2025 15:32:14.680] [main/DEBUG] [io.netty.util.internal.logging.InternalLoggerFactory/]: Using SLF4J as the default logging framework
[21Dec2025 15:32:14.682] [main/DEBUG] [io.netty.util.ResourceLeakDetector/]: -Dio.netty.leakDetection.level: simple
[21Dec2025 15:32:14.682] [main/DEBUG] [io.netty.util.ResourceLeakDetector/]: -Dio.netty.leakDetection.targetRecords: 4
[21Dec2025 15:32:14.982] [main/DEBUG] [mixin/]: Mixing DataFixerMixin from doapi-common.mixins.json into net.minecraft.resources.ResourceLocation
[21Dec2025 15:32:15.037] [main/DEBUG] [oshi.util.FileUtil/]: No oshi.properties file found from ClassLoader cpw.mods.modlauncher.TransformingClassLoader@259b85d6
[21Dec2025 15:32:15.037] [main/DEBUG] [oshi.util.FileUtil/]: No oshi.properties file found from ClassLoader jdk.internal.loader.ClassLoaders$AppClassLoader@76ed5528
[21Dec2025 15:32:15.077] [main/DEBUG] [oshi.util.FileUtil/]: Reading file /proc/self/auxv
[21Dec2025 15:32:15.078] [main/DEBUG] [oshi.util.FileUtil/]: Reading file /proc/self/auxv
[21Dec2025 15:32:15.082] [main/DEBUG] [oshi.util.FileUtil/]: Reading file /proc/stat
[21Dec2025 15:32:15.090] [main/DEBUG] [oshi.util.FileUtil/]: Reading file /sys/devices/system/cpu/cpu0/topology/core_id
[21Dec2025 15:32:15.090] [main/DEBUG] [oshi.util.FileUtil/]: Reading file /sys/devices/system/cpu/cpu0/topology/core_id
[21Dec2025 15:32:15.090] [main/DEBUG] [oshi.util.FileUtil/]: Reading file /sys/devices/system/cpu/cpu0/topology/physical_package_id
[21Dec2025 15:32:15.090] [main/DEBUG] [oshi.util.FileUtil/]: Reading file /sys/devices/system/cpu/cpu0/topology/physical_package_id
[21Dec2025 15:32:15.090] [main/DEBUG] [oshi.util.FileUtil/]: Reading file /sys/devices/system/cpu/cpu0/cpu_capacity
[21Dec2025 15:32:15.092] [main/DEBUG] [oshi.util.FileUtil/]: Reading file /sys/devices/system/cpu/cpu1/topology/core_id
[21Dec2025 15:32:15.092] [main/DEBUG] [oshi.util.FileUtil/]: Reading file /sys/devices/system/cpu/cpu1/topology/core_id
[21Dec2025 15:32:15.092] [main/DEBUG] [oshi.util.FileUtil/]: Reading file /sys/devices/system/cpu/cpu1/topology/physical_package_id
[21Dec2025 15:32:15.092] [main/DEBUG] [oshi.util.FileUtil/]: Reading file /sys/devices/system/cpu/cpu1/topology/physical_package_id
[21Dec2025 15:32:15.092] [main/DEBUG] [oshi.util.FileUtil/]: Reading file /sys/devices/system/cpu/cpu1/cpu_capacity
[21Dec2025 15:32:15.093] [main/DEBUG] [oshi.util.FileUtil/]: Reading file /sys/devices/system/cpu/cpu2/topology/core_id
[21Dec2025 15:32:15.093] [main/DEBUG] [oshi.util.FileUtil/]: Reading file /sys/devices/system/cpu/cpu2/topology/core_id
[21Dec2025 15:32:15.093] [main/DEBUG] [oshi.util.FileUtil/]: Reading file /sys/devices/system/cpu/cpu2/topology/physical_package_id
[21Dec2025 15:32:15.093] [main/DEBUG] [oshi.util.FileUtil/]: Reading file /sys/devices/system/cpu/cpu2/topology/physical_package_id
[21Dec2025 15:32:15.093] [main/DEBUG] [oshi.util.FileUtil/]: Reading file /sys/devices/system/cpu/cpu2/cpu_capacity
[21Dec2025 15:32:15.093] [main/DEBUG] [oshi.util.FileUtil/]: Reading file /sys/devices/system/cpu/cpu3/topology/core_id
[21Dec2025 15:32:15.093] [main/DEBUG] [oshi.util.FileUtil/]: Reading file /sys/devices/system/cpu/cpu3/topology/core_id
[21Dec2025 15:32:15.094] [main/DEBUG] [oshi.util.FileUtil/]: Reading file /sys/devices/system/cpu/cpu3/topology/physical_package_id
[21Dec2025 15:32:15.094] [main/DEBUG] [oshi.util.FileUtil/]: Reading file /sys/devices/system/cpu/cpu3/topology/physical_package_id
[21Dec2025 15:32:15.094] [main/DEBUG] [oshi.util.FileUtil/]: Reading file /sys/devices/system/cpu/cpu3/cpu_capacity
[21Dec2025 15:32:15.095] [main/DEBUG] [oshi.util.FileUtil/]: Reading file /proc/cpuinfo
[21Dec2025 15:32:15.109] [main/DEBUG] [oshi.util.FileUtil/]: Reading file /proc/self/auxv
[21Dec2025 15:32:15.116] [main/DEBUG] [oshi.util.FileUtil/]: No oshi.architecture.properties file found from ClassLoader cpw.mods.modlauncher.TransformingClassLoader@259b85d6
[21Dec2025 15:32:15.117] [main/DEBUG] [oshi.util.FileUtil/]: No oshi.architecture.properties file found from ClassLoader jdk.internal.loader.ClassLoaders$AppClassLoader@76ed5528
[21Dec2025 15:32:15.132] [main/DEBUG] [oshi.util.FileUtil/]: Reading file /proc/meminfo
[21Dec2025 15:32:15.133] [main/DEBUG] [oshi.util.FileUtil/]: Reading file /proc/meminfo
[21Dec2025 15:32:15.177] [main/DEBUG] [mixin/]: Mixing MixinBuiltInRegistries from terrablender.mixins.json into net.minecraft.core.registries.BuiltInRegistries
[21Dec2025 15:32:15.178] [main/DEBUG] [mixin/]: Renaming synthetic method lambda$registerSimple$0(Lnet/minecraft/core/registries/BuiltInRegistries$RegistryBootstrap;Lnet/minecraft/core/Registry;)Ljava/lang/Object; to md6dd064$lambda$registerSimple$0$0 in terrablender.mixins.json:MixinBuiltInRegistries
[21Dec2025 15:32:15.309] [main/DEBUG] [mixin/]: Mixing inject.MixinGameEvent from architectury-common.mixins.json into net.minecraft.world.level.gameevent.GameEvent
[21Dec2025 15:32:15.348] [main/DEBUG] [mixin/]: Mixing GameDataMixin from supermartijn642corelib.mixins.json into net.minecraftforge.registries.GameData
[21Dec2025 15:32:15.389] [main/DEBUG] [mixin/]: Mixing inject.MixinBlock from architectury-common.mixins.json into net.minecraft.world.level.block.Block
[21Dec2025 15:32:15.392] [main/DEBUG] [mixin/]: Mixing BlockMixin from vinery-common.mixins.json into net.minecraft.world.level.block.Block
[21Dec2025 15:32:15.410] [main/DEBUG] [mixin/]: Mixing MixinBlockBehaviour from slashblade.mixins.json into net.minecraft.world.level.block.state.BlockBehaviour$BlockStateBase
[21Dec2025 15:32:15.412] [main/DEBUG] [mixin/]: slashblade.mixins.json:MixinBlockBehaviour: Class version 61 required is higher than the class version supported by the current version of Mixin (JAVA_8 supports class version 52)
[21Dec2025 15:32:15.439] [main/DEBUG] [mixin/]: Mixing fluidcollision.BlockStateBaseMixin from expandability-common.mixins.json into net.minecraft.world.level.block.state.BlockBehaviour$BlockStateBase
[21Dec2025 15:32:15.480] [main/DEBUG] [mixin/]: Mixing EntityChopSettingsMixin from treechop.mixins.json into net.minecraft.world.entity.Entity
[21Dec2025 15:32:15.487] [main/DEBUG] [mixin/]: Mixing item.umbrella.EntityMixin from mixins.artifacts.common.json into net.minecraft.world.entity.Entity
[21Dec2025 15:32:15.490] [main/DEBUG] [mixin/]: Mixing item.wearable.aquadashers.EntityMixin from mixins.artifacts.common.json into net.minecraft.world.entity.Entity
[21Dec2025 15:32:15.517] [main/DEBUG] [mixin/]: Mixing EntityMixin from relics.mixins.json into net.minecraft.world.entity.Entity
[21Dec2025 15:32:15.518] [main/DEBUG] [mixin/]: relics.mixins.json:EntityMixin: Class version 61 required is higher than the class version supported by the current version of Mixin (JAVA_8 supports class version 52)
[21Dec2025 15:32:15.546] [main/DEBUG] [mixin/]: Mixing EntityMixin from balm.mixins.json into net.minecraft.world.entity.Entity
[21Dec2025 15:32:15.549] [main/DEBUG] [mixin/]: Mixing EntityMixin from alexscaves.mixins.json into net.minecraft.world.entity.Entity
[21Dec2025 15:32:15.638] [main/DEBUG] [mixin/]: Mixing EntityMixin from lionfishapi.mixins.json into net.minecraft.world.entity.Entity
[21Dec2025 15:32:15.647] [main/DEBUG] [mixin/]: Mixing AccessorEntity from curios.mixins.json into net.minecraft.world.entity.Entity
[21Dec2025 15:32:15.650] [main/DEBUG] [mixin/]: Mixing EntityMixin from mixins.irons_spellbooks.json into net.minecraft.world.entity.Entity
[21Dec2025 15:32:15.661] [main/DEBUG] [mixin/]: Mixing EntityAccessor from refurbished_furniture.common.mixins.json into net.minecraft.world.entity.Entity
[21Dec2025 15:32:15.661] [main/DEBUG] [mixin/]: Mixing EntityMixin from refurbished_furniture.common.mixins.json into net.minecraft.world.entity.Entity
[21Dec2025 15:32:15.713] [main/DEBUG] [mixin/]: Mixing entities.EntityAccessor from the_bumblezone-common.mixins.json into net.minecraft.world.entity.Entity
[21Dec2025 15:32:15.713] [main/DEBUG] [mixin/]: Mixing swimming.EntityMixin from expandability.mixins.json into net.minecraft.world.entity.Entity
[21Dec2025 15:32:15.718] [main/DEBUG] [mixin/]: Mixing swimming.EntityMixin from expandability-common.mixins.json into net.minecraft.world.entity.Entity
[21Dec2025 15:32:15.724] [main/DEBUG] [mixin/]: Mixing entities.EntityMixin from the_bumblezone-common.mixins.json into net.minecraft.world.entity.Entity
[21Dec2025 15:32:15.815] [main/DEBUG] [mixin/]: Mixing entity.EntityMixin from the_bumblezone-forge.mixins.json into net.minecraft.world.entity.Entity
[21Dec2025 15:32:16.008] [main/DEBUG] [mixin/]: Mixing entities.LaterLivingEntityMixin from the_bumblezone-common.mixins.json into net.minecraft.world.entity.LivingEntity
[21Dec2025 15:32:16.011] [main/DEBUG] [mixin/]: Mixing MixinLivingEntity from caelus.mixins.json into net.minecraft.world.entity.LivingEntity
[21Dec2025 15:32:16.012] [main/DEBUG] [mixin/]: Mixing LivingEntityMixin from citadel.mixins.json into net.minecraft.world.entity.LivingEntity
[21Dec2025 15:32:16.016] [main/DEBUG] [mixin/]: Mixing accessors.LivingEntityAccessor from mixins.artifacts.common.json into net.minecraft.world.entity.LivingEntity
[21Dec2025 15:32:16.016] [main/DEBUG] [mixin/]: Mixing item.hurtsound.LivingEntityMixin from mixins.artifacts.common.json into net.minecraft.world.entity.LivingEntity
[21Dec2025 15:32:16.018] [main/DEBUG] [mixin/]: Mixing item.wearable.chorustotem.LivingEntityMixin from mixins.artifacts.common.json into net.minecraft.world.entity.LivingEntity
[21Dec2025 15:32:16.039] [main/DEBUG] [mixin/]: Mixing item.wearable.snowshoes.LivingEntityMixin from mixins.artifacts.forge.json into net.minecraft.world.entity.LivingEntity
[21Dec2025 15:32:16.041] [main/DEBUG] [mixin/]: Mixing LivingEntityMixin from relics.mixins.json into net.minecraft.world.entity.LivingEntity
[21Dec2025 15:32:16.041] [main/DEBUG] [mixin/]: relics.mixins.json:LivingEntityMixin: Class version 61 required is higher than the class version supported by the current version of Mixin (JAVA_8 supports class version 52)
[21Dec2025 15:32:16.045] [main/DEBUG] [mixin/]: Mixing LivingEntityMixin from alexscaves.mixins.json into net.minecraft.world.entity.LivingEntity
[21Dec2025 15:32:16.057] [main/DEBUG] [mixin/]: Mixing LivingEntityMixin from cataclysm.mixins.json into net.minecraft.world.entity.LivingEntity
[21Dec2025 15:32:16.059] [main/DEBUG] [mixin/]: Mixing MixinLivingEntity from curios.mixins.json into net.minecraft.world.entity.LivingEntity
[21Dec2025 15:32:16.061] [main/DEBUG] [mixin/]: Mixing LivingEntityMixin from mixins.irons_spellbooks.json into net.minecraft.world.entity.LivingEntity
[21Dec2025 15:32:16.062] [main/DEBUG] [mixin/]: Renaming synthetic method lambda$static$1(Lnet/minecraft/world/entity/ai/attributes/Attribute;)Z to md6dd064$lambda$static$1$0 in mixins.irons_spellbooks.json:LivingEntityMixin
[21Dec2025 15:32:16.062] [main/DEBUG] [mixin/]: Renaming synthetic method lambda$static$0(Lnet/minecraft/world/entity/ai/attributes/Attribute;)Z to md6dd064$lambda$static$0$1 in mixins.irons_spellbooks.json:LivingEntityMixin
[21Dec2025 15:32:16.092] [main/DEBUG] [mixin/]: Mixing LivingEntityMixin from vinery-common.mixins.json into net.minecraft.world.entity.LivingEntity
[21Dec2025 15:32:16.105] [main/DEBUG] [mixin/]: Mixing LivingEntityMixin from refurbished_furniture.common.mixins.json into net.minecraft.world.entity.LivingEntity
[21Dec2025 15:32:16.107] [main/DEBUG] [mixin/]: Mixing entities.LivingEntityAccessor from the_bumblezone-common.mixins.json into net.minecraft.world.entity.LivingEntity
[21Dec2025 15:32:16.107] [main/DEBUG] [mixin/]: Mixing swimming.LivingEntityMixin from expandability.mixins.json into net.minecraft.world.entity.LivingEntity
[21Dec2025 15:32:16.110] [main/DEBUG] [mixin/]: Mixing swimming.LivingEntityMixin from expandability-common.mixins.json into net.minecraft.world.entity.LivingEntity
[21Dec2025 15:32:16.114] [main/DEBUG] [mixin/]: Mixing entities.LivingEntityMixin from the_bumblezone-common.mixins.json into net.minecraft.world.entity.LivingEntity
[21Dec2025 15:32:16.125] [main/DEBUG] [mixin/]: Mixing LivingEntityMixin from obscure_api.mixins.json into net.minecraft.world.entity.LivingEntity
[21Dec2025 15:32:16.324] [main/DEBUG] [mixin/]: Mixing LevelMixin from citadel.mixins.json into net.minecraft.world.level.Level
[21Dec2025 15:32:16.327] [main/DEBUG] [mixin/]: Mixing LevelMixin from refurbished_furniture.common.mixins.json into net.minecraft.world.level.Level
[21Dec2025 15:32:16.329] [main/DEBUG] [mixin/]: Mixing world.LevelMixin from the_bumblezone-common.mixins.json into net.minecraft.world.level.Level
[21Dec2025 15:32:16.381] [main/DEBUG] [mixin/]: Mixing ServerLevelMixin from citadel.mixins.json into net.minecraft.server.level.ServerLevel
[21Dec2025 15:32:16.383] [main/DEBUG] [mixin/]: Mixing ServerLevelMixin from refurbished_furniture.common.mixins.json into net.minecraft.server.level.ServerLevel
[21Dec2025 15:32:16.384] [main/DEBUG] [mixin/]: Mixing world.ServerWorldMixin from the_bumblezone-common.mixins.json into net.minecraft.server.level.ServerLevel
[21Dec2025 15:32:16.484] [main/DEBUG] [mixin/]: Mixing ItemMixin from cataclysm.mixins.json into net.minecraft.world.entity.item.ItemEntity
[21Dec2025 15:32:16.487] [main/DEBUG] [mixin/]: Mixing entities.ItemEntityAccessor from the_bumblezone-common.mixins.json into net.minecraft.world.entity.item.ItemEntity
[21Dec2025 15:32:16.494] [main/DEBUG] [mixin/]: Mixing PlayerMixin from alexscaves.mixins.json into net.minecraft.world.entity.player.Player
[21Dec2025 15:32:16.502] [main/DEBUG] [mixin/]: Mixing PlayerMixin from mixins.irons_spellbooks.json into net.minecraft.world.entity.player.Player
[21Dec2025 15:32:16.503] [main/DEBUG] [mixin/]: Mixing entities.PlayerMixin from the_bumblezone-common.mixins.json into net.minecraft.world.entity.player.Player
[21Dec2025 15:32:16.504] [main/DEBUG] [mixin/]: Mixing entities.PlayerTimeInAirMixin from the_bumblezone-common.mixins.json into net.minecraft.world.entity.player.Player
[21Dec2025 15:32:16.509] [main/DEBUG] [mixin/]: Mixing items.HoneyShieldPlayerMixin from the_bumblezone-common.mixins.json into net.minecraft.world.entity.player.Player
[21Dec2025 15:32:16.512] [main/DEBUG] [mixin/]: Mixing items.PlayerDamageShieldInvoker from the_bumblezone-common.mixins.json into net.minecraft.world.entity.player.Player
[21Dec2025 15:32:16.512] [main/DEBUG] [mixin/]: Mixing swimming.PlayerMixin from expandability-common.mixins.json into net.minecraft.world.entity.player.Player
[21Dec2025 15:32:16.610] [main/DEBUG] [mixin/]: Mixing inject.MixinFluid from architectury-common.mixins.json into net.minecraft.world.level.material.Fluid
[21Dec2025 15:32:16.614] [main/DEBUG] [mixin/]: Mixing ItemMixin from relics.mixins.json into net.minecraft.world.item.Item
[21Dec2025 15:32:16.614] [main/DEBUG] [mixin/]: relics.mixins.json:ItemMixin: Class version 61 required is higher than the class version supported by the current version of Mixin (JAVA_8 supports class version 52)
[21Dec2025 15:32:16.618] [main/DEBUG] [mixin/]: Mixing ItemMixin from mixins.irons_spellbooks.json into net.minecraft.world.item.Item
[21Dec2025 15:32:16.620] [main/DEBUG] [mixin/]: Mixing inject.MixinItem from architectury-common.mixins.json into net.minecraft.world.item.Item
[21Dec2025 15:32:16.639] [main/DEBUG] [net.minecraftforge.coremod.transformer.CoreModBaseTransformer/COREMOD]: Transforming net/minecraft/world/entity/EntityType
[21Dec2025 15:32:16.703] [main/DEBUG] [mixin/]: Mixing inject.MixinEntityType from architectury-common.mixins.json into net.minecraft.world.entity.EntityType
[21Dec2025 15:32:16.704] [main/DEBUG] [mixin/]: Mixing entities.EntityTypeMixin from the_bumblezone-common.mixins.json into net.minecraft.world.entity.EntityType
[21Dec2025 15:32:16.716] [main/DEBUG] [mixin/]: Mixing MobEffectMixin from mixins.irons_spellbooks.json into net.minecraft.world.effect.MobEffect
[21Dec2025 15:32:16.722] [main/DEBUG] [mixin/]: Mixing EnchantmentMixin from goblintraders.common.mixins.json into net.minecraft.world.item.enchantment.Enchantment
[21Dec2025 15:32:16.729] [main/DEBUG] [mixin/]: Mixing sign.MixinBlockEntityType from doapi.mixins.json into net.minecraft.world.level.block.entity.BlockEntityType
[21Dec2025 15:32:16.733] [main/DEBUG] [mixin/]: Mixing ChunkStatusMixin from alexscaves.mixins.json into net.minecraft.world.level.chunk.ChunkStatus
[21Dec2025 15:32:16.760] [main/DEBUG] [mixin/]: Mixing KeepRichSoilGiantTreeMixin from farmersdelight.mixins.json into net.minecraft.world.level.levelgen.feature.Feature
[21Dec2025 15:32:16.760] [main/DEBUG] [mixin/]: Renaming synthetic method lambda$keepRichSoil$0(Lnet/minecraft/world/level/block/state/BlockState;)Z to md6dd064$lambda$keepRichSoil$0$0 in farmersdelight.mixins.json:KeepRichSoilGiantTreeMixin
[21Dec2025 15:32:16.769] [main/DEBUG] [mixin/]: Mixing TrunkPlacerTypeInvoker from graveyard-common.mixins.json into net.minecraft.world.level.levelgen.feature.trunkplacers.TrunkPlacerType
[21Dec2025 15:32:16.769] [main/DEBUG] [mixin/]: Renaming @Invoker method callRegister(Ljava/lang/String;Lcom/mojang/serialization/Codec;)Lnet/minecraft/world/level/levelgen/feature/trunkplacers/TrunkPlacerType; to callRegister_$md$6dd064$0 in graveyard-common.mixins.json:TrunkPlacerTypeInvoker
[21Dec2025 15:32:16.791] [main/DEBUG] [mixin/]: Mixing FireBlockMixin from doapi.mixins.json into net.minecraft.world.level.block.FireBlock
[21Dec2025 15:32:16.792] [main/DEBUG] [mixin/]: Mixing block.FireBlockInvoker from the_bumblezone-forge.mixins.json into net.minecraft.world.level.block.FireBlock
[21Dec2025 15:32:16.792] [main/DEBUG] [mixin/]: Mixing block.FireBlockMixin from the_bumblezone-forge.mixins.json into net.minecraft.world.level.block.FireBlock
[21Dec2025 15:32:16.793] [main/DEBUG] [mixin/]: Renaming synthetic method lambda$thebumblezone_fireHoneyCocoonLootDrop$0(Lnet/minecraft/server/level/ServerLevel;Lnet/minecraft/core/BlockPos;Lnet/minecraft/world/item/ItemStack;)V to md6dd064$lambda$thebumblezone_fireHoneyCocoonLootDrop$0$0 in the_bumblezone-forge.mixins.json:block.FireBlockMixin
[21Dec2025 15:32:16.816] [main/DEBUG] [mixin/]: Mixing ShapesMixin from creativecore.mixins.json into net.minecraft.world.phys.shapes.Shapes
[21Dec2025 15:32:16.885] [main/DEBUG] [mixin/]: Mixing VoxelShapeAccessor from creativecore.mixins.json into net.minecraft.world.phys.shapes.VoxelShape
[21Dec2025 15:32:17.093] [main/DEBUG] [mixin/]: Mixing SpreadingSnowyDirtBlockMixin from vinery-common.mixins.json into net.minecraft.world.level.block.SpreadingSnowyDirtBlock
[21Dec2025 15:32:17.103] [main/DEBUG] [mixin/]: Mixing PlantBlockMixin from graveyard-common.mixins.json into net.minecraft.world.level.block.BushBlock
[21Dec2025 15:32:17.103] [main/DEBUG] [mixin/]: Mixing PlantBlockMixin from vinery-common.mixins.json into net.minecraft.world.level.block.BushBlock
[21Dec2025 15:32:17.115] [main/DEBUG] [net.minecraftforge.coremod.transformer.CoreModBaseTransformer/COREMOD]: Transforming net/minecraft/world/level/block/LiquidBlock
[21Dec2025 15:32:17.115] [main/DEBUG] [mixin/]: Mixing inject.MixinLiquidBlock from architectury-common.mixins.json into net.minecraft.world.level.block.LiquidBlock
[21Dec2025 15:32:17.129] [main/DEBUG] [mixin/]: Mixing CuttingBoardDispenserMixin from farmersdelight.mixins.json into net.minecraft.world.level.block.DispenserBlock
[21Dec2025 15:32:17.135] [main/DEBUG] [mixin/]: Mixing blocks.DispenserBlockInvoker from the_bumblezone-common.mixins.json into net.minecraft.world.level.block.DispenserBlock
[21Dec2025 15:32:17.146] [main/DEBUG] [mixin/]: Mixing blocks.PistonBaseBlockMixin from the_bumblezone-common.mixins.json into net.minecraft.world.level.block.piston.PistonBaseBlock
[21Dec2025 15:32:17.163] [main/DEBUG] [net.minecraftforge.coremod.transformer.CoreModBaseTransformer/COREMOD]: Transforming net/minecraft/world/level/block/StairBlock
[21Dec2025 15:32:17.172] [main/DEBUG] [mixin/]: Mixing CropBlockMixin from balm.mixins.json into net.minecraft.world.level.block.CropBlock
[21Dec2025 15:32:17.172] [main/DEBUG] [mixin/]: Mixing CropBlockMixin from furniture-common.mixins.json into net.minecraft.world.level.block.CropBlock
[21Dec2025 15:32:17.182] [main/DEBUG] [mixin/]: Mixing accessor.DoorBlockAccessor from ribbits.mixins.json into net.minecraft.world.level.block.DoorBlock
[21Dec2025 15:32:17.182] [main/DEBUG] [mixin/]: Renaming @Invoker method createDoorBlock(Lnet/minecraft/world/level/block/state/BlockBehaviour$Properties;Lnet/minecraft/world/level/block/state/properties/BlockSetType;)Lnet/minecraft/world/level/block/DoorBlock; to createDoorBlock_$md$6dd064$0 in ribbits.mixins.json:accessor.DoorBlockAccessor
[21Dec2025 15:32:17.217] [main/DEBUG] [mixin/]: Mixing StemBlockMixin from balm.mixins.json into net.minecraft.world.level.block.StemBlock
[21Dec2025 15:32:17.220] [main/DEBUG] [mixin/]: Mixing blocks.VineBlockAccessor from the_bumblezone-common.mixins.json into net.minecraft.world.level.block.VineBlock
[21Dec2025 15:32:17.225] [main/DEBUG] [mixin/]: Mixing blocks.WaterlilyBlockMixin from the_bumblezone-common.mixins.json into net.minecraft.world.level.block.WaterlilyBlock
[21Dec2025 15:32:17.245] [main/DEBUG] [net.minecraftforge.coremod.transformer.CoreModBaseTransformer/COREMOD]: Transforming net/minecraft/world/level/block/FlowerPotBlock
[21Dec2025 15:32:17.294] [main/DEBUG] [mixin/]: Mixing swimming.BubbleColumnBlockMixin from expandability-common.mixins.json into net.minecraft.world.level.block.BubbleColumnBlock
[21Dec2025 15:32:17.295] [main/DEBUG] [mixin/]: Mixing blocks.BubbleColumnBlockMixin from the_bumblezone-common.mixins.json into net.minecraft.world.level.block.BubbleColumnBlock
[21Dec2025 15:32:17.309] [main/DEBUG] [mixin/]: Mixing CampfireBaleMixin from farmersdelight.mixins.json into net.minecraft.world.level.block.CampfireBlock
[21Dec2025 15:32:17.322] [main/DEBUG] [mixin/]: Mixing blocks.BeehiveMixin from the_bumblezone-common.mixins.json into net.minecraft.world.level.block.BeehiveBlock
[21Dec2025 15:32:17.334] [main/DEBUG] [mixin/]: Mixing PowderSnowBlockMixin from relics.mixins.json into net.minecraft.world.level.block.PowderSnowBlock
[21Dec2025 15:32:17.335] [main/DEBUG] [mixin/]: relics.mixins.json:PowderSnowBlockMixin: Class version 61 required is higher than the class version supported by the current version of Mixin (JAVA_8 supports class version 52)
[21Dec2025 15:32:17.335] [main/DEBUG] [mixin/]: Mixing MixinPowderSnowBlock from curios.mixins.json into net.minecraft.world.level.block.PowderSnowBlock
[21Dec2025 15:32:17.347] [main/DEBUG] [mixin/]: Mixing blocks.PointedDripstoneBlockMixin from the_bumblezone-common.mixins.json into net.minecraft.world.level.block.PointedDripstoneBlock
[21Dec2025 15:32:17.359] [main/DEBUG] [mixin/]: Mixing blocks.BigDripleafBlockMixin from the_bumblezone-common.mixins.json into net.minecraft.world.level.block.BigDripleafBlock
[21Dec2025 15:32:17.363] [main/DEBUG] [mixin/]: Mixing blocks.BigDripleafStemBlockMixin from the_bumblezone-common.mixins.json into net.minecraft.world.level.block.BigDripleafStemBlock
[21Dec2025 15:32:17.366] [main/DEBUG] [mixin/]: Mixing blocks.SmallDripleafBlockMixin from the_bumblezone-common.mixins.json into net.minecraft.world.level.block.SmallDripleafBlock
[21Dec2025 15:32:17.371] [main/DEBUG] [mixin/]: Mixing blocks.FrogspawnBlockMixin from the_bumblezone-common.mixins.json into net.minecraft.world.level.block.FrogspawnBlock
[21Dec2025 15:32:17.378] [main/DEBUG] [mixin/]: Mixing BlockBehaviourMixin from mowziesmobs.mixins.json into net.minecraft.world.level.block.state.BlockBehaviour$Properties
[21Dec2025 15:32:17.379] [main/DEBUG] [mixin/]: Mixing BlockPropertiesAccessor from supermartijn642corelib.mixins.json into net.minecraft.world.level.block.state.BlockBehaviour$Properties
[21Dec2025 15:32:17.379] [main/DEBUG] [mixin/]: Mixing sign.MixinAbstractBlockSettings from doapi.mixins.json into net.minecraft.world.level.block.state.BlockBehaviour$Properties
[21Dec2025 15:32:17.413] [main/DEBUG] [mixin/]: Mixing blocks.WaterEquivalenceMixin from the_bumblezone-common.mixins.json into net.minecraft.world.level.material.WaterFluid
[21Dec2025 15:32:17.416] [main/DEBUG] [mixin/]: Mixing FlowingFluidMixin from alexscaves.mixins.json into net.minecraft.world.level.material.FlowingFluid
[21Dec2025 15:32:17.416] [main/DEBUG] [mixin/]: Mixing blocks.FlowingFluidAccessor from the_bumblezone-common.mixins.json into net.minecraft.world.level.material.FlowingFluid
[21Dec2025 15:32:17.551] [main/DEBUG] [mixin/]: Mixing FallingBlockEntityMixin from alexscaves.mixins.json into net.minecraft.world.entity.item.FallingBlockEntity
[21Dec2025 15:32:17.553] [main/DEBUG] [mixin/]: Mixing MixinFallingBlockEntity from architectury.mixins.json into net.minecraft.world.entity.item.FallingBlockEntity
[21Dec2025 15:32:17.554] [main/DEBUG] [mixin/]: Mixing blocks.FallingBlockEntityAccessor from the_bumblezone-common.mixins.json into net.minecraft.world.entity.item.FallingBlockEntity
[21Dec2025 15:32:17.568] [main/DEBUG] [mixin/]: Mixing BlockEntityMixin from refurbished_furniture.common.mixins.json into net.minecraft.world.level.block.entity.BlockEntity
[21Dec2025 15:32:17.569] [main/DEBUG] [mixin/]: Mixing blocks.BlockEntityAccessor from the_bumblezone-common.mixins.json into net.minecraft.world.level.block.entity.BlockEntity
[21Dec2025 15:32:17.652] [main/DEBUG] [mixin/]: Mixing blocks.DefaultDispenseItemBehaviorInvoker from the_bumblezone-common.mixins.json into net.minecraft.core.dispenser.DefaultDispenseItemBehavior
[21Dec2025 15:32:17.813] [main/DEBUG] [mixin/]: Mixing blocks.PistonMovingBlockEntityMixin from the_bumblezone-common.mixins.json into net.minecraft.world.level.block.piston.PistonMovingBlockEntity
[21Dec2025 15:32:17.826] [main/DEBUG] [mixin/]: Mixing ServerPlayerEntityTickMixin from yungsapi.mixins.json into net.minecraft.server.level.ServerPlayer
[21Dec2025 15:32:17.826] [main/DEBUG] [mixin/]: Mixing entities.ServerPlayerAccessor from the_bumblezone-common.mixins.json into net.minecraft.server.level.ServerPlayer
[21Dec2025 15:32:17.827] [main/DEBUG] [mixin/]: Mixing entities.ServerPlayerMixin from the_bumblezone-common.mixins.json into net.minecraft.server.level.ServerPlayer
[21Dec2025 15:32:17.828] [main/DEBUG] [mixin/]: Renaming synthetic method lambda$bumblezone$hookToRecipeCrafting$0(Lnet/minecraft/server/level/ServerPlayer;Lcom/telepathicgrunt/the_bumblezone/modules/PlayerDataModule;)V to md6dd064$lambda$bumblezone$hookToRecipeCrafting$0$0 in the_bumblezone-common.mixins.json:entities.ServerPlayerMixin
[21Dec2025 15:32:17.843] [main/DEBUG] [mixin/]: Mixing AttributesMixin from mixins.irons_spellbooks.json into net.minecraft.world.entity.ai.attributes.Attributes
[21Dec2025 15:32:17.853] [main/DEBUG] [mixin/]: Mixing KeepRichSoilTreeMixin from farmersdelight.mixins.json into net.minecraft.world.level.levelgen.feature.trunkplacers.TrunkPlacer
[21Dec2025 15:32:17.853] [main/DEBUG] [mixin/]: Renaming synthetic method lambda$cancelSetDirtIfRichSoil$0(Lnet/minecraft/world/level/block/state/BlockState;)Z to md6dd064$lambda$cancelSetDirtIfRichSoil$0$0 in farmersdelight.mixins.json:KeepRichSoilTreeMixin
[21Dec2025 15:32:18.006] [main/DEBUG] [mixin/]: Mixing AbstractContainerMenuMixin from relics.mixins.json into net.minecraft.world.inventory.AbstractContainerMenu
[21Dec2025 15:32:18.006] [main/DEBUG] [mixin/]: relics.mixins.json:AbstractContainerMenuMixin: Class version 61 required is higher than the class version supported by the current version of Mixin (JAVA_8 supports class version 52)
[21Dec2025 15:32:18.014] [main/DEBUG] [mixin/]: Mixing CraftingMenuMixin from furniture-common.mixins.json into net.minecraft.world.inventory.CraftingMenu
[21Dec2025 15:32:18.014] [main/DEBUG] [mixin/]: Renaming synthetic method lambda$stillValid$0(Lnet/minecraft/world/level/Level;Lnet/minecraft/core/BlockPos;)Ljava/lang/Boolean; to md6dd064$lambda$stillValid$0$0 in furniture-common.mixins.json:CraftingMenuMixin
[21Dec2025 15:32:18.085] [main/DEBUG] [mixin/]: Mixing AbstractArrowMixin from alexscaves.mixins.json into net.minecraft.world.entity.projectile.AbstractArrow
[21Dec2025 15:32:18.085] [main/DEBUG] [mixin/]: Mixing entities.AbstractArrowMixin from the_bumblezone-common.mixins.json into net.minecraft.world.entity.projectile.AbstractArrow
[21Dec2025 15:32:18.110] [main/DEBUG] [mixin/]: Mixing accessors.MobAccessor from mixins.artifacts.common.json into net.minecraft.world.entity.Mob
[21Dec2025 15:32:18.110] [main/DEBUG] [mixin/]: Mixing MobMixin from alexscaves.mixins.json into net.minecraft.world.entity.Mob
[21Dec2025 15:32:18.111] [main/DEBUG] [mixin/]: Mixing MobMixinForge from ribbits_forge.mixins.json into net.minecraft.world.entity.Mob
[21Dec2025 15:32:18.116] [main/DEBUG] [mixin/]: Mixing entities.MobAccessor from the_bumblezone-common.mixins.json into net.minecraft.world.entity.Mob
[21Dec2025 15:32:18.116] [main/DEBUG] [mixin/]: Mixing items.HoneyShieldMobMixin from the_bumblezone-common.mixins.json into net.minecraft.world.entity.Mob
[21Dec2025 15:32:18.155] [main/DEBUG] [mixin/]: Mixing MonsterMixin from alexscaves.mixins.json into net.minecraft.world.entity.monster.Monster
[21Dec2025 15:32:18.213] [main/DEBUG] [net.minecraftforge.coremod.transformer.CoreModBaseTransformer/COREMOD]: Transforming net/minecraft/world/item/ItemStack
[21Dec2025 15:32:18.214] [main/DEBUG] [mixin/]: Mixing ItemStackMixin from relics.mixins.json into net.minecraft.world.item.ItemStack
[21Dec2025 15:32:18.214] [main/DEBUG] [mixin/]: relics.mixins.json:ItemStackMixin: Class version 61 required is higher than the class version supported by the current version of Mixin (JAVA_8 supports class version 52)
[21Dec2025 15:32:18.215] [main/DEBUG] [mixin/]: Mixing AnimatedItemNameMixin from necronomicon.forge.mixins.json into net.minecraft.world.item.ItemStack
[21Dec2025 15:32:18.216] [main/DEBUG] [mixin/]: necronomicon.forge.mixins.json:AnimatedItemNameMixin: Class version 61 required is higher than the class version supported by the current version of Mixin (JAVA_16 supports class version 60)
[21Dec2025 15:32:18.217] [main/DEBUG] [mixin/]: Mixing ItemStackMixin from mixins.irons_spellbooks.json into net.minecraft.world.item.ItemStack
[21Dec2025 15:32:18.303] [main/DEBUG] [mixin/]: Mixing RepairContainerMixin from goblintraders.common.mixins.json into net.minecraft.world.inventory.AnvilMenu
[21Dec2025 15:32:18.418] [main/DEBUG] [mixin/]: Mixing entities.AnimalMixin from the_bumblezone-common.mixins.json into net.minecraft.world.entity.animal.Animal
[21Dec2025 15:32:18.423] [main/DEBUG] [mixin/]: Mixing entities.AgeableMobAccessor from the_bumblezone-common.mixins.json into net.minecraft.world.entity.AgeableMob
[21Dec2025 15:32:18.423] [main/DEBUG] [mixin/]: Renaming @Accessor method bumblezone$getDATA_BABY_ID()Lnet/minecraft/network/syncher/EntityDataAccessor; to bumblezone$getDATA_BABY_ID_$md$6dd064$0 in the_bumblezone-common.mixins.json:entities.AgeableMobAccessor
[21Dec2025 15:32:18.803] [main/DEBUG] [mixin/]: Mixing LoomMenuMixin from furniture-common.mixins.json into net.minecraft.world.inventory.LoomMenu
[21Dec2025 15:32:18.803] [main/DEBUG] [mixin/]: Renaming synthetic method lambda$stillValid$0(Lnet/minecraft/world/level/Level;Lnet/minecraft/core/BlockPos;)Ljava/lang/Boolean; to md6dd064$lambda$stillValid$0$0 in furniture-common.mixins.json:LoomMenuMixin
[21Dec2025 15:32:18.810] [main/DEBUG] [mixin/]: Mixing CartographyTableMenuMixin from furniture-common.mixins.json into net.minecraft.world.inventory.CartographyTableMenu
[21Dec2025 15:32:18.811] [main/DEBUG] [mixin/]: Renaming synthetic method lambda$stillValid$0(Lnet/minecraft/world/level/Level;Lnet/minecraft/core/BlockPos;)Ljava/lang/Boolean; to md6dd064$lambda$stillValid$0$0 in furniture-common.mixins.json:CartographyTableMenuMixin
[21Dec2025 15:32:18.817] [main/DEBUG] [mixin/]: Mixing LecternTileEntityMixin from assets/camera/camera.mixins.json into net.minecraft.world.level.block.entity.LecternBlockEntity
[21Dec2025 15:32:18.828] [main/DEBUG] [mixin/]: Mixing SmithingMenuMixin from citadel.mixins.json into net.minecraft.world.inventory.SmithingMenu
[21Dec2025 15:32:18.830] [main/DEBUG] [mixin/]: Mixing SmithingMenuMixin from furniture-common.mixins.json into net.minecraft.world.inventory.SmithingMenu
[21Dec2025 15:32:18.882] [main/DEBUG] [mixin/]: Mixing blocks.BeehiveBlockEntityMixin from the_bumblezone-common.mixins.json into net.minecraft.world.level.block.entity.BeehiveBlockEntity
[21Dec2025 15:32:19.041] [main/DEBUG] [mixin/]: Mixing MixinLightningBolt from architectury-common.mixins.json into net.minecraft.world.entity.LightningBolt
[21Dec2025 15:32:19.042] [main/DEBUG] [mixin/]: Mixing entities.LightningBoltMixin from the_bumblezone-common.mixins.json into net.minecraft.world.entity.LightningBolt
[21Dec2025 15:32:19.166] [main/DEBUG] [net.minecraftforge.coremod.transformer.CoreModBaseTransformer/COREMOD]: Transforming net/minecraft/world/entity/animal/frog/Tadpole
[21Dec2025 15:32:19.201] [main/DEBUG] [mixin/]: Mixing blocks.WaterlogForPlacingBlockMixin from the_bumblezone-common.mixins.json into net.minecraft.world.item.BlockItem
[21Dec2025 15:32:19.209] [main/DEBUG] [mixin/]: Mixing blocks.WaterlogForPlacingBlockMixin from the_bumblezone-common.mixins.json into net.minecraft.world.item.StandingAndWallBlockItem
[21Dec2025 15:32:19.222] [main/DEBUG] [mixin/]: Mixing ShovelItemMixin from vinery-common.mixins.json into net.minecraft.world.item.ShovelItem
[21Dec2025 15:32:19.234] [main/DEBUG] [mixin/]: Mixing SoupItemMixin from farmersdelight.mixins.json into net.minecraft.world.item.BowlFoodItem
[21Dec2025 15:32:19.251] [main/DEBUG] [net.minecraftforge.coremod.transformer.CoreModBaseTransformer/COREMOD]: Transforming net/minecraft/world/item/BucketItem
[21Dec2025 15:32:19.251] [main/DEBUG] [mixin/]: Mixing inject.MixinBucketItem from architectury-common.mixins.json into net.minecraft.world.item.BucketItem
[21Dec2025 15:32:19.259] [main/DEBUG] [mixin/]: Mixing item.wearable.anglershat.FishingRodItemMixin from mixins.artifacts.common.json into net.minecraft.world.item.FishingRodItem
[21Dec2025 15:32:19.265] [main/DEBUG] [mixin/]: Mixing BoneMealItemMixin from vinery-common.mixins.json into net.minecraft.world.item.BoneMealItem
[21Dec2025 15:32:19.266] [main/DEBUG] [mixin/]: Renaming synthetic method lambda$useOnBlock$0(Lnet/minecraft/world/item/context/UseOnContext;Lnet/minecraft/world/entity/player/Player;)V to md6dd064$lambda$useOnBlock$0$0 in vinery-common.mixins.json:BoneMealItemMixin
[21Dec2025 15:32:19.271] [main/DEBUG] [mixin/]: Mixing items.MapItemMixin from the_bumblezone-common.mixins.json into net.minecraft.world.item.MapItem
[21Dec2025 15:32:19.277] [main/DEBUG] [mixin/]: Mixing MixinShearsItem from curios.mixins.json into net.minecraft.world.item.ShearsItem
[21Dec2025 15:32:19.285] [main/DEBUG] [mixin/]: Mixing items.GlassBottleUseMixin from the_bumblezone-common.mixins.json into net.minecraft.world.item.BottleItem
[21Dec2025 15:32:19.303] [main/DEBUG] [mixin/]: Mixing SpawnEggItemMixin from goblintraders.common.mixins.json into net.minecraft.world.item.SpawnEggItem
[21Dec2025 15:32:19.303] [main/DEBUG] [mixin/]: Renaming @Accessor method goblinTradersGetEggMap()Ljava/util/Map; to goblinTradersGetEggMap_$md$6dd064$0 in goblintraders.common.mixins.json:SpawnEggItemMixin
[21Dec2025 15:32:19.303] [main/DEBUG] [mixin/]: Mixing items.SpawnEggItemAccessor from the_bumblezone-common.mixins.json into net.minecraft.world.item.SpawnEggItem
[21Dec2025 15:32:19.303] [main/DEBUG] [mixin/]: Renaming @Accessor method bumblezone$getIdMap()Ljava/util/Map; to bumblezone$getIdMap_$md$6dd064$1 in the_bumblezone-common.mixins.json:items.SpawnEggItemAccessor
[21Dec2025 15:32:19.312] [main/DEBUG] [mixin/]: Mixing items.NameTagItemMixin from the_bumblezone-common.mixins.json into net.minecraft.world.item.NameTagItem
[21Dec2025 15:32:19.320] [main/DEBUG] [mixin/]: Mixing TridentItemMixin from mixins.irons_spellbooks.json into net.minecraft.world.item.TridentItem
[21Dec2025 15:32:19.330] [main/DEBUG] [mixin/]: Mixing inject.MixinItemProperties from architectury-common.mixins.json into net.minecraft.world.item.Item$Properties
[21Dec2025 15:32:19.353] [main/DEBUG] [mixin/]: Mixing AbstractMinecartMixin from alexscaves.mixins.json into net.minecraft.world.entity.vehicle.AbstractMinecart
[21Dec2025 15:32:19.403] [main/DEBUG] [mixin/]: Mixing logging.HangingEntityMixin from the_bumblezone-common.mixins.json into net.minecraft.world.entity.decoration.HangingEntity
[21Dec2025 15:32:20.263] [main/DEBUG] [mixin/]: Mixing ExperienceOrbMixin from vinery-common.mixins.json into net.minecraft.world.entity.ExperienceOrb
[21Dec2025 15:32:20.264] [main/DEBUG] [mixin/]: Mixing entities.ExperienceOrbAccessor from the_bumblezone-common.mixins.json into net.minecraft.world.entity.ExperienceOrb
[21Dec2025 15:32:20.264] [main/DEBUG] [mixin/]: Mixing entities.ExperienceOrbMixin from the_bumblezone-common.mixins.json into net.minecraft.world.entity.ExperienceOrb
[21Dec2025 15:32:20.264] [main/DEBUG] [mixin/]: Renaming synthetic method lambda$bumblezone$xpGoToClosestCrystalFlower$3(Lnet/minecraft/world/level/block/entity/BlockEntity;)V to md6dd064$lambda$bumblezone$xpGoToClosestCrystalFlower$3$0 in the_bumblezone-common.mixins.json:entities.ExperienceOrbMixin
[21Dec2025 15:32:20.265] [main/DEBUG] [mixin/]: Renaming synthetic method lambda$bumblezone$xpGoToClosestCrystalFlower$2(Lnet/minecraft/world/level/block/entity/BlockEntity;Lnet/minecraft/world/level/block/entity/BlockEntity;)I to md6dd064$lambda$bumblezone$xpGoToClosestCrystalFlower$2$1 in the_bumblezone-common.mixins.json:entities.ExperienceOrbMixin
[21Dec2025 15:32:20.265] [main/DEBUG] [mixin/]: Renaming synthetic method lambda$bumblezone$xpGoToClosestCrystalFlower$1(Lnet/minecraft/world/level/block/entity/BlockEntity;)Z to md6dd064$lambda$bumblezone$xpGoToClosestCrystalFlower$1$2 in the_bumblezone-common.mixins.json:entities.ExperienceOrbMixin
[21Dec2025 15:32:20.268] [main/DEBUG] [mixin/]: Renaming synthetic method lambda$bumblezone$xpGoToClosestCrystalFlower$0(Lnet/minecraft/world/level/chunk/LevelChunk;)Ljava/util/stream/Stream; to md6dd064$lambda$bumblezone$xpGoToClosestCrystalFlower$0$3 in the_bumblezone-common.mixins.json:entities.ExperienceOrbMixin
[21Dec2025 15:32:20.284] [main/DEBUG] [mixin/]: Mixing entities.BeeEntityInvoker from the_bumblezone-common.mixins.json into net.minecraft.world.entity.animal.Bee
[21Dec2025 15:32:20.284] [main/DEBUG] [mixin/]: Mixing entities.BeeEntityMixin from the_bumblezone-common.mixins.json into net.minecraft.world.entity.animal.Bee
[21Dec2025 15:32:20.295] [main/DEBUG] [mixin/]: Mixing entities.BeeHiveGoalMixin from the_bumblezone-common.mixins.json into net.minecraft.world.entity.animal.Bee$BeeGoToHiveGoal
[21Dec2025 15:32:20.297] [main/DEBUG] [mixin/]: Mixing entities.BeeGoToKnownFlowerGoalMixin from the_bumblezone-common.mixins.json into net.minecraft.world.entity.animal.Bee$BeeGoToKnownFlowerGoal
[21Dec2025 15:32:20.298] [main/DEBUG] [mixin/]: Mixing entities.BeePathfindingMixin from the_bumblezone-common.mixins.json into net.minecraft.world.entity.animal.Bee$BeeWanderGoal
[21Dec2025 15:32:20.310] [main/DEBUG] [mixin/]: Mixing boat.MixinBoatEntity from doapi.mixins.json into net.minecraft.world.entity.vehicle.Boat
[21Dec2025 15:32:20.318] [main/DEBUG] [mixin/]: Mixing entities.AbstractHorseMixin from the_bumblezone-common.mixins.json into net.minecraft.world.entity.animal.horse.AbstractHorse
[21Dec2025 15:32:20.343] [main/DEBUG] [net.minecraftforge.coremod.transformer.CoreModBaseTransformer/COREMOD]: Transforming net/minecraft/world/entity/monster/Spider
[21Dec2025 15:32:20.382] [main/DEBUG] [mixin/]: Mixing CreeperEntityMixin from graveyard-common.mixins.json into net.minecraft.world.entity.monster.Creeper
[21Dec2025 15:32:20.382] [main/DEBUG] [mixin/]: Mixing CreeperMixin from mixins.irons_spellbooks.json into net.minecraft.world.entity.monster.Creeper
[21Dec2025 15:32:20.392] [main/DEBUG] [mixin/]: Mixing AbstractChestedHorseMixin from relics.mixins.json into net.minecraft.world.entity.animal.horse.AbstractChestedHorse
[21Dec2025 15:32:20.392] [main/DEBUG] [mixin/]: relics.mixins.json:AbstractChestedHorseMixin: Class version 61 required is higher than the class version supported by the current version of Mixin (JAVA_8 supports class version 52)
[21Dec2025 15:32:20.397] [main/DEBUG] [net.minecraftforge.coremod.transformer.CoreModBaseTransformer/COREMOD]: Transforming net/minecraft/world/entity/monster/Zombie
[21Dec2025 15:32:20.448] [main/DEBUG] [net.minecraftforge.coremod.transformer.CoreModBaseTransformer/COREMOD]: Transforming net/minecraft/world/entity/monster/ZombieVillager
[21Dec2025 15:32:20.484] [main/DEBUG] [mixin/]: Mixing entities.ThrownTridentAccessor from the_bumblezone-common.mixins.json into net.minecraft.world.entity.projectile.ThrownTrident
[21Dec2025 15:32:20.499] [main/DEBUG] [mixin/]: Mixing EnderManMixin from relics.mixins.json into net.minecraft.world.entity.monster.EnderMan
[21Dec2025 15:32:20.499] [main/DEBUG] [mixin/]: relics.mixins.json:EnderManMixin: Class version 61 required is higher than the class version supported by the current version of Mixin (JAVA_8 supports class version 52)
[21Dec2025 15:32:20.510] [main/DEBUG] [net.minecraftforge.coremod.transformer.CoreModBaseTransformer/COREMOD]: Transforming net/minecraft/world/entity/monster/Evoker$EvokerSummonSpellGoal
[21Dec2025 15:32:20.523] [main/DEBUG] [mixin/]: Mixing entities.FoxAccessor from the_bumblezone-common.mixins.json into net.minecraft.world.entity.animal.Fox
[21Dec2025 15:32:20.531] [main/DEBUG] [mixin/]: Mixing FoxEntityEatSweetBerriesGoalMixin from vinery-common.mixins.json into net.minecraft.world.entity.animal.Fox$FoxEatBerriesGoal
[21Dec2025 15:32:20.537] [main/DEBUG] [mixin/]: Mixing FrogMixin from alexscaves.mixins.json into net.minecraft.world.entity.animal.frog.Frog
[21Dec2025 15:32:20.547] [main/DEBUG] [mixin/]: Mixing entities.ItemFrameMixin from the_bumblezone-common.mixins.json into net.minecraft.world.entity.decoration.ItemFrame
[21Dec2025 15:32:20.622] [main/DEBUG] [mixin/]: Mixing RabbitsEatCabbageMixin from farmersdelight.mixins.json into net.minecraft.world.entity.animal.Rabbit
[21Dec2025 15:32:20.642] [main/DEBUG] [net.minecraftforge.coremod.transformer.CoreModBaseTransformer/COREMOD]: Transforming net/minecraft/world/entity/animal/horse/SkeletonTrapGoal
[21Dec2025 15:32:20.657] [main/DEBUG] [net.minecraftforge.coremod.transformer.CoreModBaseTransformer/COREMOD]: Transforming net/minecraft/world/entity/monster/Strider
[21Dec2025 15:32:20.736] [main/DEBUG] [mixin/]: Mixing LevelChunkMixin from refurbished_furniture.common.mixins.json into net.minecraft.world.level.chunk.LevelChunk
[21Dec2025 15:32:20.737] [main/DEBUG] [mixin/]: Mixing logging.LevelChunkMixin from the_bumblezone-common.mixins.json into net.minecraft.world.level.chunk.LevelChunk
[21Dec2025 15:32:20.739] [main/WARN] [mixin/]: @Inject(@At("INVOKE_ASSIGN")) Shift.BY=2 on refurbished_furniture.common.mixins.json:LevelChunkMixin::handler$zjo000$refurbishedFurniture$AfterRemoveBlockEntity exceeds the maximum allowed value: 0. Increase the value of maxShiftBy to suppress this warning.
[21Dec2025 15:32:20.767] [main/DEBUG] [net.minecraftforge.coremod.transformer.CoreModBaseTransformer/COREMOD]: Transforming net/minecraft/world/entity/npc/Villager
[21Dec2025 15:32:20.850] [main/DEBUG] [mixin/]: Mixing VillagerEntityMixin from graveyard-common.mixins.json into net.minecraft.world.entity.npc.Villager
[21Dec2025 15:32:20.852] [main/DEBUG] [mixin/]: Mixing item.wearable.villagerhat.VillagerMixin from mixins.artifacts.common.json into net.minecraft.world.entity.npc.Villager
[21Dec2025 15:32:20.865] [main/DEBUG] [mixin/]: Mixing MerchantMenuMixin from goblintraders.common.mixins.json into net.minecraft.world.inventory.MerchantMenu
[21Dec2025 15:32:20.865] [main/DEBUG] [mixin/]: Renaming synthetic method lambda$goblinTraders$isMatching$0(Ljava/util/Map;Ljava/util/Map$Entry;)Z to md6dd064$lambda$goblinTraders$isMatching$0$0 in goblintraders.common.mixins.json:MerchantMenuMixin
[21Dec2025 15:32:20.879] [main/DEBUG] [mixin/]: Mixing WanderingTraderEntityMixin from graveyard-common.mixins.json into net.minecraft.world.entity.npc.WanderingTrader
[21Dec2025 15:32:20.901] [main/DEBUG] [mixin/]: Mixing entities.FishingHookMixin from the_bumblezone-common.mixins.json into net.minecraft.world.entity.projectile.FishingHook
[21Dec2025 15:32:20.920] [main/DEBUG] [mixin/]: Mixing inject.MixinFoodPropertiesBuilder from architectury-common.mixins.json into net.minecraft.world.food.FoodProperties$Builder
[21Dec2025 15:32:20.923] [main/DEBUG] [net.minecraftforge.coremod.transformer.CoreModBaseTransformer/COREMOD]: Transforming net/minecraft/world/effect/MobEffectInstance
[21Dec2025 15:32:20.923] [main/DEBUG] [mixin/]: Mixing effects.MobEffectInstanceAccessor from the_bumblezone-common.mixins.json into net.minecraft.world.effect.MobEffectInstance
[21Dec2025 15:32:20.952] [main/DEBUG] [mixin/]: Mixing ServerPlayNetworkHandlerMixin from graveyard-common.mixins.json into net.minecraft.server.network.ServerGamePacketListenerImpl
[21Dec2025 15:32:20.954] [main/DEBUG] [mixin/]: Mixing item.umbrella.server.ServerGamePacketListenerImplMixin from mixins.artifacts.common.json into net.minecraft.server.network.ServerGamePacketListenerImpl
[21Dec2025 15:32:20.954] [main/DEBUG] [mixin/]: Mixing entities.ServerGamePacketListenerImplMixin from the_bumblezone-common.mixins.json into net.minecraft.server.network.ServerGamePacketListenerImpl
[21Dec2025 15:32:20.955] [main/DEBUG] [mixin/]: Mixing gameplay.ServerGamePacketListenerImplAccessor from the_bumblezone-common.mixins.json into net.minecraft.server.network.ServerGamePacketListenerImpl
[21Dec2025 15:32:20.955] [main/DEBUG] [mixin/]: Mixing swimming.server.ServerGamePacketListenerImplMixin from expandability-common.mixins.json into net.minecraft.server.network.ServerGamePacketListenerImpl
[21Dec2025 15:32:20.971] [main/DEBUG] [mixin/]: Mixing accessor.PotionBrewingAccessor from yungsapi.mixins.json into net.minecraft.world.item.alchemy.PotionBrewing
[21Dec2025 15:32:20.972] [main/DEBUG] [mixin/]: Renaming @Invoker method callAddMix(Lnet/minecraft/world/item/alchemy/Potion;Lnet/minecraft/world/item/Item;Lnet/minecraft/world/item/alchemy/Potion;)V to callAddMix_$md$6dd064$0 in yungsapi.mixins.json:accessor.PotionBrewingAccessor
[21Dec2025 15:32:20.972] [main/DEBUG] [mixin/]: Mixing containers.PotionBrewingAccessor from the_bumblezone-common.mixins.json into net.minecraft.world.item.alchemy.PotionBrewing
[21Dec2025 15:32:20.972] [main/DEBUG] [mixin/]: Renaming @Invoker method bumblezone$callAddMix(Lnet/minecraft/world/item/alchemy/Potion;Lnet/minecraft/world/item/Item;Lnet/minecraft/world/item/alchemy/Potion;)V to bumblezone$callAddMix_$md$6dd064$1 in the_bumblezone-common.mixins.json:containers.PotionBrewingAccessor
[21Dec2025 15:32:21.036] [main/DEBUG] [mixin/]: Mixing StructureProcessorAccessor from cataclysm.mixins.json into net.minecraft.world.level.levelgen.structure.templatesystem.StructureProcessor
[21Dec2025 15:32:21.036] [main/DEBUG] [mixin/]: Mixing world.StructureProcessorAccessor from the_bumblezone-common.mixins.json into net.minecraft.world.level.levelgen.structure.templatesystem.StructureProcessor
[21Dec2025 15:32:21.060] [main/DEBUG] [mixin/]: Mixing ChunkGeneratorMixin from citadel.mixins.json into net.minecraft.world.level.chunk.ChunkGenerator
[21Dec2025 15:32:21.062] [main/DEBUG] [net.minecraftforge.coremod.transformer.CoreModBaseTransformer/COREMOD]: Transforming net/minecraft/world/level/biome/Biome
[21Dec2025 15:32:21.089] [main/DEBUG] [mixin/]: Mixing MixinInventory from curios.mixins.json into net.minecraft.world.entity.player.Inventory
[21Dec2025 15:32:21.095] [main/DEBUG] [mixin/]: Mixing SlotAccessor from balm.mixins.json into net.minecraft.world.inventory.Slot
[21Dec2025 15:32:21.105] [main/DEBUG] [mixin/]: Mixing MerchantResultSlotMixin from goblintraders.common.mixins.json into net.minecraft.world.inventory.MerchantResultSlot
[21Dec2025 15:32:21.117] [main/DEBUG] [mixin/]: Mixing containers.ShapedRecipeAccessor from the_bumblezone-common.mixins.json into net.minecraft.world.item.crafting.ShapedRecipe
[21Dec2025 15:32:21.118] [main/DEBUG] [mixin/]: Renaming @Invoker method bumblezone$callDissolvePattern([Ljava/lang/String;Ljava/util/Map;II)Lnet/minecraft/core/NonNullList; to bumblezone$callDissolvePattern_$md$6dd064$0 in the_bumblezone-common.mixins.json:containers.ShapedRecipeAccessor
[21Dec2025 15:32:21.118] [main/DEBUG] [mixin/]: Renaming @Invoker method bumblezone$callPatternFromJson(Lcom/google/gson/JsonArray;)[Ljava/lang/String; to bumblezone$callPatternFromJson_$md$6dd064$1 in the_bumblezone-common.mixins.json:containers.ShapedRecipeAccessor
[21Dec2025 15:32:21.118] [main/DEBUG] [mixin/]: Renaming @Invoker method bumblezone$callKeyFromJson(Lcom/google/gson/JsonObject;)Ljava/util/Map; to bumblezone$callKeyFromJson_$md$6dd064$2 in the_bumblezone-common.mixins.json:containers.ShapedRecipeAccessor
[21Dec2025 15:32:21.118] [main/DEBUG] [mixin/]: Renaming @Invoker method bumblezone$callShrink([Ljava/lang/String;)[Ljava/lang/String; to bumblezone$callShrink_$md$6dd064$3 in the_bumblezone-common.mixins.json:containers.ShapedRecipeAccessor
[21Dec2025 15:32:21.192] [main/DEBUG] [mixin/]: Mixing loot.LootContextAccessor from the_bumblezone-common.mixins.json into net.minecraft.world.level.storage.loot.LootContext
[21Dec2025 15:32:21.199] [main/DEBUG] [mixin/]: Mixing EnchantRandomlyFunctionMixin from alexscaves.mixins.json into net.minecraft.world.level.storage.loot.functions.EnchantRandomlyFunction
[21Dec2025 15:32:21.200] [main/DEBUG] [mixin/]: Renaming synthetic method lambda$ac_enchantItem$0(ZLnet/minecraft/world/item/ItemStack;Lnet/minecraft/world/item/enchantment/Enchantment;)Z to md6dd064$lambda$ac_enchantItem$0$0 in alexscaves.mixins.json:EnchantRandomlyFunctionMixin
[21Dec2025 15:32:21.222] [main/DEBUG] [mixin/]: Mixing MixinApplyBonusCount from curios.mixins.json into net.minecraft.world.level.storage.loot.functions.ApplyBonusCount
[21Dec2025 15:32:21.260] [main/DEBUG] [mixin/]: Mixing util.WeightedRandomListAccessor from the_bumblezone-common.mixins.json into net.minecraft.util.random.WeightedRandomList
[21Dec2025 15:32:21.311] [main/DEBUG] [mixin/]: Mixing TreeFeatureMixin from graveyard-common.mixins.json into net.minecraft.world.level.levelgen.feature.TreeFeature
[21Dec2025 15:32:21.320] [main/DEBUG] [mixin/]: Mixing MultifaceGrowthFeatureMixin from alexscaves.mixins.json into net.minecraft.world.level.levelgen.feature.MultifaceGrowthFeature
[21Dec2025 15:32:21.321] [main/DEBUG] [mixin/]: Mixing NoMultifaceGrowthFeatureInStructuresMixin from cataclysm.mixins.json into net.minecraft.world.level.levelgen.feature.MultifaceGrowthFeature
[21Dec2025 15:32:21.323] [main/DEBUG] [net.minecraftforge.coremod.transformer.CoreModBaseTransformer/COREMOD]: Transforming net/minecraft/world/level/levelgen/structure/Structure
[21Dec2025 15:32:21.328] [main/DEBUG] [mixin/]: Mixing NoMagmaBlockInStructuresMixin from cataclysm.mixins.json into net.minecraft.world.level.levelgen.feature.UnderwaterMagmaFeature
[21Dec2025 15:32:21.332] [main/DEBUG] [mixin/]: Mixing LakeFeatureMixin from graveyard-common.mixins.json into net.minecraft.world.level.levelgen.feature.LakeFeature
[21Dec2025 15:32:21.333] [main/DEBUG] [mixin/]: Mixing NoLakesInStructuresMixin from cataclysm.mixins.json into net.minecraft.world.level.levelgen.feature.LakeFeature
[21Dec2025 15:32:21.336] [main/DEBUG] [mixin/]: Mixing NoOreInStructuresMixin from cataclysm.mixins.json into net.minecraft.world.level.levelgen.feature.OreFeature
[21Dec2025 15:32:21.340] [main/DEBUG] [mixin/]: Mixing SeagrassFeatureMixin from alexscaves.mixins.json into net.minecraft.world.level.levelgen.feature.SeagrassFeature
[21Dec2025 15:32:21.342] [main/DEBUG] [mixin/]: Mixing KelpFeatureMixin from alexscaves.mixins.json into net.minecraft.world.level.levelgen.feature.KelpFeature
[21Dec2025 15:32:21.344] [main/DEBUG] [mixin/]: Mixing CoralFeatureMixin from alexscaves.mixins.json into net.minecraft.world.level.levelgen.feature.CoralFeature
[21Dec2025 15:32:21.348] [main/DEBUG] [mixin/]: Mixing NoBasaltColumnsInStructuresMixin from cataclysm.mixins.json into net.minecraft.world.level.levelgen.feature.BasaltColumnsFeature
[21Dec2025 15:32:21.350] [main/DEBUG] [mixin/]: Mixing NoDeltasInStructuresMixin from cataclysm.mixins.json into net.minecraft.world.level.levelgen.feature.DeltaFeature
[21Dec2025 15:32:21.355] [main/DEBUG] [mixin/]: Mixing NoGeodeInStructuresMixin from cataclysm.mixins.json into net.minecraft.world.level.levelgen.feature.GeodeFeature
[21Dec2025 15:32:21.449] [main/DEBUG] [net.minecraftforge.coremod.transformer.CoreModBaseTransformer/COREMOD]: Transforming net/minecraft/world/level/levelgen/structure/Structure
[21Dec2025 15:32:21.481] [main/DEBUG] [net.minecraftforge.coremod.transformer.CoreModBaseTransformer/COREMOD]: Transforming net/minecraft/world/level/levelgen/structure/structures/OceanRuinPieces$OceanRuinPiece
[21Dec2025 15:32:21.500] [main/DEBUG] [net.minecraftforge.coremod.transformer.CoreModBaseTransformer/COREMOD]: Transforming net/minecraft/world/level/levelgen/structure/structures/SwampHutPiece
[21Dec2025 15:32:21.513] [main/DEBUG] [mixin/]: Mixing SwampHutPieceMixin from alexscaves.mixins.json into net.minecraft.world.level.levelgen.structure.structures.SwampHutPiece
[21Dec2025 15:32:21.518] [main/WARN] [mixin/]: Mixin alexscaves.mixins.json:SwampHutPieceMixin has multiple constructors, (Lnet/minecraft/world/level/levelgen/structure/pieces/StructurePieceType;IIIIIILnet/minecraft/core/Direction;)V was selected

[21Dec2025 15:32:21.522] [main/DEBUG] [net.minecraftforge.coremod.transformer.CoreModBaseTransformer/COREMOD]: Transforming net/minecraft/world/level/levelgen/structure/structures/OceanMonumentPieces$OceanMonumentPiece
[21Dec2025 15:32:21.547] [main/DEBUG] [net.minecraftforge.coremod.transformer.CoreModBaseTransformer/COREMOD]: Transforming net/minecraft/world/level/levelgen/structure/structures/WoodlandMansionPieces$WoodlandMansionPiece
[21Dec2025 15:32:21.575] [main/DEBUG] [mixin/]: Mixing JigsawStructureMixin from alexscaves.mixins.json into net.minecraft.world.level.levelgen.structure.structures.JigsawStructure
[21Dec2025 15:32:21.579] [main/DEBUG] [mixin/]: Mixing StructureTemplatePoolAccessor from waystones.mixins.json into net.minecraft.world.level.levelgen.structure.pools.StructureTemplatePool
[21Dec2025 15:32:21.580] [main/DEBUG] [mixin/]: Mixing accessor.StructureTemplatePoolAccessor from yungsapi.mixins.json into net.minecraft.world.level.levelgen.structure.pools.StructureTemplatePool
[21Dec2025 15:32:21.580] [main/DEBUG] [mixin/]: Mixing IncreaseStructureWeightLimitMixinForge from yungsapi_forge.mixins.json into net.minecraft.world.level.levelgen.structure.pools.StructureTemplatePool
[21Dec2025 15:32:21.580] [main/DEBUG] [mixin/]: Mixing accessor.StructureTemplatePoolAccessor from cataclysm.mixins.json into net.minecraft.world.level.levelgen.structure.pools.StructureTemplatePool
[21Dec2025 15:32:21.580] [main/DEBUG] [mixin/]: Mixing world.StructurePoolAccessor from the_bumblezone-common.mixins.json into net.minecraft.world.level.levelgen.structure.pools.StructureTemplatePool
[21Dec2025 15:32:21.581] [main/DEBUG] [mixin/]: Unexpected: Registered method getRawTemplates()Ljava/util/List; in net.minecraft.world.level.levelgen.structure.pools.StructureTemplatePool was not merged
[21Dec2025 15:32:21.581] [main/DEBUG] [mixin/]: Unexpected: Registered method getRawTemplates()Ljava/util/List; in net.minecraft.world.level.levelgen.structure.pools.StructureTemplatePool was not merged
[21Dec2025 15:32:21.592] [main/DEBUG] [mixin/]: Mixing OceanMonumentStructureMixin from alexscaves.mixins.json into net.minecraft.world.level.levelgen.structure.structures.OceanMonumentStructure
[21Dec2025 15:32:21.600] [main/DEBUG] [mixin/]: Mixing ShipwreckStructureMixin from alexscaves.mixins.json into net.minecraft.world.level.levelgen.structure.structures.ShipwreckStructure
[21Dec2025 15:32:21.653] [main/DEBUG] [mixin/]: Mixing BiomeSourceMixin from alexscaves.mixins.json into net.minecraft.world.level.biome.BiomeSource
[21Dec2025 15:32:21.656] [main/DEBUG] [mixin/]: Mixing MixinBiomeSource from terrablender.mixins.json into net.minecraft.world.level.biome.BiomeSource
[21Dec2025 15:32:21.656] [main/DEBUG] [mixin/]: Renaming synthetic method lambda$appendDeferredBiomesList$0(Lcom/google/common/collect/ImmutableList;)Ljava/util/Set; to md6dd064$lambda$appendDeferredBiomesList$0$0 in terrablender.mixins.json:MixinBiomeSource
[21Dec2025 15:32:21.666] [main/DEBUG] [net.minecraftforge.coremod.transformer.CoreModBaseTransformer/COREMOD]: Transforming net/minecraft/world/level/biome/Biome
[21Dec2025 15:32:21.709] [main/DEBUG] [mixin/]: Mixing MultiNoiseBiomeSourceMixin from alexscaves.mixins.json into net.minecraft.world.level.biome.MultiNoiseBiomeSource
[21Dec2025 15:32:21.711] [main/DEBUG] [mixin/]: Mixing MixinMultiNoiseBiomeSource from terrablender.mixins.json into net.minecraft.world.level.biome.MultiNoiseBiomeSource
[21Dec2025 15:32:21.714] [main/DEBUG] [mixin/]: Mixing MixinParameterList from terrablender.mixins.json into net.minecraft.world.level.biome.Climate$ParameterList
[21Dec2025 15:32:21.714] [main/DEBUG] [mixin/]: Renaming synthetic method lambda$initializeForTerraBlender$0(Lnet/minecraft/core/Registry;Lcom/google/common/collect/ImmutableList$Builder;Lcom/mojang/datafixers/util/Pair;)V to md6dd064$lambda$initializeForTerraBlender$0$0 in terrablender.mixins.json:MixinParameterList
[21Dec2025 15:32:21.738] [main/DEBUG] [mixin/]: Mixing NoiseGeneratorSettingsMixin from citadel.mixins.json into net.minecraft.world.level.levelgen.NoiseGeneratorSettings
[21Dec2025 15:32:21.739] [main/DEBUG] [mixin/]: Mixing MixinNoiseGeneratorSettings from terrablender.mixins.json into net.minecraft.world.level.levelgen.NoiseGeneratorSettings
[21Dec2025 15:32:21.740] [main/DEBUG] [mixin/]: Mixing world.NoiseGeneratorSettingsAccessor from the_bumblezone-common.mixins.json into net.minecraft.world.level.levelgen.NoiseGeneratorSettings
[21Dec2025 15:32:21.874] [main/DEBUG] [mixin/]: Mixing SinglePoolElementMixin from waystones.mixins.json into net.minecraft.world.level.levelgen.structure.pools.SinglePoolElement
[21Dec2025 15:32:21.875] [main/DEBUG] [mixin/]: Renaming synthetic method lambda$waystones$isWaystone$1(Lnet/minecraft/world/level/levelgen/structure/templatesystem/StructureTemplate;)V to md6dd064$lambda$waystones$isWaystone$1$0 in waystones.mixins.json:SinglePoolElementMixin
[21Dec2025 15:32:21.876] [main/DEBUG] [mixin/]: Renaming synthetic method lambda$waystones$isWaystone$0(Lnet/minecraft/resources/ResourceLocation;)V to md6dd064$lambda$waystones$isWaystone$0$1 in waystones.mixins.json:SinglePoolElementMixin
[21Dec2025 15:32:21.876] [main/DEBUG] [mixin/]: Mixing accessor.SinglePoolElementAccessor from yungsapi.mixins.json into net.minecraft.world.level.levelgen.structure.pools.SinglePoolElement
[21Dec2025 15:32:21.877] [main/DEBUG] [mixin/]: Mixing accessor.SinglePoolElementAccessor from cataclysm.mixins.json into net.minecraft.world.level.levelgen.structure.pools.SinglePoolElement
[21Dec2025 15:32:21.877] [main/DEBUG] [mixin/]: Mixing world.SinglePoolElementAccessor from the_bumblezone-common.mixins.json into net.minecraft.world.level.levelgen.structure.pools.SinglePoolElement
[21Dec2025 15:32:21.878] [main/DEBUG] [mixin/]: Unexpected: Registered method callGetTemplate(Lnet/minecraft/world/level/levelgen/structure/templatesystem/StructureTemplateManager;)Lnet/minecraft/world/level/levelgen/structure/templatesystem/StructureTemplate; in net.minecraft.world.level.levelgen.structure.pools.SinglePoolElement was not merged
[21Dec2025 15:32:21.883] [main/DEBUG] [mixin/]: Mixing accessor.ListPoolElementAccessor from yungsapi.mixins.json into net.minecraft.world.level.levelgen.structure.pools.ListPoolElement
[21Dec2025 15:32:21.883] [main/DEBUG] [mixin/]: Mixing accessor.ListPoolElementAccessor from cataclysm.mixins.json into net.minecraft.world.level.levelgen.structure.pools.ListPoolElement
[21Dec2025 15:32:21.883] [main/DEBUG] [mixin/]: Unexpected: Registered method getElements()Ljava/util/List; in net.minecraft.world.level.levelgen.structure.pools.ListPoolElement was not merged
[21Dec2025 15:32:21.885] [main/DEBUG] [mixin/]: Mixing accessor.FeaturePoolElementAccessor from yungsapi.mixins.json into net.minecraft.world.level.levelgen.structure.pools.FeaturePoolElement
[21Dec2025 15:32:21.885] [main/DEBUG] [mixin/]: Mixing accessor.FeaturePoolElementAccessor from cataclysm.mixins.json into net.minecraft.world.level.levelgen.structure.pools.FeaturePoolElement
[21Dec2025 15:32:21.885] [main/DEBUG] [mixin/]: Unexpected: Registered method getFeature()Lnet/minecraft/core/Holder; in net.minecraft.world.level.levelgen.structure.pools.FeaturePoolElement was not merged
[21Dec2025 15:32:21.980] [main/DEBUG] [net.minecraftforge.common.ForgeI18n/CORE]: Loading I18N data entries: 6430
[21Dec2025 15:32:21.999] [main/DEBUG] [net.minecraftforge.fml.ModWorkManager/LOADING]: Using 4 threads for parallel mod-loading
[21Dec2025 15:32:22.005] [main/DEBUG] [net.minecraftforge.fml.javafmlmod.FMLJavaModLanguageProvider/LOADING]: Loading FMLModContainer from classloader cpw.mods.modlauncher.TransformingClassLoader@259b85d6 - got cpw.mods.cl.ModuleClassLoader@73ab3aac
[21Dec2025 15:32:22.005] [main/DEBUG] [net.minecraftforge.fml.javafmlmod.FMLModContainer/LOADING]: Creating FMLModContainer instance for ht.treechop.TreeChopForge
[21Dec2025 15:32:22.011] [main/DEBUG] [net.minecraftforge.fml.javafmlmod.FMLJavaModLanguageProvider/LOADING]: Loading FMLModContainer from classloader cpw.mods.modlauncher.TransformingClassLoader@259b85d6 - got cpw.mods.cl.ModuleClassLoader@73ab3aac
[21Dec2025 15:32:22.011] [main/DEBUG] [net.minecraftforge.fml.javafmlmod.FMLModContainer/LOADING]: Creating FMLModContainer instance for de.markusbordihn.easynpc.EasyNPC
[21Dec2025 15:32:22.011] [main/DEBUG] [net.minecraftforge.fml.javafmlmod.FMLJavaModLanguageProvider/LOADING]: Loading FMLModContainer from classloader cpw.mods.modlauncher.TransformingClassLoader@259b85d6 - got cpw.mods.cl.ModuleClassLoader@73ab3aac
[21Dec2025 15:32:22.011] [main/DEBUG] [net.minecraftforge.fml.javafmlmod.FMLModContainer/LOADING]: Creating FMLModContainer instance for com.bobmowzie.mowziesmobs.MowziesMobs
[21Dec2025 15:32:22.012] [main/DEBUG] [net.minecraftforge.fml.javafmlmod.FMLJavaModLanguageProvider/LOADING]: Loading FMLModContainer from classloader cpw.mods.modlauncher.TransformingClassLoader@259b85d6 - got cpw.mods.cl.ModuleClassLoader@73ab3aac
[21Dec2025 15:32:22.012] [main/DEBUG] [net.minecraftforge.fml.javafmlmod.FMLModContainer/LOADING]: Creating FMLModContainer instance for net.blay09.mods.kuma.forge.ForgeKumaAPI
[21Dec2025 15:32:22.013] [main/DEBUG] [net.minecraftforge.fml.javafmlmod.FMLJavaModLanguageProvider/LOADING]: Loading FMLModContainer from classloader cpw.mods.modlauncher.TransformingClassLoader@259b85d6 - got cpw.mods.cl.ModuleClassLoader@73ab3aac
[21Dec2025 15:32:22.013] [main/DEBUG] [net.minecraftforge.fml.javafmlmod.FMLModContainer/LOADING]: Creating FMLModContainer instance for elocindev.animation_overhaul.AnimationOverhaul
[21Dec2025 15:32:22.013] [main/DEBUG] [net.minecraftforge.fml.javafmlmod.FMLJavaModLanguageProvider/LOADING]: Loading FMLModContainer from classloader cpw.mods.modlauncher.TransformingClassLoader@259b85d6 - got cpw.mods.cl.ModuleClassLoader@73ab3aac
[21Dec2025 15:32:22.014] [main/DEBUG] [net.minecraftforge.fml.javafmlmod.FMLModContainer/LOADING]: Creating FMLModContainer instance for software.bernie.example.GeckoLibMod
[21Dec2025 15:32:22.014] [main/DEBUG] [net.minecraftforge.fml.javafmlmod.FMLJavaModLanguageProvider/LOADING]: Loading FMLModContainer from classloader cpw.mods.modlauncher.TransformingClassLoader@259b85d6 - got cpw.mods.cl.ModuleClassLoader@73ab3aac
[21Dec2025 15:32:22.014] [main/DEBUG] [net.minecraftforge.fml.javafmlmod.FMLModContainer/LOADING]: Creating FMLModContainer instance for com.github.Pandarix.beautify.Beautify
[21Dec2025 15:32:22.015] [main/DEBUG] [net.minecraftforge.fml.javafmlmod.FMLJavaModLanguageProvider/LOADING]: Loading FMLModContainer from classloader cpw.mods.modlauncher.TransformingClassLoader@259b85d6 - got cpw.mods.cl.ModuleClassLoader@73ab3aac
[21Dec2025 15:32:22.015] [main/DEBUG] [net.minecraftforge.fml.javafmlmod.FMLModContainer/LOADING]: Creating FMLModContainer instance for dev.kosmx.playerAnim.forge.ForgeModInterface
[21Dec2025 15:32:22.015] [main/DEBUG] [net.minecraftforge.fml.javafmlmod.FMLJavaModLanguageProvider/LOADING]: Loading FMLModContainer from classloader cpw.mods.modlauncher.TransformingClassLoader@259b85d6 - got cpw.mods.cl.ModuleClassLoader@73ab3aac
[21Dec2025 15:32:22.015] [main/DEBUG] [net.minecraftforge.fml.javafmlmod.FMLModContainer/LOADING]: Creating FMLModContainer instance for mezz.jei.forge.JustEnoughItems
[21Dec2025 15:32:22.016] [main/DEBUG] [net.minecraftforge.fml.javafmlmod.FMLJavaModLanguageProvider/LOADING]: Loading FMLModContainer from classloader cpw.mods.modlauncher.TransformingClassLoader@259b85d6 - got cpw.mods.cl.ModuleClassLoader@73ab3aac
[21Dec2025 15:32:22.016] [main/DEBUG] [net.minecraftforge.fml.javafmlmod.FMLModContainer/LOADING]: Creating FMLModContainer instance for com.lion.graveyard.forge.GraveyardForge
[21Dec2025 15:32:22.016] [main/DEBUG] [net.minecraftforge.fml.javafmlmod.FMLJavaModLanguageProvider/LOADING]: Loading FMLModContainer from classloader cpw.mods.modlauncher.TransformingClassLoader@259b85d6 - got cpw.mods.cl.ModuleClassLoader@73ab3aac
[21Dec2025 15:32:22.016] [main/DEBUG] [net.minecraftforge.fml.javafmlmod.FMLModContainer/LOADING]: Creating FMLModContainer instance for mods.flammpfeil.slashblade.SlashBlade
[21Dec2025 15:32:22.017] [main/DEBUG] [net.minecraftforge.fml.javafmlmod.FMLJavaModLanguageProvider/LOADING]: Loading FMLModContainer from classloader cpw.mods.modlauncher.TransformingClassLoader@259b85d6 - got cpw.mods.cl.ModuleClassLoader@73ab3aac
[21Dec2025 15:32:22.017] [main/DEBUG] [net.minecraftforge.fml.javafmlmod.FMLModContainer/LOADING]: Creating FMLModContainer instance for com.jtorleonstudios.libraryferret.LibraryFerret
[21Dec2025 15:32:22.018] [main/DEBUG] [net.minecraftforge.fml.javafmlmod.FMLJavaModLanguageProvider/LOADING]: Loading FMLModContainer from classloader cpw.mods.modlauncher.TransformingClassLoader@259b85d6 - got cpw.mods.cl.ModuleClassLoader@73ab3aac
[21Dec2025 15:32:22.018] [main/DEBUG] [net.minecraftforge.fml.javafmlmod.FMLModContainer/LOADING]: Creating FMLModContainer instance for com.mrcrayfish.goblintraders.GoblinTraders
[21Dec2025 15:32:22.018] [main/DEBUG] [net.minecraftforge.fml.javafmlmod.FMLJavaModLanguageProvider/LOADING]: Loading FMLModContainer from classloader cpw.mods.modlauncher.TransformingClassLoader@259b85d6 - got cpw.mods.cl.ModuleClassLoader@73ab3aac
[21Dec2025 15:32:22.018] [main/DEBUG] [net.minecraftforge.fml.javafmlmod.FMLModContainer/LOADING]: Creating FMLModContainer instance for com.mcwwindows.kikoz.MacawsWindows
[21Dec2025 15:32:22.019] [main/DEBUG] [net.minecraftforge.fml.javafmlmod.FMLJavaModLanguageProvider/LOADING]: Loading FMLModContainer from classloader cpw.mods.modlauncher.TransformingClassLoader@259b85d6 - got cpw.mods.cl.ModuleClassLoader@73ab3aac
[21Dec2025 15:32:22.019] [main/DEBUG] [net.minecraftforge.fml.javafmlmod.FMLModContainer/LOADING]: Creating FMLModContainer instance for top.theillusivec4.caelus.Caelus
[21Dec2025 15:32:22.019] [main/DEBUG] [net.minecraftforge.fml.javafmlmod.FMLJavaModLanguageProvider/LOADING]: Loading FMLModContainer from classloader cpw.mods.modlauncher.TransformingClassLoader@259b85d6 - got cpw.mods.cl.ModuleClassLoader@73ab3aac
[21Dec2025 15:32:22.020] [main/DEBUG] [net.minecraftforge.fml.javafmlmod.FMLModContainer/LOADING]: Creating FMLModContainer instance for net.mcreator.stalwartdungeons.StalwartDungeonsMod
[21Dec2025 15:32:22.020] [main/DEBUG] [net.minecraftforge.fml.javafmlmod.FMLJavaModLanguageProvider/LOADING]: Loading FMLModContainer from classloader cpw.mods.modlauncher.TransformingClassLoader@259b85d6 - got cpw.mods.cl.ModuleClassLoader@73ab3aac
[21Dec2025 15:32:22.020] [main/DEBUG] [net.minecraftforge.fml.javafmlmod.FMLModContainer/LOADING]: Creating FMLModContainer instance for com.obscuria.obscureapi.ObscureAPI
[21Dec2025 15:32:22.021] [main/DEBUG] [net.minecraftforge.fml.javafmlmod.FMLJavaModLanguageProvider/LOADING]: Loading FMLModContainer from classloader cpw.mods.modlauncher.TransformingClassLoader@259b85d6 - got cpw.mods.cl.ModuleClassLoader@73ab3aac
[21Dec2025 15:32:22.021] [main/DEBUG] [net.minecraftforge.fml.javafmlmod.FMLModContainer/LOADING]: Creating FMLModContainer instance for net.p3pp3rf1y.sophisticatedcore.SophisticatedCore
[21Dec2025 15:32:22.022] [main/DEBUG] [net.minecraftforge.fml.javafmlmod.FMLJavaModLanguageProvider/LOADING]: Loading FMLModContainer from classloader cpw.mods.modlauncher.TransformingClassLoader@259b85d6 - got cpw.mods.cl.ModuleClassLoader@73ab3aac
[21Dec2025 15:32:22.022] [main/DEBUG] [net.minecraftforge.fml.javafmlmod.FMLModContainer/LOADING]: Creating FMLModContainer instance for net.blay09.mods.waystones.ForgeWaystones
[21Dec2025 15:32:22.022] [main/DEBUG] [net.minecraftforge.fml.javafmlmod.FMLJavaModLanguageProvider/LOADING]: Loading FMLModContainer from classloader cpw.mods.modlauncher.TransformingClassLoader@259b85d6 - got cpw.mods.cl.ModuleClassLoader@73ab3aac
[21Dec2025 15:32:22.022] [main/DEBUG] [net.minecraftforge.fml.javafmlmod.FMLModContainer/LOADING]: Creating FMLModContainer instance for journeymap.common.Journeymap
[21Dec2025 15:32:22.023] [main/DEBUG] [net.minecraftforge.fml.javafmlmod.FMLJavaModLanguageProvider/LOADING]: Loading FMLModContainer from classloader cpw.mods.modlauncher.TransformingClassLoader@259b85d6 - got cpw.mods.cl.ModuleClassLoader@73ab3aac
[21Dec2025 15:32:22.023] [main/DEBUG] [net.minecraftforge.fml.javafmlmod.FMLModContainer/LOADING]: Creating FMLModContainer instance for com.github.alexthe666.citadel.Citadel
[21Dec2025 15:32:22.024] [main/DEBUG] [net.minecraftforge.fml.javafmlmod.FMLJavaModLanguageProvider/LOADING]: Loading FMLModContainer from classloader cpw.mods.modlauncher.TransformingClassLoader@259b85d6 - got cpw.mods.cl.ModuleClassLoader@73ab3aac
[21Dec2025 15:32:22.024] [main/DEBUG] [net.minecraftforge.fml.javafmlmod.FMLModContainer/LOADING]: Creating FMLModContainer instance for com.chaosthedude.naturescompass.NaturesCompass
[21Dec2025 15:32:22.025] [main/DEBUG] [net.minecraftforge.fml.javafmlmod.FMLJavaModLanguageProvider/LOADING]: Loading FMLModContainer from classloader cpw.mods.modlauncher.TransformingClassLoader@259b85d6 - got cpw.mods.cl.ModuleClassLoader@73ab3aac
[21Dec2025 15:32:22.025] [main/DEBUG] [net.minecraftforge.fml.javafmlmod.FMLModContainer/LOADING]: Creating FMLModContainer instance for artifacts.forge.ArtifactsForge
[21Dec2025 15:32:22.025] [main/DEBUG] [net.minecraftforge.fml.javafmlmod.FMLJavaModLanguageProvider/LOADING]: Loading FMLModContainer from classloader cpw.mods.modlauncher.TransformingClassLoader@259b85d6 - got cpw.mods.cl.ModuleClassLoader@73ab3aac
[21Dec2025 15:32:22.025] [main/DEBUG] [net.minecraftforge.fml.javafmlmod.FMLModContainer/LOADING]: Creating FMLModContainer instance for com.yungnickyoung.minecraft.yungsapi.YungsApiForge
[21Dec2025 15:32:22.026] [main/DEBUG] [net.minecraftforge.fml.javafmlmod.FMLJavaModLanguageProvider/LOADING]: Loading FMLModContainer from classloader cpw.mods.modlauncher.TransformingClassLoader@259b85d6 - got cpw.mods.cl.ModuleClassLoader@73ab3aac
[21Dec2025 15:32:22.026] [main/DEBUG] [net.minecraftforge.fml.javafmlmod.FMLModContainer/LOADING]: Creating FMLModContainer instance for com.llamalad7.mixinextras.platform.forge.MixinExtrasMod
[21Dec2025 15:32:22.027] [main/DEBUG] [net.minecraftforge.fml.javafmlmod.FMLJavaModLanguageProvider/LOADING]: Loading FMLModContainer from classloader cpw.mods.modlauncher.TransformingClassLoader@259b85d6 - got cpw.mods.cl.ModuleClassLoader@73ab3aac
[21Dec2025 15:32:22.027] [main/DEBUG] [net.minecraftforge.fml.javafmlmod.FMLModContainer/LOADING]: Creating FMLModContainer instance for net.mcreator.callofyucutan.CallOfYucutanMod
[21Dec2025 15:32:22.027] [main/DEBUG] [net.minecraftforge.fml.javafmlmod.FMLJavaModLanguageProvider/LOADING]: Loading FMLModContainer from classloader cpw.mods.modlauncher.TransformingClassLoader@259b85d6 - got cpw.mods.cl.ModuleClassLoader@73ab3aac
[21Dec2025 15:32:22.027] [main/DEBUG] [net.minecraftforge.fml.javafmlmod.FMLModContainer/LOADING]: Creating FMLModContainer instance for com.delta.redeco.redeco
[21Dec2025 15:32:22.028] [main/DEBUG] [net.minecraftforge.fml.javafmlmod.FMLJavaModLanguageProvider/LOADING]: Loading FMLModContainer from classloader cpw.mods.modlauncher.TransformingClassLoader@259b85d6 - got cpw.mods.cl.ModuleClassLoader@73ab3aac
[21Dec2025 15:32:22.028] [main/DEBUG] [net.minecraftforge.fml.javafmlmod.FMLModContainer/LOADING]: Creating FMLModContainer instance for net.p3pp3rf1y.sophisticatedbackpacks.SophisticatedBackpacks
[21Dec2025 15:32:22.029] [main/DEBUG] [net.minecraftforge.fml.javafmlmod.FMLJavaModLanguageProvider/LOADING]: Loading FMLModContainer from classloader cpw.mods.modlauncher.TransformingClassLoader@259b85d6 - got cpw.mods.cl.ModuleClassLoader@73ab3aac
[21Dec2025 15:32:22.029] [main/DEBUG] [net.minecraftforge.fml.javafmlmod.FMLModContainer/LOADING]: Creating FMLModContainer instance for it.hurts.sskirillss.relics.Relics
[21Dec2025 15:32:22.029] [main/DEBUG] [net.minecraftforge.fml.javafmlmod.FMLJavaModLanguageProvider/LOADING]: Loading FMLModContainer from classloader cpw.mods.modlauncher.TransformingClassLoader@259b85d6 - got cpw.mods.cl.ModuleClassLoader@73ab3aac
[21Dec2025 15:32:22.029] [main/DEBUG] [net.minecraftforge.fml.javafmlmod.FMLModContainer/LOADING]: Creating FMLModContainer instance for com.chaosthedude.explorerscompass.ExplorersCompass
[21Dec2025 15:32:22.030] [main/DEBUG] [net.minecraftforge.fml.javafmlmod.FMLJavaModLanguageProvider/LOADING]: Loading FMLModContainer from classloader cpw.mods.modlauncher.TransformingClassLoader@259b85d6 - got cpw.mods.cl.ModuleClassLoader@73ab3aac
[21Dec2025 15:32:22.030] [main/DEBUG] [net.minecraftforge.fml.javafmlmod.FMLModContainer/LOADING]: Creating FMLModContainer instance for net.blay09.mods.balm.forge.ForgeBalm
[21Dec2025 15:32:22.031] [main/DEBUG] [net.minecraftforge.fml.javafmlmod.FMLJavaModLanguageProvider/LOADING]: Loading FMLModContainer from classloader cpw.mods.modlauncher.TransformingClassLoader@259b85d6 - got cpw.mods.cl.ModuleClassLoader@73ab3aac
[21Dec2025 15:32:22.031] [main/DEBUG] [net.minecraftforge.fml.javafmlmod.FMLModContainer/LOADING]: Creating FMLModContainer instance for jeresources.JEResources
[21Dec2025 15:32:22.031] [main/DEBUG] [net.minecraftforge.fml.javafmlmod.FMLJavaModLanguageProvider/LOADING]: Loading FMLModContainer from classloader cpw.mods.modlauncher.TransformingClassLoader@259b85d6 - got cpw.mods.cl.ModuleClassLoader@73ab3aac
[21Dec2025 15:32:22.031] [main/DEBUG] [net.minecraftforge.fml.javafmlmod.FMLModContainer/LOADING]: Creating FMLModContainer instance for com.corosus.watut.loader.forge.WatutModForge
[21Dec2025 15:32:22.032] [main/DEBUG] [net.minecraftforge.fml.javafmlmod.FMLJavaModLanguageProvider/LOADING]: Loading FMLModContainer from classloader cpw.mods.modlauncher.TransformingClassLoader@259b85d6 - got cpw.mods.cl.ModuleClassLoader@73ab3aac
[21Dec2025 15:32:22.032] [main/DEBUG] [net.minecraftforge.fml.javafmlmod.FMLModContainer/LOADING]: Creating FMLModContainer instance for me.shedaniel.clothconfig.ClothConfigForge
[21Dec2025 15:32:22.033] [main/DEBUG] [net.minecraftforge.fml.javafmlmod.FMLJavaModLanguageProvider/LOADING]: Loading FMLModContainer from classloader cpw.mods.modlauncher.TransformingClassLoader@259b85d6 - got cpw.mods.cl.ModuleClassLoader@73ab3aac
[21Dec2025 15:32:22.033] [main/DEBUG] [net.minecraftforge.fml.javafmlmod.FMLModContainer/LOADING]: Creating FMLModContainer instance for net.minecraftforge.common.ForgeMod
[21Dec2025 15:32:22.035] [main/DEBUG] [net.minecraftforge.fml.javafmlmod.FMLJavaModLanguageProvider/LOADING]: Loading FMLModContainer from classloader cpw.mods.modlauncher.TransformingClassLoader@259b85d6 - got cpw.mods.cl.ModuleClassLoader@73ab3aac
[21Dec2025 15:32:22.035] [main/DEBUG] [net.minecraftforge.fml.javafmlmod.FMLModContainer/LOADING]: Creating FMLModContainer instance for com.yungnickyoung.minecraft.travelerstitles.TravelersTitlesForge
[21Dec2025 15:32:22.035] [main/DEBUG] [net.minecraftforge.fml.javafmlmod.FMLJavaModLanguageProvider/LOADING]: Loading FMLModContainer from classloader cpw.mods.modlauncher.TransformingClassLoader@259b85d6 - got cpw.mods.cl.ModuleClassLoader@73ab3aac
[21Dec2025 15:32:22.035] [main/DEBUG] [net.minecraftforge.fml.javafmlmod.FMLModContainer/LOADING]: Creating FMLModContainer instance for cn.mmf.slashblade_addon.SlashBladeAddon
[21Dec2025 15:32:22.036] [main/DEBUG] [net.minecraftforge.fml.javafmlmod.FMLJavaModLanguageProvider/LOADING]: Loading FMLModContainer from classloader cpw.mods.modlauncher.TransformingClassLoader@259b85d6 - got cpw.mods.cl.ModuleClassLoader@73ab3aac
[21Dec2025 15:32:22.036] [main/DEBUG] [net.minecraftforge.fml.javafmlmod.FMLModContainer/LOADING]: Creating FMLModContainer instance for de.keksuccino.konkrete.Konkrete
[21Dec2025 15:32:22.036] [main/DEBUG] [net.minecraftforge.fml.javafmlmod.FMLJavaModLanguageProvider/LOADING]: Loading FMLModContainer from classloader cpw.mods.modlauncher.TransformingClassLoader@259b85d6 - got cpw.mods.cl.ModuleClassLoader@73ab3aac
[21Dec2025 15:32:22.036] [main/DEBUG] [net.minecraftforge.fml.javafmlmod.FMLModContainer/LOADING]: Creating FMLModContainer instance for me.jellysquid.mods.sodium.client.SodiumClientMod
[21Dec2025 15:32:22.037] [main/DEBUG] [net.minecraftforge.fml.javafmlmod.FMLJavaModLanguageProvider/LOADING]: Loading FMLModContainer from classloader cpw.mods.modlauncher.TransformingClassLoader@259b85d6 - got cpw.mods.cl.ModuleClassLoader@73ab3aac
[21Dec2025 15:32:22.037] [main/DEBUG] [net.minecraftforge.fml.javafmlmod.FMLModContainer/LOADING]: Creating FMLModContainer instance for me.jellysquid.mods.sodium.client.RubidiumStub
[21Dec2025 15:32:22.037] [main/DEBUG] [net.minecraftforge.fml.javafmlmod.FMLJavaModLanguageProvider/LOADING]: Loading FMLModContainer from classloader cpw.mods.modlauncher.TransformingClassLoader@259b85d6 - got cpw.mods.cl.ModuleClassLoader@73ab3aac
[21Dec2025 15:32:22.037] [main/DEBUG] [net.minecraftforge.fml.javafmlmod.FMLModContainer/LOADING]: Creating FMLModContainer instance for earth.terrarium.athena.forge.AthenaForge
[21Dec2025 15:32:22.038] [main/DEBUG] [net.minecraftforge.fml.javafmlmod.FMLJavaModLanguageProvider/LOADING]: Loading FMLModContainer from classloader cpw.mods.modlauncher.TransformingClassLoader@259b85d6 - got cpw.mods.cl.ModuleClassLoader@73ab3aac
[21Dec2025 15:32:22.038] [main/DEBUG] [net.minecraftforge.fml.javafmlmod.FMLModContainer/LOADING]: Creating FMLModContainer instance for vectorwing.farmersdelight.FarmersDelight
[21Dec2025 15:32:22.038] [main/DEBUG] [net.minecraftforge.fml.javafmlmod.FMLJavaModLanguageProvider/LOADING]: Loading FMLModContainer from classloader cpw.mods.modlauncher.TransformingClassLoader@259b85d6 - got cpw.mods.cl.ModuleClassLoader@73ab3aac
[21Dec2025 15:32:22.038] [main/DEBUG] [net.minecraftforge.fml.javafmlmod.FMLModContainer/LOADING]: Creating FMLModContainer instance for com.ldtteam.vanillaplustools.VanillaPlusTools
[21Dec2025 15:32:22.039] [main/DEBUG] [net.minecraftforge.fml.javafmlmod.FMLJavaModLanguageProvider/LOADING]: Loading FMLModContainer from classloader cpw.mods.modlauncher.TransformingClassLoader@259b85d6 - got cpw.mods.cl.ModuleClassLoader@73ab3aac
[21Dec2025 15:32:22.039] [main/DEBUG] [net.minecraftforge.fml.javafmlmod.FMLModContainer/LOADING]: Creating FMLModContainer instance for net.xalcon.torchmaster.Torchmaster
[21Dec2025 15:32:22.039] [main/DEBUG] [net.minecraftforge.fml.javafmlmod.FMLJavaModLanguageProvider/LOADING]: Loading FMLModContainer from classloader cpw.mods.modlauncher.TransformingClassLoader@259b85d6 - got cpw.mods.cl.ModuleClassLoader@73ab3aac
[21Dec2025 15:32:22.039] [main/DEBUG] [net.minecraftforge.fml.javafmlmod.FMLModContainer/LOADING]: Creating FMLModContainer instance for earth.terrarium.handcrafted.forge.HandcraftedForge
[21Dec2025 15:32:22.040] [main/DEBUG] [net.minecraftforge.fml.javafmlmod.FMLJavaModLanguageProvider/LOADING]: Loading FMLModContainer from classloader cpw.mods.modlauncher.TransformingClassLoader@259b85d6 - got cpw.mods.cl.ModuleClassLoader@73ab3aac
[21Dec2025 15:32:22.040] [main/DEBUG] [net.minecraftforge.fml.javafmlmod.FMLModContainer/LOADING]: Creating FMLModContainer instance for com.github.alexmodguy.alexscaves.AlexsCaves
[21Dec2025 15:32:22.041] [main/DEBUG] [net.minecraftforge.fml.javafmlmod.FMLJavaModLanguageProvider/LOADING]: Loading FMLModContainer from classloader cpw.mods.modlauncher.TransformingClassLoader@259b85d6 - got cpw.mods.cl.ModuleClassLoader@73ab3aac
[21Dec2025 15:32:22.041] [main/DEBUG] [net.minecraftforge.fml.javafmlmod.FMLModContainer/LOADING]: Creating FMLModContainer instance for terrablender.core.TerraBlenderForge
[21Dec2025 15:32:22.041] [main/DEBUG] [net.minecraftforge.fml.javafmlmod.FMLJavaModLanguageProvider/LOADING]: Loading FMLModContainer from classloader cpw.mods.modlauncher.TransformingClassLoader@259b85d6 - got cpw.mods.cl.ModuleClassLoader@73ab3aac
[21Dec2025 15:32:22.041] [main/DEBUG] [net.minecraftforge.fml.javafmlmod.FMLModContainer/LOADING]: Creating FMLModContainer instance for elocindev.necronomicon.CommonInitializer
[21Dec2025 15:32:22.042] [main/DEBUG] [net.minecraftforge.fml.javafmlmod.FMLJavaModLanguageProvider/LOADING]: Loading FMLModContainer from classloader cpw.mods.modlauncher.TransformingClassLoader@259b85d6 - got cpw.mods.cl.ModuleClassLoader@73ab3aac
[21Dec2025 15:32:22.042] [main/DEBUG] [net.minecraftforge.fml.javafmlmod.FMLModContainer/LOADING]: Creating FMLModContainer instance for biomesoplenty.core.BiomesOPlenty
[21Dec2025 15:32:22.042] [main/DEBUG] [net.minecraftforge.fml.javafmlmod.FMLJavaModLanguageProvider/LOADING]: Loading FMLModContainer from classloader cpw.mods.modlauncher.TransformingClassLoader@259b85d6 - got cpw.mods.cl.ModuleClassLoader@73ab3aac
[21Dec2025 15:32:22.042] [main/DEBUG] [net.minecraftforge.fml.javafmlmod.FMLModContainer/LOADING]: Creating FMLModContainer instance for team.creative.creativecore.CreativeCore
[21Dec2025 15:32:22.043] [main/DEBUG] [net.minecraftforge.fml.javafmlmod.FMLJavaModLanguageProvider/LOADING]: Loading FMLModContainer from classloader cpw.mods.modlauncher.TransformingClassLoader@259b85d6 - got cpw.mods.cl.ModuleClassLoader@73ab3aac
[21Dec2025 15:32:22.043] [main/DEBUG] [net.minecraftforge.fml.javafmlmod.FMLModContainer/LOADING]: Creating FMLModContainer instance for com.supermartijn642.core.CoreLib
[21Dec2025 15:32:22.043] [main/DEBUG] [net.minecraftforge.fml.javafmlmod.FMLJavaModLanguageProvider/LOADING]: Loading FMLModContainer from classloader cpw.mods.modlauncher.TransformingClassLoader@259b85d6 - got cpw.mods.cl.ModuleClassLoader@73ab3aac
[21Dec2025 15:32:22.043] [main/DEBUG] [net.minecraftforge.fml.javafmlmod.FMLModContainer/LOADING]: Creating FMLModContainer instance for me.paulf.fairylights.FairyLights
[21Dec2025 15:32:22.044] [main/DEBUG] [net.minecraftforge.fml.javafmlmod.FMLJavaModLanguageProvider/LOADING]: Loading FMLModContainer from classloader cpw.mods.modlauncher.TransformingClassLoader@259b85d6 - got cpw.mods.cl.ModuleClassLoader@73ab3aac
[21Dec2025 15:32:22.044] [main/DEBUG] [net.minecraftforge.fml.javafmlmod.FMLModContainer/LOADING]: Creating FMLModContainer instance for com.github.L_Ender.lionfishapi.LionfishAPI
[21Dec2025 15:32:22.045] [main/DEBUG] [net.minecraftforge.fml.javafmlmod.FMLJavaModLanguageProvider/LOADING]: Loading FMLModContainer from classloader cpw.mods.modlauncher.TransformingClassLoader@259b85d6 - got cpw.mods.cl.ModuleClassLoader@73ab3aac
[21Dec2025 15:32:22.045] [main/DEBUG] [net.minecraftforge.fml.javafmlmod.FMLModContainer/LOADING]: Creating FMLModContainer instance for com.dremoline.portablemobs.PortableMobs
[21Dec2025 15:32:22.045] [main/DEBUG] [net.minecraftforge.fml.javafmlmod.FMLJavaModLanguageProvider/LOADING]: Loading FMLModContainer from classloader cpw.mods.modlauncher.TransformingClassLoader@259b85d6 - got cpw.mods.cl.ModuleClassLoader@73ab3aac
[21Dec2025 15:32:22.045] [main/DEBUG] [net.minecraftforge.fml.javafmlmod.FMLModContainer/LOADING]: Creating FMLModContainer instance for com.yungnickyoung.minecraft.ribbits.RibbitsForge
[21Dec2025 15:32:22.046] [main/DEBUG] [net.minecraftforge.fml.javafmlmod.FMLJavaModLanguageProvider/LOADING]: Loading FMLModContainer from classloader cpw.mods.modlauncher.TransformingClassLoader@259b85d6 - got cpw.mods.cl.ModuleClassLoader@73ab3aac
[21Dec2025 15:32:22.046] [main/DEBUG] [net.minecraftforge.fml.javafmlmod.FMLModContainer/LOADING]: Creating FMLModContainer instance for com.github.L_Ender.cataclysm.Cataclysm
[21Dec2025 15:32:22.046] [main/DEBUG] [net.minecraftforge.fml.javafmlmod.FMLJavaModLanguageProvider/LOADING]: Loading FMLModContainer from classloader cpw.mods.modlauncher.TransformingClassLoader@259b85d6 - got cpw.mods.cl.ModuleClassLoader@73ab3aac
[21Dec2025 15:32:22.046] [main/DEBUG] [net.minecraftforge.fml.javafmlmod.FMLModContainer/LOADING]: Creating FMLModContainer instance for top.theillusivec4.curios.Curios
[21Dec2025 15:32:22.047] [main/DEBUG] [net.minecraftforge.fml.javafmlmod.FMLJavaModLanguageProvider/LOADING]: Loading FMLModContainer from classloader cpw.mods.modlauncher.TransformingClassLoader@259b85d6 - got cpw.mods.cl.ModuleClassLoader@73ab3aac
[21Dec2025 15:32:22.047] [main/DEBUG] [net.minecraftforge.fml.javafmlmod.FMLModContainer/LOADING]: Creating FMLModContainer instance for de.maxhenkel.gravestone.Main
[21Dec2025 15:32:22.048] [main/DEBUG] [net.minecraftforge.fml.javafmlmod.FMLJavaModLanguageProvider/LOADING]: Loading FMLModContainer from classloader cpw.mods.modlauncher.TransformingClassLoader@259b85d6 - got cpw.mods.cl.ModuleClassLoader@73ab3aac
[21Dec2025 15:32:22.048] [main/DEBUG] [net.minecraftforge.fml.javafmlmod.FMLModContainer/LOADING]: Creating FMLModContainer instance for de.maxhenkel.camera.Main
[21Dec2025 15:32:22.049] [main/DEBUG] [net.minecraftforge.fml.javafmlmod.FMLJavaModLanguageProvider/LOADING]: Loading FMLModContainer from classloader cpw.mods.modlauncher.TransformingClassLoader@259b85d6 - got cpw.mods.cl.ModuleClassLoader@73ab3aac
[21Dec2025 15:32:22.049] [main/DEBUG] [net.minecraftforge.fml.javafmlmod.FMLModContainer/LOADING]: Creating FMLModContainer instance for io.redspace.ironsspellbooks.IronsSpellbooks
[21Dec2025 15:32:22.050] [main/DEBUG] [net.minecraftforge.fml.javafmlmod.FMLJavaModLanguageProvider/LOADING]: Loading FMLModContainer from classloader cpw.mods.modlauncher.TransformingClassLoader@259b85d6 - got cpw.mods.cl.ModuleClassLoader@73ab3aac
[21Dec2025 15:32:22.050] [main/DEBUG] [net.minecraftforge.fml.javafmlmod.FMLModContainer/LOADING]: Creating FMLModContainer instance for com.jtorleonstudios.bettervillage.Main
[21Dec2025 15:32:22.050] [main/DEBUG] [net.minecraftforge.fml.javafmlmod.FMLJavaModLanguageProvider/LOADING]: Loading FMLModContainer from classloader cpw.mods.modlauncher.TransformingClassLoader@259b85d6 - got cpw.mods.cl.ModuleClassLoader@73ab3aac
[21Dec2025 15:32:22.050] [main/DEBUG] [net.minecraftforge.fml.javafmlmod.FMLModContainer/LOADING]: Creating FMLModContainer instance for com.teamresourceful.resourcefullib.forge.ResourcefulLibForge
[21Dec2025 15:32:22.051] [main/DEBUG] [net.minecraftforge.fml.javafmlmod.FMLJavaModLanguageProvider/LOADING]: Loading FMLModContainer from classloader cpw.mods.modlauncher.TransformingClassLoader@259b85d6 - got cpw.mods.cl.ModuleClassLoader@73ab3aac
[21Dec2025 15:32:22.051] [main/DEBUG] [net.minecraftforge.fml.javafmlmod.FMLModContainer/LOADING]: Creating FMLModContainer instance for com.corosus.coroutil.loader.forge.ConfigModForge
[21Dec2025 15:32:22.051] [main/DEBUG] [net.minecraftforge.fml.javafmlmod.FMLJavaModLanguageProvider/LOADING]: Loading FMLModContainer from classloader cpw.mods.modlauncher.TransformingClassLoader@259b85d6 - got cpw.mods.cl.ModuleClassLoader@73ab3aac
[21Dec2025 15:32:22.051] [main/DEBUG] [net.minecraftforge.fml.javafmlmod.FMLModContainer/LOADING]: Creating FMLModContainer instance for com.minecraftserverzone.fennecfox.ModSetup
[21Dec2025 15:32:22.052] [main/DEBUG] [net.minecraftforge.fml.javafmlmod.FMLJavaModLanguageProvider/LOADING]: Loading FMLModContainer from classloader cpw.mods.modlauncher.TransformingClassLoader@259b85d6 - got cpw.mods.cl.ModuleClassLoader@73ab3aac
[21Dec2025 15:32:22.052] [main/DEBUG] [net.minecraftforge.fml.javafmlmod.FMLModContainer/LOADING]: Creating FMLModContainer instance for dev.architectury.forge.ArchitecturyForge
[21Dec2025 15:32:22.052] [main/DEBUG] [net.minecraftforge.fml.javafmlmod.FMLJavaModLanguageProvider/LOADING]: Loading FMLModContainer from classloader cpw.mods.modlauncher.TransformingClassLoader@259b85d6 - got cpw.mods.cl.ModuleClassLoader@73ab3aac
[21Dec2025 15:32:22.052] [main/DEBUG] [net.minecraftforge.fml.javafmlmod.FMLModContainer/LOADING]: Creating FMLModContainer instance for it.hurts.octostudios.octolib.forge.OctoLibForge
[21Dec2025 15:32:22.053] [main/DEBUG] [net.minecraftforge.fml.javafmlmod.FMLJavaModLanguageProvider/LOADING]: Loading FMLModContainer from classloader cpw.mods.modlauncher.TransformingClassLoader@259b85d6 - got cpw.mods.cl.ModuleClassLoader@73ab3aac
[21Dec2025 15:32:22.053] [main/DEBUG] [net.minecraftforge.fml.javafmlmod.FMLModContainer/LOADING]: Creating FMLModContainer instance for com.berksire.furniture.forge.FurnitureForge
[21Dec2025 15:32:22.053] [main/DEBUG] [net.minecraftforge.fml.javafmlmod.FMLJavaModLanguageProvider/LOADING]: Loading FMLModContainer from classloader cpw.mods.modlauncher.TransformingClassLoader@259b85d6 - got cpw.mods.cl.ModuleClassLoader@73ab3aac
[21Dec2025 15:32:22.053] [main/DEBUG] [net.minecraftforge.fml.javafmlmod.FMLModContainer/LOADING]: Creating FMLModContainer instance for de.cristelknight.doapi.forge.DoApiForge
[21Dec2025 15:32:22.054] [main/DEBUG] [net.minecraftforge.fml.javafmlmod.FMLJavaModLanguageProvider/LOADING]: Loading FMLModContainer from classloader cpw.mods.modlauncher.TransformingClassLoader@259b85d6 - got cpw.mods.cl.ModuleClassLoader@73ab3aac
[21Dec2025 15:32:22.054] [main/DEBUG] [net.minecraftforge.fml.javafmlmod.FMLModContainer/LOADING]: Creating FMLModContainer instance for de.cristelknight.doapi.forge.terraform.TerraformApiForge
[21Dec2025 15:32:22.054] [main/DEBUG] [net.minecraftforge.fml.javafmlmod.FMLJavaModLanguageProvider/LOADING]: Loading FMLModContainer from classloader cpw.mods.modlauncher.TransformingClassLoader@259b85d6 - got cpw.mods.cl.ModuleClassLoader@73ab3aac
[21Dec2025 15:32:22.054] [main/DEBUG] [net.minecraftforge.fml.javafmlmod.FMLModContainer/LOADING]: Creating FMLModContainer instance for net.satisfy.bakery.forge.BakeryForge
[21Dec2025 15:32:22.055] [main/DEBUG] [net.minecraftforge.fml.javafmlmod.FMLJavaModLanguageProvider/LOADING]: Loading FMLModContainer from classloader cpw.mods.modlauncher.TransformingClassLoader@259b85d6 - got cpw.mods.cl.ModuleClassLoader@73ab3aac
[21Dec2025 15:32:22.055] [main/DEBUG] [net.minecraftforge.fml.javafmlmod.FMLModContainer/LOADING]: Creating FMLModContainer instance for net.satisfy.vinery.forge.VineryForge
[21Dec2025 15:32:22.055] [main/DEBUG] [net.minecraftforge.fml.javafmlmod.FMLJavaModLanguageProvider/LOADING]: Loading FMLModContainer from classloader cpw.mods.modlauncher.TransformingClassLoader@259b85d6 - got cpw.mods.cl.ModuleClassLoader@73ab3aac
[21Dec2025 15:32:22.055] [main/DEBUG] [net.minecraftforge.fml.javafmlmod.FMLModContainer/LOADING]: Creating FMLModContainer instance for squeek.appleskin.AppleSkin
[21Dec2025 15:32:22.056] [main/DEBUG] [net.minecraftforge.fml.javafmlmod.FMLJavaModLanguageProvider/LOADING]: Loading FMLModContainer from classloader cpw.mods.modlauncher.TransformingClassLoader@259b85d6 - got cpw.mods.cl.ModuleClassLoader@73ab3aac
[21Dec2025 15:32:22.056] [main/DEBUG] [net.minecraftforge.fml.javafmlmod.FMLModContainer/LOADING]: Creating FMLModContainer instance for com.mcwfurnitures.kikoz.MacawsFurnitures
[21Dec2025 15:32:22.056] [main/DEBUG] [net.minecraftforge.fml.javafmlmod.FMLJavaModLanguageProvider/LOADING]: Loading FMLModContainer from classloader cpw.mods.modlauncher.TransformingClassLoader@259b85d6 - got cpw.mods.cl.ModuleClassLoader@73ab3aac
[21Dec2025 15:32:22.057] [main/DEBUG] [net.minecraftforge.fml.javafmlmod.FMLModContainer/LOADING]: Creating FMLModContainer instance for com.nick.chimes.Chimes
[21Dec2025 15:32:22.057] [main/DEBUG] [net.minecraftforge.fml.javafmlmod.FMLJavaModLanguageProvider/LOADING]: Loading FMLModContainer from classloader cpw.mods.modlauncher.TransformingClassLoader@259b85d6 - got cpw.mods.cl.ModuleClassLoader@73ab3aac
[21Dec2025 15:32:22.057] [main/DEBUG] [net.minecraftforge.fml.javafmlmod.FMLModContainer/LOADING]: Creating FMLModContainer instance for com.mrcrayfish.furniture.refurbished.FurnitureMod
[21Dec2025 15:32:22.058] [main/DEBUG] [net.minecraftforge.fml.javafmlmod.FMLJavaModLanguageProvider/LOADING]: Loading FMLModContainer from classloader cpw.mods.modlauncher.TransformingClassLoader@259b85d6 - got cpw.mods.cl.ModuleClassLoader@73ab3aac
[21Dec2025 15:32:22.058] [main/DEBUG] [net.minecraftforge.fml.javafmlmod.FMLModContainer/LOADING]: Creating FMLModContainer instance for de.keksuccino.justzoom.JustZoom
[21Dec2025 15:32:22.058] [main/DEBUG] [net.minecraftforge.fml.javafmlmod.FMLJavaModLanguageProvider/LOADING]: Loading FMLModContainer from classloader cpw.mods.modlauncher.TransformingClassLoader@259b85d6 - got cpw.mods.cl.ModuleClassLoader@73ab3aac
[21Dec2025 15:32:22.059] [main/DEBUG] [net.minecraftforge.fml.javafmlmod.FMLModContainer/LOADING]: Creating FMLModContainer instance for com.telepathicgrunt.the_bumblezone.forge.BumblezoneForge
[21Dec2025 15:32:22.060] [main/DEBUG] [net.minecraftforge.fml.javafmlmod.FMLJavaModLanguageProvider/LOADING]: Loading FMLModContainer from classloader cpw.mods.modlauncher.TransformingClassLoader@259b85d6 - got cpw.mods.cl.ModuleClassLoader@73ab3aac
[21Dec2025 15:32:22.061] [main/DEBUG] [net.minecraftforge.fml.javafmlmod.FMLModContainer/LOADING]: Creating FMLModContainer instance for com.mrcrayfish.framework.FrameworkForge
[21Dec2025 15:32:22.061] [main/DEBUG] [net.minecraftforge.fml.javafmlmod.FMLJavaModLanguageProvider/LOADING]: Loading FMLModContainer from classloader cpw.mods.modlauncher.TransformingClassLoader@259b85d6 - got cpw.mods.cl.ModuleClassLoader@73ab3aac
[21Dec2025 15:32:22.061] [main/DEBUG] [net.minecraftforge.fml.javafmlmod.FMLModContainer/LOADING]: Creating FMLModContainer instance for lain.mods.cos.init.forge.ForgeCosmeticArmorReworked
[21Dec2025 15:32:22.062] [main/DEBUG] [net.minecraftforge.fml.javafmlmod.FMLJavaModLanguageProvider/LOADING]: Loading FMLModContainer from classloader cpw.mods.modlauncher.TransformingClassLoader@259b85d6 - got cpw.mods.cl.ModuleClassLoader@73ab3aac
[21Dec2025 15:32:22.062] [main/DEBUG] [net.minecraftforge.fml.javafmlmod.FMLModContainer/LOADING]: Creating FMLModContainer instance for be.florens.expandability.forge.ExpandAbilityForge
[21Dec2025 15:32:22.063] [main/DEBUG] [net.minecraftforge.fml.javafmlmod.FMLJavaModLanguageProvider/LOADING]: Loading FMLModContainer from classloader cpw.mods.modlauncher.TransformingClassLoader@259b85d6 - got cpw.mods.cl.ModuleClassLoader@73ab3aac
[21Dec2025 15:32:22.063] [main/DEBUG] [net.minecraftforge.fml.javafmlmod.FMLModContainer/LOADING]: Creating FMLModContainer instance for com.obscuria.aquamirae.Aquamirae
[21Dec2025 15:32:22.077] [modloading-worker-0/DEBUG] [net.minecraftforge.fml.javafmlmod.AutomaticEventSubscriber/LOADING]: Attempting to inject @EventBusSubscriber classes into the eventbus for kuma_api
[21Dec2025 15:32:22.075] [modloading-worker-0/INFO] [Easy NPC/]: Initializing Easy NPC (Forge) ...
[21Dec2025 15:32:22.078] [modloading-worker-0/INFO] [Easy NPC/]: 🗣 Register Easy NPC Debug Manager ...
[21Dec2025 15:32:22.087] [modloading-worker-0/WARN] [Easy NPC/]: [Debug Manager] Detected debug log level for Easy NPC with ALL!
[21Dec2025 15:32:22.090] [modloading-worker-0/WARN] [Easy NPC/]: [Debug Manager] Adjusting log level for Easy NPC from ALL to INFO, for performance reasons!
[21Dec2025 15:32:22.090] [modloading-worker-0/INFO] [Easy NPC/]: [Debug Manager] Add new logger config for Easy NPC with level INFO ...
[21Dec2025 15:32:22.091] [modloading-worker-0/INFO] [Easy NPC/]: 🗣 Register Easy NPC Constants ...
[21Dec2025 15:32:22.095] [modloading-worker-0/INFO] [Easy NPC/]: 🗣 Register Easy NPC Command Argument Types ...
[21Dec2025 15:32:22.095] [modloading-worker-0/INFO] [necronomicon/]: File exists, reading config for elocindev.animation_overhaul.config.AnimationsConfig.
[21Dec2025 15:32:22.096] [modloading-worker-0/INFO] [necronomicon/]: Config for elocindev.animation_overhaul.config.AnimationsConfig read successfully.
[21Dec2025 15:32:22.110] [modloading-worker-0/INFO] [necronomicon/]: File exists, reading config for elocindev.animation_overhaul.config.PlayerConfig.
[21Dec2025 15:32:22.110] [modloading-worker-0/INFO] [necronomicon/]: Config for elocindev.animation_overhaul.config.PlayerConfig read successfully.
[21Dec2025 15:32:22.111] [modloading-worker-0/INFO] [Easy NPC/]: 🗣 Register Easy NPC Entities Types ...
[21Dec2025 15:32:22.112] [modloading-worker-0/INFO] [animation_overhaul/]: Animation Overhaul's Config initialized
[21Dec2025 15:32:22.113] [modloading-worker-0/DEBUG] [net.minecraftforge.fml.javafmlmod.AutomaticEventSubscriber/LOADING]: Attempting to inject @EventBusSubscriber classes into the eventbus for animation_overhaul
[21Dec2025 15:32:22.123] [modloading-worker-0/INFO] [Easy NPC/]: 🗣 Register Easy NPC Blocks ...
[21Dec2025 15:32:22.129] [modloading-worker-0/INFO] [Easy NPC/]: 🗣 Register Easy NPC Blocks Entity Types ...
[21Dec2025 15:32:22.130] [modloading-worker-0/INFO] [Easy NPC/]: 🗣 Register Easy NPC Items ...
[21Dec2025 15:32:22.143] [modloading-worker-0/INFO] [Easy NPC/]: 🗣 Register Easy NPC Menu Handler ...
[21Dec2025 15:32:22.156] [modloading-worker-0/INFO] [Easy NPC/]: Registering Easy NPC common config ...
[21Dec2025 15:32:22.161] [modloading-worker-0/DEBUG] [net.minecraftforge.fml.config.ConfigTracker/CONFIG]: Config file easy_npc/easy_npc-common.toml for easy_npc tracking
[21Dec2025 15:32:22.162] [modloading-worker-0/INFO] [Easy NPC/]: 🗣 Register Easy NPC Menu Types ...
[21Dec2025 15:32:22.171] [modloading-worker-0/INFO] [Easy NPC/]: 🗣 Register Easy NPC Network Handler ...
[21Dec2025 15:32:22.174] [modloading-worker-0/DEBUG] [net.minecraftforge.fml.config.ConfigTracker/CONFIG]: Config file treechop-common.toml for treechop tracking
[21Dec2025 15:32:22.174] [modloading-worker-0/DEBUG] [net.minecraftforge.fml.config.ConfigTracker/CONFIG]: Config file treechop-client.toml for treechop tracking
[21Dec2025 15:32:22.174] [modloading-worker-0/INFO] [Easy NPC/]: 🗣 Register Easy NPC Client Network Message Handler ...
[21Dec2025 15:32:22.174] [modloading-worker-0/DEBUG] [net.minecraftforge.fml.javafmlmod.AutomaticEventSubscriber/LOADING]: Attempting to inject @EventBusSubscriber classes into the eventbus for easy_npc
[21Dec2025 15:32:22.177] [modloading-worker-0/DEBUG] [net.minecraftforge.fml.javafmlmod.AutomaticEventSubscriber/LOADING]: Auto-subscribing de.markusbordihn.easynpc.server.ServerEventHandler to FORGE
[21Dec2025 15:32:22.181] [modloading-worker-0/DEBUG] [net.minecraftforge.fml.javafmlmod.AutomaticEventSubscriber/LOADING]: Attempting to inject @EventBusSubscriber classes into the eventbus for geckolib
[21Dec2025 15:32:22.181] [modloading-worker-0/DEBUG] [net.minecraftforge.fml.javafmlmod.AutomaticEventSubscriber/LOADING]: Auto-subscribing software.bernie.example.GeckoLibMod to FORGE
[21Dec2025 15:32:22.182] [modloading-worker-0/DEBUG] [net.minecraftforge.fml.javafmlmod.AutomaticEventSubscriber/LOADING]: Auto-subscribing software.bernie.example.CommonListener to MOD
[21Dec2025 15:32:22.184] [modloading-worker-0/DEBUG] [net.minecraftforge.fml.javafmlmod.AutomaticEventSubscriber/LOADING]: Auto-subscribing de.markusbordihn.easynpc.network.NetworkHandler to FORGE
[21Dec2025 15:32:22.185] [modloading-worker-0/DEBUG] [net.minecraftforge.fml.javafmlmod.AutomaticEventSubscriber/LOADING]: Auto-subscribing de.markusbordihn.easynpc.entity.ModEntityType to MOD
[21Dec2025 15:32:22.189] [modloading-worker-0/DEBUG] [net.minecraftforge.fml.javafmlmod.AutomaticEventSubscriber/LOADING]: Auto-subscribing de.markusbordihn.easynpc.entity.LivingEntityEventHandler to FORGE
[21Dec2025 15:32:22.191] [modloading-worker-0/DEBUG] [net.minecraftforge.fml.javafmlmod.AutomaticEventSubscriber/LOADING]: Auto-subscribing de.markusbordihn.easynpc.config.CommonConfig to MOD
[21Dec2025 15:32:22.191] [modloading-worker-0/DEBUG] [net.minecraftforge.fml.javafmlmod.AutomaticEventSubscriber/LOADING]: Auto-subscribing de.markusbordihn.easynpc.config.ClientConfig to MOD
[21Dec2025 15:32:22.196] [modloading-worker-0/DEBUG] [net.minecraftforge.fml.javafmlmod.AutomaticEventSubscriber/LOADING]: Attempting to inject @EventBusSubscriber classes into the eventbus for treechop
[21Dec2025 15:32:22.196] [modloading-worker-0/DEBUG] [net.minecraftforge.fml.javafmlmod.AutomaticEventSubscriber/LOADING]: Auto-subscribing ht.treechop.server.ForgeServer to MOD
[21Dec2025 15:32:22.197] [modloading-worker-0/DEBUG] [net.minecraftforge.fml.javafmlmod.AutomaticEventSubscriber/LOADING]: Auto-subscribing ht.treechop.compat.TreeChopForgeAPITest to MOD
[21Dec2025 15:32:22.195] [modloading-worker-0/INFO] [Easy NPC/]: Registering Easy NPC client config ...
[21Dec2025 15:32:22.199] [modloading-worker-0/DEBUG] [net.minecraftforge.fml.ModLoadingContext/]: Attempted to register an empty config for type CLIENT on mod easy_npc using file name easy_npc/easy_npc-client.toml
[21Dec2025 15:32:22.199] [modloading-worker-0/DEBUG] [net.minecraftforge.fml.javafmlmod.AutomaticEventSubscriber/LOADING]: Auto-subscribing de.markusbordihn.easynpc.commands.CommandsEventHandler to FORGE
[21Dec2025 15:32:22.201] [modloading-worker-0/DEBUG] [net.minecraftforge.fml.javafmlmod.AutomaticEventSubscriber/LOADING]: Attempting to inject @EventBusSubscriber classes into the eventbus for playeranimator
[21Dec2025 15:32:22.204] [modloading-worker-0/DEBUG] [net.minecraftforge.fml.javafmlmod.AutomaticEventSubscriber/LOADING]: Auto-subscribing ht.treechop.compat.TheOneProbe to MOD
[21Dec2025 15:32:22.204] [modloading-worker-0/DEBUG] [net.minecraftforge.fml.javafmlmod.AutomaticEventSubscriber/LOADING]: Auto-subscribing ht.treechop.compat.SilentGear to MOD
[21Dec2025 15:32:22.205] [modloading-worker-0/DEBUG] [net.minecraftforge.fml.javafmlmod.AutomaticEventSubscriber/LOADING]: Auto-subscribing ht.treechop.compat.ProjectMMO to MOD
[21Dec2025 15:32:22.207] [modloading-worker-0/DEBUG] [net.minecraftforge.fml.javafmlmod.AutomaticEventSubscriber/LOADING]: Auto-subscribing ht.treechop.compat.NoChopRecursion to MOD
[21Dec2025 15:32:22.208] [modloading-worker-0/DEBUG] [net.minecraftforge.fml.config.ConfigTracker/CONFIG]: Config file jei-server.toml for jei tracking
[21Dec2025 15:32:22.210] [modloading-worker-0/DEBUG] [net.minecraftforge.fml.javafmlmod.AutomaticEventSubscriber/LOADING]: Auto-subscribing ht.treechop.compat.NoChopOnRightClick to MOD
[21Dec2025 15:32:22.211] [modloading-worker-0/DEBUG] [net.minecraftforge.fml.javafmlmod.AutomaticEventSubscriber/LOADING]: Auto-subscribing ht.treechop.compat.MultiMine to MOD
[21Dec2025 15:32:22.213] [modloading-worker-0/DEBUG] [net.minecraftforge.fml.javafmlmod.AutomaticEventSubscriber/LOADING]: Auto-subscribing ht.treechop.compat.CarryOn to MOD
[21Dec2025 15:32:22.214] [modloading-worker-0/DEBUG] [net.minecraftforge.fml.javafmlmod.AutomaticEventSubscriber/LOADING]: Attempting to inject @EventBusSubscriber classes into the eventbus for jei
[21Dec2025 15:32:22.213] [modloading-worker-0/DEBUG] [net.minecraftforge.fml.javafmlmod.AutomaticEventSubscriber/LOADING]: Auto-subscribing ht.treechop.compat.Apotheosis to MOD
[21Dec2025 15:32:22.216] [modloading-worker-0/DEBUG] [net.minecraftforge.fml.javafmlmod.AutomaticEventSubscriber/LOADING]: Auto-subscribing ht.treechop.common.ForgeCommon to FORGE
[21Dec2025 15:32:22.251] [modloading-worker-0/DEBUG] [mixin/]: Mixing accessor.CriteriaTriggersAccessor from yungsapi.mixins.json into net.minecraft.advancements.CriteriaTriggers
[21Dec2025 15:32:22.252] [modloading-worker-0/DEBUG] [mixin/]: Renaming @Accessor method getValues()Ljava/util/Map; to getValues_$md$6dd064$0 in yungsapi.mixins.json:accessor.CriteriaTriggersAccessor
[21Dec2025 15:32:22.252] [modloading-worker-0/DEBUG] [mixin/]: Mixing accessor.CriteriaTriggersAccessor from cataclysm.mixins.json into net.minecraft.advancements.CriteriaTriggers
[21Dec2025 15:32:22.252] [modloading-worker-0/DEBUG] [mixin/]: Renaming @Accessor method getValues()Ljava/util/Map; to getValues_$md$6dd064$1 in cataclysm.mixins.json:accessor.CriteriaTriggersAccessor
[21Dec2025 15:32:22.262] [modloading-worker-0/DEBUG] [net.minecraftforge.fml.config.ConfigTracker/CONFIG]: Config file beautify-server.toml for beautify tracking
[21Dec2025 15:32:22.268] [modloading-worker-0/DEBUG] [net.minecraftforge.fml.javafmlmod.AutomaticEventSubscriber/LOADING]: Attempting to inject @EventBusSubscriber classes into the eventbus for beautify
[21Dec2025 15:32:22.268] [modloading-worker-0/DEBUG] [net.minecraftforge.fml.javafmlmod.AutomaticEventSubscriber/LOADING]: Auto-subscribing com.github.Pandarix.beautify.event.ModEvents to FORGE
[21Dec2025 15:32:22.332] [modloading-worker-0/INFO] [com.jtorleonstudios.libraryferret.LibraryFerret/]: Initialize mod Library Ferret
[21Dec2025 15:32:22.354] [modloading-worker-0/DEBUG] [net.minecraftforge.fml.config.ConfigTracker/CONFIG]: Config file mowziesmobs-common.toml for mowziesmobs tracking
[21Dec2025 15:32:22.355] [modloading-worker-0/INFO] [com.jtorleonstudios.libraryferret.LibraryFerret/]: Initialized mod Library Ferret
[21Dec2025 15:32:22.359] [modloading-worker-0/DEBUG] [net.minecraftforge.fml.javafmlmod.AutomaticEventSubscriber/LOADING]: Attempting to inject @EventBusSubscriber classes into the eventbus for libraryferret
[21Dec2025 15:32:22.359] [modloading-worker-0/DEBUG] [net.minecraftforge.fml.javafmlmod.AutomaticEventSubscriber/LOADING]: Auto-subscribing com.jtorleonstudios.libraryferret.CommonEvent to FORGE
[21Dec2025 15:32:22.373] [modloading-worker-0/DEBUG] [mixin/]: Mixing ReloadableServerResourcesMixin from balm.mixins.json into net.minecraft.server.ReloadableServerResources
[21Dec2025 15:32:22.374] [modloading-worker-0/DEBUG] [mixin/]: Renaming synthetic method lambda$loadResources$0(Lnet/minecraft/server/ReloadableServerResources;)V to md6dd064$lambda$loadResources$0$0 in balm.mixins.json:ReloadableServerResourcesMixin
[21Dec2025 15:32:22.379] [modloading-worker-0/DEBUG] [net.minecraftforge.fml.javafmlmod.AutomaticEventSubscriber/LOADING]: Attempting to inject @EventBusSubscriber classes into the eventbus for goblintraders
[21Dec2025 15:32:22.439] [modloading-worker-0/DEBUG] [net.minecraftforge.fml.config.ConfigTracker/CONFIG]: Config file slashblade-common.toml for slashblade tracking
[21Dec2025 15:32:22.440] [modloading-worker-0/DEBUG] [net.minecraftforge.fml.javafmlmod.AutomaticEventSubscriber/LOADING]: Attempting to inject @EventBusSubscriber classes into the eventbus for slashblade
[21Dec2025 15:32:22.441] [modloading-worker-0/DEBUG] [net.minecraftforge.fml.javafmlmod.AutomaticEventSubscriber/LOADING]: Auto-subscribing mods.flammpfeil.slashblade.registry.specialeffects.WitherEdge to FORGE
[21Dec2025 15:32:22.445] [modloading-worker-0/DEBUG] [net.minecraftforge.fml.javafmlmod.AutomaticEventSubscriber/LOADING]: Attempting to inject @EventBusSubscriber classes into the eventbus for mowziesmobs
[21Dec2025 15:32:22.445] [modloading-worker-0/DEBUG] [net.minecraftforge.fml.javafmlmod.AutomaticEventSubscriber/LOADING]: Auto-subscribing com.bobmowzie.mowziesmobs.server.sound.MMSounds to FORGE
[21Dec2025 15:32:22.445] [modloading-worker-0/DEBUG] [net.minecraftforge.fml.javafmlmod.AutomaticEventSubscriber/LOADING]: Auto-subscribing com.bobmowzie.mowziesmobs.server.inventory.ContainerHandler to MOD
[21Dec2025 15:32:22.445] [modloading-worker-0/DEBUG] [net.minecraftforge.fml.javafmlmod.AutomaticEventSubscriber/LOADING]: Auto-subscribing com.bobmowzie.mowziesmobs.server.entity.EntityHandler to MOD
[21Dec2025 15:32:22.445] [modloading-worker-0/DEBUG] [net.minecraftforge.fml.javafmlmod.AutomaticEventSubscriber/LOADING]: Auto-subscribing com.bobmowzie.mowziesmobs.server.config.ConfigHandler to MOD
[21Dec2025 15:32:22.446] [modloading-worker-0/DEBUG] [net.minecraftforge.fml.javafmlmod.AutomaticEventSubscriber/LOADING]: Auto-subscribing com.bobmowzie.mowziesmobs.MowziesMobs to FORGE
[21Dec2025 15:32:22.446] [modloading-worker-0/DEBUG] [net.minecraftforge.fml.javafmlmod.AutomaticEventSubscriber/LOADING]: Auto-subscribing com.bobmowzie.mowziesmobs.datagen.DataGenerators to MOD
[21Dec2025 15:32:22.447] [modloading-worker-0/DEBUG] [mixin/]: Mixing MixinCaelusApi from caelus.mixins.json into top.theillusivec4.caelus.api.CaelusApi
[21Dec2025 15:32:22.447] [modloading-worker-0/DEBUG] [net.minecraftforge.fml.javafmlmod.AutomaticEventSubscriber/LOADING]: Auto-subscribing mods.flammpfeil.slashblade.event.drop.EntityDropEvent to FORGE
[21Dec2025 15:32:22.453] [modloading-worker-0/DEBUG] [net.minecraftforge.fml.javafmlmod.AutomaticEventSubscriber/LOADING]: Auto-subscribing mods.flammpfeil.slashblade.event.bladestand.BlandStandEventHandler to FORGE
[21Dec2025 15:32:22.454] [modloading-worker-0/DEBUG] [net.minecraftforge.fml.javafmlmod.AutomaticEventSubscriber/LOADING]: Attempting to inject @EventBusSubscriber classes into the eventbus for caelus
[21Dec2025 15:32:22.460] [modloading-worker-0/DEBUG] [net.minecraftforge.fml.javafmlmod.AutomaticEventSubscriber/LOADING]: Auto-subscribing mods.flammpfeil.slashblade.event.RegistryHandler to MOD
[21Dec2025 15:32:22.467] [modloading-worker-0/DEBUG] [net.minecraftforge.fml.javafmlmod.AutomaticEventSubscriber/LOADING]: Auto-subscribing mods.flammpfeil.slashblade.event.EntitySpawnEventHandler to FORGE
[21Dec2025 15:32:22.470] [modloading-worker-0/DEBUG] [net.minecraftforge.fml.javafmlmod.AutomaticEventSubscriber/LOADING]: Auto-subscribing mods.flammpfeil.slashblade.data.DataGen to MOD
[21Dec2025 15:32:22.471] [modloading-worker-0/DEBUG] [net.minecraftforge.fml.javafmlmod.AutomaticEventSubscriber/LOADING]: Auto-subscribing mods.flammpfeil.slashblade.SlashBlade$RegistryEvents to MOD
[21Dec2025 15:32:22.505] [modloading-worker-0/ERROR] [net.minecraftforge.eventbus.EventSubclassTransformer/EVENTBUS]: Could not find parent net/minecraft/client/renderer/entity/layers/RenderLayer for class com/obscuria/obscureapi/client/renderer/PatreonLayer in classloader cpw.mods.modlauncher.TransformingClassLoader@259b85d6 on thread Thread[modloading-worker-0,5,main]
[21Dec2025 15:32:22.506] [modloading-worker-0/ERROR] [net.minecraftforge.eventbus.EventSubclassTransformer/EVENTBUS]: An error occurred building event handler
java.lang.ClassNotFoundException: net.minecraft.client.renderer.entity.layers.RenderLayer
	at cpw.mods.cl.ModuleClassLoader.loadClass(ModuleClassLoader.java:141) ~[securejarhandler-2.1.10.jar:?]
	at java.lang.ClassLoader.loadClass(ClassLoader.java:525) ~[?:?]
	at net.minecraftforge.eventbus.EventSubclassTransformer.buildEvents(EventSubclassTransformer.java:97) ~[eventbus-6.0.5.jar%2352!/:?]
	at net.minecraftforge.eventbus.EventSubclassTransformer.transform(EventSubclassTransformer.java:48) ~[eventbus-6.0.5.jar%2352!/:?]
	at net.minecraftforge.eventbus.EventBusEngine.processClass(EventBusEngine.java:26) ~[eventbus-6.0.5.jar%2352!/:?]
	at net.minecraftforge.eventbus.service.ModLauncherService.processClassWithFlags(ModLauncherService.java:32) ~[eventbus-6.0.5.jar%2352!/:6.0.5+6.0.5+master.eb8e549b]
	at cpw.mods.modlauncher.LaunchPluginHandler.offerClassNodeToPlugins(LaunchPluginHandler.java:88) ~[modlauncher-10.0.9.jar%2355!/:?]
	at cpw.mods.modlauncher.ClassTransformer.transform(ClassTransformer.java:120) ~[modlauncher-10.0.9.jar%2355!/:?]
	at cpw.mods.modlauncher.TransformingClassLoader.maybeTransformClassBytes(TransformingClassLoader.java:50) ~[modlauncher-10.0.9.jar%2355!/:?]
	at cpw.mods.cl.ModuleClassLoader.readerToClass(ModuleClassLoader.java:113) ~[securejarhandler-2.1.10.jar:?]
	at cpw.mods.cl.ModuleClassLoader.lambda$findClass$15(ModuleClassLoader.java:219) ~[securejarhandler-2.1.10.jar:?]
	at cpw.mods.cl.ModuleClassLoader.loadFromModule(ModuleClassLoader.java:229) ~[securejarhandler-2.1.10.jar:?]
	at cpw.mods.cl.ModuleClassLoader.findClass(ModuleClassLoader.java:219) ~[securejarhandler-2.1.10.jar:?]
	at cpw.mods.cl.ModuleClassLoader.loadClass(ModuleClassLoader.java:135) ~[securejarhandler-2.1.10.jar:?]
	at java.lang.ClassLoader.loadClass(ClassLoader.java:525) ~[?:?]
	at java.lang.ClassLoader.defineClass0(Native Method) ~[?:?]
	at java.lang.System$2.defineClass(System.java:2324) ~[?:?]
	at java.lang.invoke.MethodHandles$Lookup$ClassDefiner.defineClass(MethodHandles.java:2439) ~[?:?]
	at java.lang.invoke.MethodHandles$Lookup$ClassDefiner.defineClassAsLookup(MethodHandles.java:2420) ~[?:?]
	at java.lang.invoke.MethodHandles$Lookup.defineHiddenClass(MethodHandles.java:2127) ~[?:?]
	at java.lang.invoke.InnerClassLambdaMetafactory.generateInnerClass(InnerClassLambdaMetafactory.java:407) ~[?:?]
	at java.lang.invoke.InnerClassLambdaMetafactory.spinInnerClass(InnerClassLambdaMetafactory.java:315) ~[?:?]
	at java.lang.invoke.InnerClassLambdaMetafactory.buildCallSite(InnerClassLambdaMetafactory.java:228) ~[?:?]
	at java.lang.invoke.LambdaMetafactory.metafactory(LambdaMetafactory.java:341) ~[?:?]
	at java.lang.invoke.BootstrapMethodInvoker.invoke(BootstrapMethodInvoker.java:134) ~[?:?]
	at java.lang.invoke.CallSite.makeSite(CallSite.java:315) ~[?:?]
	at java.lang.invoke.MethodHandleNatives.linkCallSiteImpl(MethodHandleNatives.java:281) ~[?:?]
	at java.lang.invoke.MethodHandleNatives.linkCallSite(MethodHandleNatives.java:271) ~[?:?]
	at com.obscuria.obscureapi.client.renderer.PatreonLayer$Mode.<clinit>(PatreonLayer.java:55) ~[obscure_api-15.jar%23226!/:com.obscuria]
	at com.obscuria.obscureapi.ObscureAPIConfig$Client.<clinit>(ObscureAPIConfig.java:28) ~[obscure_api-15.jar%23226!/:com.obscuria]
	at com.obscuria.obscureapi.ObscureAPIConfig.register(ObscureAPIConfig.java:46) ~[obscure_api-15.jar%23226!/:com.obscuria]
	at com.obscuria.obscureapi.ObscureAPI.<init>(ObscureAPI.java:69) ~[obscure_api-15.jar%23226!/:com.obscuria]
	at jdk.internal.reflect.NativeConstructorAccessorImpl.newInstance0(Native Method) ~[?:?]
	at jdk.internal.reflect.NativeConstructorAccessorImpl.newInstance(NativeConstructorAccessorImpl.java:77) ~[?:?]
	at jdk.internal.reflect.DelegatingConstructorAccessorImpl.newInstance(DelegatingConstructorAccessorImpl.java:45) ~[?:?]
	at java.lang.reflect.Constructor.newInstanceWithCaller(Constructor.java:500) ~[?:?]
	at java.lang.reflect.Constructor.newInstance(Constructor.java:481) ~[?:?]
	at net.minecraftforge.fml.javafmlmod.FMLModContainer.constructMod(FMLModContainer.java:70) ~[javafmllanguage-1.20.1-47.3.7.jar%23255!/:?]
	at net.minecraftforge.fml.ModContainer.lambda$buildTransitionHandler$4(ModContainer.java:124) ~[fmlcore-1.20.1-47.3.7.jar%23254!/:?]
	at java.util.concurrent.CompletableFuture$AsyncRun.run(CompletableFuture.java:1804) ~[?:?]
	at java.util.concurrent.CompletableFuture$AsyncRun.exec(CompletableFuture.java:1796) ~[?:?]
	at java.util.concurrent.ForkJoinTask.doExec(ForkJoinTask.java:373) ~[?:?]
	at java.util.concurrent.ForkJoinPool$WorkQueue.topLevelExec(ForkJoinPool.java:1182) ~[?:?]
	at java.util.concurrent.ForkJoinPool.scan(ForkJoinPool.java:1655) ~[?:?]
	at java.util.concurrent.ForkJoinPool.runWorker(ForkJoinPool.java:1622) ~[?:?]
	at java.util.concurrent.ForkJoinWorkerThread.run(ForkJoinWorkerThread.java:165) ~[?:?]
[21Dec2025 15:32:22.510] [modloading-worker-0/ERROR] [net.minecraftforge.fml.loading.RuntimeDistCleaner/DISTXFORM]: Attempted to load class com/obscuria/obscureapi/client/renderer/PatreonLayer for invalid dist DEDICATED_SERVER
[21Dec2025 15:32:22.514] [modloading-worker-0/DEBUG] [net.minecraftforge.fml.config.ConfigTracker/CONFIG]: Config file Obscuria/obscure-api-client.toml for obscure_api tracking
[21Dec2025 15:32:22.556] [modloading-worker-0/INFO] [graveyard/]: Registered JSON trade offer adapter.
[21Dec2025 15:32:22.559] [modloading-worker-0/DEBUG] [net.minecraftforge.fml.javafmlmod.AutomaticEventSubscriber/LOADING]: Attempting to inject @EventBusSubscriber classes into the eventbus for obscure_api
[21Dec2025 15:32:22.561] [modloading-worker-0/DEBUG] [net.minecraftforge.fml.javafmlmod.AutomaticEventSubscriber/LOADING]: Auto-subscribing com.obscuria.obscureapi.registry.ObscureAPICommands to FORGE
[21Dec2025 15:32:22.568] [modloading-worker-0/DEBUG] [net.minecraftforge.fml.javafmlmod.AutomaticEventSubscriber/LOADING]: Attempting to inject @EventBusSubscriber classes into the eventbus for graveyard
[21Dec2025 15:32:22.568] [modloading-worker-0/DEBUG] [net.minecraftforge.fml.javafmlmod.AutomaticEventSubscriber/LOADING]: Auto-subscribing com.lion.graveyard.platform.forge.HordeSpawner to FORGE
[21Dec2025 15:32:22.569] [modloading-worker-0/DEBUG] [mixin/]: Mixing MixinLevelEvent from architectury.mixins.json into net.minecraftforge.event.level.LevelEvent
[21Dec2025 15:32:22.573] [modloading-worker-0/DEBUG] [net.minecraftforge.fml.javafmlmod.AutomaticEventSubscriber/LOADING]: Auto-subscribing com.obscuria.obscureapi.network.ReloadMessage to MOD
[21Dec2025 15:32:22.574] [modloading-worker-0/DEBUG] [net.minecraftforge.fml.javafmlmod.AutomaticEventSubscriber/LOADING]: Auto-subscribing com.obscuria.obscureapi.network.PlayerDataCapability to MOD
[21Dec2025 15:32:22.585] [modloading-worker-0/DEBUG] [net.minecraftforge.fml.javafmlmod.AutomaticEventSubscriber/LOADING]: Auto-subscribing com.obscuria.obscureapi.network.PlayerDataCapability$PlayerDataProvider to FORGE
[21Dec2025 15:32:22.586] [modloading-worker-0/DEBUG] [net.minecraftforge.fml.javafmlmod.AutomaticEventSubscriber/LOADING]: Auto-subscribing com.obscuria.obscureapi.network.PlayerDataCapability$EventBusHandlers to FORGE
[21Dec2025 15:32:22.591] [modloading-worker-0/DEBUG] [net.minecraftforge.fml.javafmlmod.AutomaticEventSubscriber/LOADING]: Auto-subscribing com.obscuria.obscureapi.network.AnimationStopMessage to MOD
[21Dec2025 15:32:22.592] [modloading-worker-0/DEBUG] [net.minecraftforge.fml.config.ConfigTracker/CONFIG]: Config file sophisticatedcore-common.toml for sophisticatedcore tracking
[21Dec2025 15:32:22.594] [modloading-worker-0/DEBUG] [net.minecraftforge.fml.config.ConfigTracker/CONFIG]: Config file sophisticatedcore-client.toml for sophisticatedcore tracking
[21Dec2025 15:32:22.595] [modloading-worker-0/DEBUG] [net.minecraftforge.fml.javafmlmod.AutomaticEventSubscriber/LOADING]: Auto-subscribing com.obscuria.obscureapi.network.AnimationPlayMessage to MOD
[21Dec2025 15:32:22.617] [modloading-worker-0/DEBUG] [mixin/]: Mixing PlayerListMixin from balm.mixins.json into net.minecraft.server.players.PlayerList
[21Dec2025 15:32:22.621] [modloading-worker-0/DEBUG] [net.minecraftforge.fml.javafmlmod.AutomaticEventSubscriber/LOADING]: Attempting to inject @EventBusSubscriber classes into the eventbus for mcwwindows
[21Dec2025 15:32:22.624] [modloading-worker-0/DEBUG] [net.minecraftforge.fml.javafmlmod.AutomaticEventSubscriber/LOADING]: Auto-subscribing com.mcwwindows.kikoz.MacawsWindows to MOD
[21Dec2025 15:32:22.624] [modloading-worker-0/DEBUG] [mixin/]: Mixing accessor.RecipeManagerAccessor from farmersdelight.mixins.json into net.minecraft.world.item.crafting.RecipeManager
[21Dec2025 15:32:22.632] [modloading-worker-0/DEBUG] [net.minecraftforge.fml.javafmlmod.AutomaticEventSubscriber/LOADING]: Attempting to inject @EventBusSubscriber classes into the eventbus for sophisticatedcore
[21Dec2025 15:32:22.636] [modloading-worker-0/DEBUG] [net.minecraftforge.fml.config.ConfigTracker/CONFIG]: Config file journeymap-server.toml for journeymap tracking
[21Dec2025 15:32:22.637] [modloading-worker-0/DEBUG] [net.minecraftforge.fml.javafmlmod.AutomaticEventSubscriber/LOADING]: Attempting to inject @EventBusSubscriber classes into the eventbus for journeymap
[21Dec2025 15:32:22.641] [modloading-worker-0/DEBUG] [net.minecraftforge.fml.javafmlmod.AutomaticEventSubscriber/LOADING]: Auto-subscribing journeymap.common.config.forge.ForgeConfig to MOD
[21Dec2025 15:32:22.642] [modloading-worker-0/DEBUG] [net.minecraftforge.fml.javafmlmod.AutomaticEventSubscriber/LOADING]: Auto-subscribing journeymap.common.Journeymap to FORGE
[21Dec2025 15:32:22.652] [modloading-worker-0/DEBUG] [net.minecraftforge.fml.config.ConfigTracker/CONFIG]: Config file citadel-common.toml for citadel tracking
[21Dec2025 15:32:22.652] [modloading-worker-0/DEBUG] [net.minecraftforge.fml.config.ConfigTracker/CONFIG]: Config file naturescompass-common.toml for naturescompass tracking
[21Dec2025 15:32:22.653] [modloading-worker-0/DEBUG] [net.minecraftforge.fml.config.ConfigTracker/CONFIG]: Config file naturescompass-client.toml for naturescompass tracking
[21Dec2025 15:32:22.655] [modloading-worker-0/DEBUG] [net.minecraftforge.fml.javafmlmod.AutomaticEventSubscriber/LOADING]: Attempting to inject @EventBusSubscriber classes into the eventbus for naturescompass
[21Dec2025 15:32:22.655] [modloading-worker-0/DEBUG] [net.minecraftforge.fml.javafmlmod.AutomaticEventSubscriber/LOADING]: Auto-subscribing com.chaosthedude.naturescompass.registry.NaturesCompassRegistry to MOD
[21Dec2025 15:32:22.669] [modloading-worker-0/DEBUG] [net.minecraftforge.fml.javafmlmod.AutomaticEventSubscriber/LOADING]: Attempting to inject @EventBusSubscriber classes into the eventbus for citadel
[21Dec2025 15:32:22.669] [modloading-worker-0/DEBUG] [net.minecraftforge.fml.javafmlmod.AutomaticEventSubscriber/LOADING]: Auto-subscribing com.github.alexthe666.citadel.ServerProxy to MOD
[21Dec2025 15:32:22.717] [modloading-worker-0/DEBUG] [net.minecraftforge.fml.javafmlmod.AutomaticEventSubscriber/LOADING]: Attempting to inject @EventBusSubscriber classes into the eventbus for stalwart_dungeons
[21Dec2025 15:32:22.719] [modloading-worker-0/DEBUG] [net.minecraftforge.fml.javafmlmod.AutomaticEventSubscriber/LOADING]: Auto-subscribing net.mcreator.stalwartdungeons.procedures.ShulkerCannonShootProcedure to FORGE
[21Dec2025 15:32:22.721] [modloading-worker-0/DEBUG] [net.minecraftforge.fml.javafmlmod.AutomaticEventSubscriber/LOADING]: Auto-subscribing net.mcreator.stalwartdungeons.procedures.SdShieldPrProcedure to FORGE
[21Dec2025 15:32:22.727] [modloading-worker-0/DEBUG] [net.minecraftforge.fml.javafmlmod.AutomaticEventSubscriber/LOADING]: Auto-subscribing net.mcreator.stalwartdungeons.init.StalwartDungeonsModTabs to MOD
[21Dec2025 15:32:22.727] [modloading-worker-0/DEBUG] [net.minecraftforge.fml.javafmlmod.AutomaticEventSubscriber/LOADING]: Auto-subscribing net.mcreator.stalwartdungeons.init.StalwartDungeonsModFeatures to FORGE
[21Dec2025 15:32:22.727] [modloading-worker-0/DEBUG] [net.minecraftforge.fml.javafmlmod.AutomaticEventSubscriber/LOADING]: Auto-subscribing net.mcreator.stalwartdungeons.init.StalwartDungeonsModEntities to MOD
[21Dec2025 15:32:22.729] [modloading-worker-0/DEBUG] [net.minecraftforge.fml.javafmlmod.AutomaticEventSubscriber/LOADING]: Attempting to inject @EventBusSubscriber classes into the eventbus for mixinextras
[21Dec2025 15:32:22.739] [modloading-worker-0/DEBUG] [ribbits/]: Loaded com.yungnickyoung.minecraft.ribbits.services.ForgePlatformHelper@34780a1b for service interface com.yungnickyoung.minecraft.ribbits.services.IPlatformHelper
[21Dec2025 15:32:22.740] [modloading-worker-0/DEBUG] [ribbits/]: Loaded com.yungnickyoung.minecraft.ribbits.services.ForgeModulesLoader@3582fb3a for service interface com.yungnickyoung.minecraft.ribbits.services.IModulesLoader
[21Dec2025 15:32:22.742] [modloading-worker-0/DEBUG] [ribbits/]: Loaded com.yungnickyoung.minecraft.ribbits.services.ForgeSupporterHelper@4cd257bb for service interface com.yungnickyoung.minecraft.ribbits.services.ISupporterHelper
[21Dec2025 15:32:22.763] [modloading-worker-0/DEBUG] [net.minecraftforge.fml.config.ConfigTracker/CONFIG]: Config file waystones-common.toml for waystones tracking
[21Dec2025 15:32:22.785] [modloading-worker-0/INFO] [dev.architectury.networking.forge.NetworkManagerImpl/]: Registering C2S receiver with id architectury:sync_ids
[21Dec2025 15:32:22.786] [modloading-worker-0/INFO] [dev.architectury.networking.forge.NetworkManagerImpl/]: Registering C2S receiver with id artifacts:networking_channel/42a7ad70b1cc371599a0eff744096b8a
[21Dec2025 15:32:22.789] [modloading-worker-0/INFO] [dev.architectury.networking.forge.NetworkManagerImpl/]: Registering C2S receiver with id artifacts:networking_channel/74a5e841822a3a87854ae896a33430d6
[21Dec2025 15:32:22.791] [modloading-worker-0/INFO] [dev.architectury.networking.forge.NetworkManagerImpl/]: Registering C2S receiver with id artifacts:networking_channel/eb3d1e2748533430848cadf0f37c7e9c
[21Dec2025 15:32:22.793] [modloading-worker-0/INFO] [dev.architectury.networking.forge.NetworkManagerImpl/]: Registering C2S receiver with id artifacts:networking_channel/91c8520f19f93b3e8b6a727568e194ab
[21Dec2025 15:32:22.794] [modloading-worker-0/INFO] [dev.architectury.networking.forge.NetworkManagerImpl/]: Registering C2S receiver with id artifacts:networking_channel/8c2784d778293fd482ed84b8aa5fedb9
[21Dec2025 15:32:22.795] [modloading-worker-0/INFO] [dev.architectury.networking.forge.NetworkManagerImpl/]: Registering C2S receiver with id artifacts:networking_channel/ea038224ea783d40b2863f52239e2604
[21Dec2025 15:32:22.797] [modloading-worker-0/INFO] [dev.architectury.networking.forge.NetworkManagerImpl/]: Registering C2S receiver with id artifacts:networking_channel/97ad64b7ecaf33209991c4f031501a58
[21Dec2025 15:32:22.822] [modloading-worker-0/DEBUG] [net.minecraftforge.fml.javafmlmod.AutomaticEventSubscriber/LOADING]: Attempting to inject @EventBusSubscriber classes into the eventbus for yungsapi
[21Dec2025 15:32:22.838] [modloading-worker-0/DEBUG] [mixin/]: Mixing item.wearable.WearableArtifactItemMixin from mixins.artifacts.forge.json into artifacts.item.wearable.WearableArtifactItem
[21Dec2025 15:32:22.850] [modloading-worker-0/DEBUG] [mixin/]: Mixing item.umbrella.UmbrellaItemMixin from mixins.artifacts.forge.json into artifacts.item.UmbrellaItem
[21Dec2025 15:32:22.887] [modloading-worker-0/DEBUG] [net.minecraftforge.fml.javafmlmod.AutomaticEventSubscriber/LOADING]: Attempting to inject @EventBusSubscriber classes into the eventbus for waystones
[21Dec2025 15:32:22.945] [modloading-worker-0/DEBUG] [net.minecraftforge.fml.config.ConfigTracker/CONFIG]: Config file sophisticatedbackpacks-server.toml for sophisticatedbackpacks tracking
[21Dec2025 15:32:22.945] [modloading-worker-0/DEBUG] [net.minecraftforge.fml.config.ConfigTracker/CONFIG]: Config file sophisticatedbackpacks-common.toml for sophisticatedbackpacks tracking
[21Dec2025 15:32:22.953] [modloading-worker-0/DEBUG] [net.minecraftforge.fml.javafmlmod.AutomaticEventSubscriber/LOADING]: Attempting to inject @EventBusSubscriber classes into the eventbus for call_of_yucutan
[21Dec2025 15:32:22.954] [modloading-worker-0/DEBUG] [net.minecraftforge.fml.javafmlmod.AutomaticEventSubscriber/LOADING]: Auto-subscribing net.mcreator.callofyucutan.procedures.SentientVineItemInHandTickProcedure to FORGE
[21Dec2025 15:32:22.960] [modloading-worker-0/DEBUG] [net.minecraftforge.fml.javafmlmod.AutomaticEventSubscriber/LOADING]: Auto-subscribing net.mcreator.callofyucutan.procedures.ObsidianArrowHurtEntityProcedure to FORGE
[21Dec2025 15:32:22.961] [modloading-worker-0/DEBUG] [net.minecraftforge.fml.javafmlmod.AutomaticEventSubscriber/LOADING]: Auto-subscribing net.mcreator.callofyucutan.procedures.KillVillagerProcProcedure to FORGE
[21Dec2025 15:32:22.965] [modloading-worker-0/DEBUG] [net.minecraftforge.fml.javafmlmod.AutomaticEventSubscriber/LOADING]: Auto-subscribing net.mcreator.callofyucutan.procedures.IsUsingWandProcedure to FORGE
[21Dec2025 15:32:22.967] [modloading-worker-0/DEBUG] [net.minecraftforge.fml.javafmlmod.AutomaticEventSubscriber/LOADING]: Auto-subscribing net.mcreator.callofyucutan.procedures.GoldenGuardSummonProcedure to FORGE
[21Dec2025 15:32:22.968] [modloading-worker-0/DEBUG] [net.minecraftforge.fml.javafmlmod.AutomaticEventSubscriber/LOADING]: Auto-subscribing net.mcreator.callofyucutan.procedures.GameruleVariableProcedure to FORGE
[21Dec2025 15:32:22.971] [modloading-worker-0/DEBUG] [net.minecraftforge.fml.javafmlmod.AutomaticEventSubscriber/LOADING]: Attempting to inject @EventBusSubscriber classes into the eventbus for artifacts
[21Dec2025 15:32:22.972] [modloading-worker-0/DEBUG] [net.minecraftforge.fml.javafmlmod.AutomaticEventSubscriber/LOADING]: Auto-subscribing net.mcreator.callofyucutan.procedures.EntityIsHurtProcedure to FORGE
[21Dec2025 15:32:22.974] [modloading-worker-0/DEBUG] [net.minecraftforge.fml.javafmlmod.AutomaticEventSubscriber/LOADING]: Auto-subscribing net.mcreator.callofyucutan.procedures.ChaacSummonProcedure to FORGE
[21Dec2025 15:32:22.974] [modloading-worker-0/DEBUG] [net.minecraftforge.fml.javafmlmod.AutomaticEventSubscriber/LOADING]: Auto-subscribing net.mcreator.callofyucutan.procedures.AttributeModifiers to FORGE
[21Dec2025 15:32:22.979] [modloading-worker-0/DEBUG] [net.minecraftforge.fml.javafmlmod.AutomaticEventSubscriber/LOADING]: Auto-subscribing net.mcreator.callofyucutan.network.ChaacSprintMessage to MOD
[21Dec2025 15:32:22.983] [modloading-worker-0/DEBUG] [net.minecraftforge.fml.javafmlmod.AutomaticEventSubscriber/LOADING]: Auto-subscribing net.mcreator.callofyucutan.network.CallOfYucutanModVariables to MOD
[21Dec2025 15:32:22.984] [modloading-worker-0/DEBUG] [net.minecraftforge.fml.javafmlmod.AutomaticEventSubscriber/LOADING]: Auto-subscribing net.mcreator.callofyucutan.network.CallOfYucutanModVariables$PlayerVariablesProvider to FORGE
[21Dec2025 15:32:22.985] [modloading-worker-0/DEBUG] [net.minecraftforge.fml.javafmlmod.AutomaticEventSubscriber/LOADING]: Auto-subscribing net.mcreator.callofyucutan.network.CallOfYucutanModVariables$EventBusVariableHandlers to FORGE
[21Dec2025 15:32:22.993] [modloading-worker-0/DEBUG] [net.minecraftforge.fml.javafmlmod.AutomaticEventSubscriber/LOADING]: Auto-subscribing net.mcreator.callofyucutan.init.CallOfYucutanModRecipeTypes to MOD
[21Dec2025 15:32:22.993] [modloading-worker-0/DEBUG] [net.minecraftforge.fml.javafmlmod.AutomaticEventSubscriber/LOADING]: Auto-subscribing net.mcreator.callofyucutan.init.CallOfYucutanModLootModifier to MOD
[21Dec2025 15:32:22.999] [modloading-worker-0/DEBUG] [net.minecraftforge.fml.javafmlmod.AutomaticEventSubscriber/LOADING]: Auto-subscribing net.mcreator.callofyucutan.init.CallOfYucutanModEntities to MOD
[21Dec2025 15:32:23.000] [modloading-worker-0/DEBUG] [net.minecraftforge.fml.javafmlmod.AutomaticEventSubscriber/LOADING]: Auto-subscribing net.mcreator.callofyucutan.Macuathuil to MOD
[21Dec2025 15:32:23.001] [modloading-worker-0/DEBUG] [net.minecraftforge.fml.javafmlmod.AutomaticEventSubscriber/LOADING]: Auto-subscribing net.mcreator.callofyucutan.Macuathuil$ForgeBusEvents to FORGE
[21Dec2025 15:32:23.011] [modloading-worker-0/DEBUG] [net.minecraftforge.fml.config.ConfigTracker/CONFIG]: Config file explorerscompass-common.toml for explorerscompass tracking
[21Dec2025 15:32:23.011] [modloading-worker-0/DEBUG] [net.minecraftforge.fml.config.ConfigTracker/CONFIG]: Config file explorerscompass-client.toml for explorerscompass tracking
[21Dec2025 15:32:23.011] [modloading-worker-0/DEBUG] [net.minecraftforge.fml.javafmlmod.AutomaticEventSubscriber/LOADING]: Attempting to inject @EventBusSubscriber classes into the eventbus for explorerscompass
[21Dec2025 15:32:23.011] [modloading-worker-0/DEBUG] [net.minecraftforge.fml.javafmlmod.AutomaticEventSubscriber/LOADING]: Auto-subscribing com.chaosthedude.explorerscompass.registry.ExplorersCompassRegistry to MOD
[21Dec2025 15:32:23.023] [modloading-worker-0/DEBUG] [net.minecraftforge.fml.config.ConfigTracker/CONFIG]: Config file balm-common.toml for balm tracking
[21Dec2025 15:32:23.029] [modloading-worker-0/DEBUG] [net.minecraftforge.fml.javafmlmod.AutomaticEventSubscriber/LOADING]: Attempting to inject @EventBusSubscriber classes into the eventbus for balm
[21Dec2025 15:32:23.037] [modloading-worker-0/DEBUG] [net.minecraftforge.fml.config.ConfigTracker/CONFIG]: Config file jeresources-common.toml for jeresources tracking
[21Dec2025 15:32:23.039] [modloading-worker-0/DEBUG] [jeresources/]: Loaded jeresources.forge.ForgePlatformHelper@53564759 for service interface jeresources.platform.IPlatformHelper
[21Dec2025 15:32:23.039] [modloading-worker-0/DEBUG] [jeresources/]: Loading config file /workspaces/terradirma/servidor_minecraft/config/jeresources.toml
[21Dec2025 15:32:23.041] [modloading-worker-0/DEBUG] [jeresources/]: Built TOML config for /workspaces/terradirma/servidor_minecraft/config/jeresources.toml
[21Dec2025 15:32:23.044] [modloading-worker-0/DEBUG] [jeresources/]: Loaded TOML config file /workspaces/terradirma/servidor_minecraft/config/jeresources.toml
[21Dec2025 15:32:23.071] [modloading-worker-0/DEBUG] [net.minecraftforge.fml.javafmlmod.AutomaticEventSubscriber/LOADING]: Attempting to inject @EventBusSubscriber classes into the eventbus for jeresources
[21Dec2025 15:32:23.074] [modloading-worker-0/INFO] [coroutil/]: forge loader environment detected
[21Dec2025 15:32:23.087] [modloading-worker-0/DEBUG] [net.minecraftforge.fml.javafmlmod.AutomaticEventSubscriber/LOADING]: Attempting to inject @EventBusSubscriber classes into the eventbus for relics
[21Dec2025 15:32:23.087] [modloading-worker-0/DEBUG] [net.minecraftforge.fml.javafmlmod.AutomaticEventSubscriber/LOADING]: Auto-subscribing it.hurts.sskirillss.relics.network.NetworkHandler to MOD
[21Dec2025 15:32:23.087] [modloading-worker-0/DEBUG] [net.minecraftforge.fml.config.ConfigTracker/CONFIG]: Config file watut-common.toml for watut tracking
[21Dec2025 15:32:23.087] [modloading-worker-0/DEBUG] [net.minecraftforge.fml.javafmlmod.AutomaticEventSubscriber/LOADING]: Auto-subscribing it.hurts.sskirillss.relics.items.relics.ring.ChorusInhibitorItem$Events to FORGE
[21Dec2025 15:32:23.090] [modloading-worker-0/DEBUG] [net.minecraftforge.fml.javafmlmod.AutomaticEventSubscriber/LOADING]: Auto-subscribing it.hurts.sskirillss.relics.items.relics.ring.BastionRingItem$Events to FORGE
[21Dec2025 15:32:23.091] [modloading-worker-0/DEBUG] [net.minecraftforge.fml.javafmlmod.AutomaticEventSubscriber/LOADING]: Auto-subscribing it.hurts.sskirillss.relics.items.relics.necklace.ReflectionNecklaceItem$ReflectionNecklaceServerEvents to FORGE
[21Dec2025 15:32:23.093] [modloading-worker-0/DEBUG] [net.minecraftforge.fml.javafmlmod.AutomaticEventSubscriber/LOADING]: Auto-subscribing it.hurts.sskirillss.relics.items.relics.necklace.HolyLocketItem$Events to FORGE
[21Dec2025 15:32:23.094] [modloading-worker-0/DEBUG] [net.minecraftforge.fml.config.ConfigTracker/CONFIG]: Config file watut-client.toml for watut tracking
[21Dec2025 15:32:23.101] [modloading-worker-0/DEBUG] [net.minecraftforge.fml.javafmlmod.AutomaticEventSubscriber/LOADING]: Auto-subscribing it.hurts.sskirillss.relics.items.relics.hands.WoolMittenItem$Events to FORGE
[21Dec2025 15:32:23.102] [modloading-worker-0/DEBUG] [net.minecraftforge.fml.javafmlmod.AutomaticEventSubscriber/LOADING]: Auto-subscribing it.hurts.sskirillss.relics.items.relics.hands.RageGloveItem$Events to FORGE
[21Dec2025 15:32:23.103] [modloading-worker-0/DEBUG] [net.minecraftforge.fml.javafmlmod.AutomaticEventSubscriber/LOADING]: Auto-subscribing it.hurts.sskirillss.relics.items.relics.feet.RollerSkatesItem$Events to FORGE
[21Dec2025 15:32:23.104] [modloading-worker-0/DEBUG] [net.minecraftforge.fml.javafmlmod.AutomaticEventSubscriber/LOADING]: Auto-subscribing it.hurts.sskirillss.relics.items.relics.feet.MagmaWalkerItem to FORGE
[21Dec2025 15:32:23.116] [modloading-worker-0/DEBUG] [net.minecraftforge.fml.javafmlmod.AutomaticEventSubscriber/LOADING]: Auto-subscribing it.hurts.sskirillss.relics.items.relics.feet.IceBreakerItem$Events to FORGE
[21Dec2025 15:32:23.116] [modloading-worker-0/DEBUG] [net.minecraftforge.fml.javafmlmod.AutomaticEventSubscriber/LOADING]: Auto-subscribing it.hurts.sskirillss.relics.items.relics.feet.AquaWalkerItem to FORGE
[21Dec2025 15:32:23.117] [modloading-worker-0/DEBUG] [net.minecraftforge.fml.javafmlmod.AutomaticEventSubscriber/LOADING]: Auto-subscribing it.hurts.sskirillss.relics.items.relics.feet.AmphibianBootItem$Events to FORGE
[21Dec2025 15:32:23.118] [modloading-worker-0/DEBUG] [net.minecraftforge.fml.javafmlmod.AutomaticEventSubscriber/LOADING]: Auto-subscribing it.hurts.sskirillss.relics.items.relics.charm.SporeSackItem$Events to FORGE
[21Dec2025 15:32:23.119] [modloading-worker-0/DEBUG] [net.minecraftforge.fml.javafmlmod.AutomaticEventSubscriber/LOADING]: Auto-subscribing it.hurts.sskirillss.relics.items.relics.belt.LeatherBeltItem to FORGE
[21Dec2025 15:32:23.119] [modloading-worker-0/DEBUG] [net.minecraftforge.fml.javafmlmod.AutomaticEventSubscriber/LOADING]: Auto-subscribing it.hurts.sskirillss.relics.items.relics.belt.HunterBeltItem$HunterBeltEvents to FORGE
[21Dec2025 15:32:23.120] [modloading-worker-0/DEBUG] [net.minecraftforge.fml.javafmlmod.AutomaticEventSubscriber/LOADING]: Attempting to inject @EventBusSubscriber classes into the eventbus for watut
[21Dec2025 15:32:23.120] [modloading-worker-0/DEBUG] [net.minecraftforge.fml.javafmlmod.AutomaticEventSubscriber/LOADING]: Auto-subscribing com.corosus.watut.loader.forge.EventHandlerForge to MOD
[21Dec2025 15:32:23.120] [modloading-worker-0/DEBUG] [net.minecraftforge.fml.javafmlmod.AutomaticEventSubscriber/LOADING]: Auto-subscribing it.hurts.sskirillss.relics.items.relics.belt.DrownedBeltItem$Events to FORGE
[21Dec2025 15:32:23.122] [modloading-worker-0/DEBUG] [net.minecraftforge.fml.javafmlmod.AutomaticEventSubscriber/LOADING]: Auto-subscribing it.hurts.sskirillss.relics.items.relics.back.MidnightRobeItem$ServerEvents to FORGE
[21Dec2025 15:32:23.123] [modloading-worker-0/DEBUG] [net.minecraftforge.fml.javafmlmod.AutomaticEventSubscriber/LOADING]: Attempting to inject @EventBusSubscriber classes into the eventbus for cloth_config
[21Dec2025 15:32:23.123] [modloading-worker-0/DEBUG] [net.minecraftforge.fml.javafmlmod.AutomaticEventSubscriber/LOADING]: Auto-subscribing it.hurts.sskirillss.relics.items.relics.back.ElytraBoosterItem to FORGE
[21Dec2025 15:32:23.128] [modloading-worker-0/DEBUG] [net.minecraftforge.fml.javafmlmod.AutomaticEventSubscriber/LOADING]: Auto-subscribing it.hurts.sskirillss.relics.items.relics.back.ArrowQuiverItem$Events to FORGE
[21Dec2025 15:32:23.196] [modloading-worker-0/DEBUG] [net.minecraftforge.versions.forge.ForgeVersion/CORE]: Forge Version package package net.minecraftforge.versions.forge, Forge, version 47.3 from cpw.mods.modlauncher.TransformingClassLoader@259b85d6
[21Dec2025 15:32:23.197] [modloading-worker-0/DEBUG] [net.minecraftforge.versions.forge.ForgeVersion/CORE]: Found Forge version 47.3.7
[21Dec2025 15:32:23.197] [modloading-worker-0/DEBUG] [net.minecraftforge.versions.forge.ForgeVersion/CORE]: Found Forge spec 47.3
[21Dec2025 15:32:23.197] [modloading-worker-0/DEBUG] [net.minecraftforge.versions.forge.ForgeVersion/CORE]: Found Forge group net.minecraftforge
[21Dec2025 15:32:23.198] [modloading-worker-0/DEBUG] [net.minecraftforge.versions.mcp.MCPVersion/CORE]: MCP Version package package net.minecraftforge.versions.mcp, Minecraft, version 1.20.1 from cpw.mods.modlauncher.TransformingClassLoader@259b85d6
[21Dec2025 15:32:23.200] [modloading-worker-0/DEBUG] [net.minecraftforge.versions.mcp.MCPVersion/CORE]: Found MC version information 1.20.1
[21Dec2025 15:32:23.200] [modloading-worker-0/DEBUG] [net.minecraftforge.versions.mcp.MCPVersion/CORE]: Found MCP version information 20230612.114412
[21Dec2025 15:32:23.200] [modloading-worker-0/INFO] [net.minecraftforge.common.ForgeMod/FORGEMOD]: Forge mod loading, version 47.3.7, for MC 1.20.1 with MCP 20230612.114412
[21Dec2025 15:32:23.200] [modloading-worker-0/INFO] [net.minecraftforge.common.MinecraftForge/FORGE]: MinecraftForge v47.3.7 Initialized
[21Dec2025 15:32:23.200] [modloading-worker-0/DEBUG] [net.minecraftforge.fml.javafmlmod.AutomaticEventSubscriber/LOADING]: Auto-subscribing it.hurts.sskirillss.relics.items.relics.SpatialSignItem$Events to FORGE
[21Dec2025 15:32:23.203] [modloading-worker-0/DEBUG] [net.minecraftforge.fml.javafmlmod.AutomaticEventSubscriber/LOADING]: Auto-subscribing it.hurts.sskirillss.relics.items.relics.MagicMirrorItem$ServerEvents to FORGE
[21Dec2025 15:32:23.198] [modloading-worker-0/DEBUG] [net.minecraftforge.fml.javafmlmod.AutomaticEventSubscriber/LOADING]: Attempting to inject @EventBusSubscriber classes into the eventbus for sophisticatedbackpacks
[21Dec2025 15:32:23.207] [modloading-worker-0/DEBUG] [net.minecraftforge.fml.javafmlmod.AutomaticEventSubscriber/LOADING]: Auto-subscribing it.hurts.sskirillss.relics.items.relics.InfinityHamItem$Events to FORGE
[21Dec2025 15:32:23.208] [modloading-worker-0/DEBUG] [net.minecraftforge.fml.javafmlmod.AutomaticEventSubscriber/LOADING]: Auto-subscribing it.hurts.sskirillss.relics.init.CommandRegistry to FORGE
[21Dec2025 15:32:23.208] [modloading-worker-0/DEBUG] [net.minecraftforge.fml.javafmlmod.AutomaticEventSubscriber/LOADING]: Attempting to inject @EventBusSubscriber classes into the eventbus for redeco
[21Dec2025 15:32:23.208] [modloading-worker-0/DEBUG] [net.minecraftforge.fml.javafmlmod.AutomaticEventSubscriber/LOADING]: Auto-subscribing it.hurts.sskirillss.relics.init.CapabilityRegistry to FORGE
[21Dec2025 15:32:23.215] [modloading-worker-0/DEBUG] [net.minecraftforge.fml.javafmlmod.AutomaticEventSubscriber/LOADING]: Auto-subscribing it.hurts.sskirillss.relics.entities.ArrowRainEntity$Events to FORGE
[21Dec2025 15:32:23.218] [modloading-worker-0/DEBUG] [travelerstitles/]: Loaded com.yungnickyoung.minecraft.travelerstitles.services.ForgePlatformHelper@50c05102 for service interface com.yungnickyoung.minecraft.travelerstitles.services.IPlatformHelper
[21Dec2025 15:32:23.223] [modloading-worker-0/DEBUG] [travelerstitles/]: Loaded com.yungnickyoung.minecraft.travelerstitles.services.ForgeModulesLoader@64ce8399 for service interface com.yungnickyoung.minecraft.travelerstitles.services.IModulesLoader
[21Dec2025 15:32:23.223] [modloading-worker-0/DEBUG] [travelerstitles/]: Loaded com.yungnickyoung.minecraft.travelerstitles.services.ForgeConfigReloader@1bee3d33 for service interface com.yungnickyoung.minecraft.travelerstitles.services.IConfigReloader
[21Dec2025 15:32:23.220] [modloading-worker-0/DEBUG] [net.minecraftforge.fml.javafmlmod.AutomaticEventSubscriber/LOADING]: Auto-subscribing it.hurts.sskirillss.relics.effects.BleedingEffect$Events to FORGE
[21Dec2025 15:32:23.227] [modloading-worker-0/DEBUG] [net.minecraftforge.fml.javafmlmod.AutomaticEventSubscriber/LOADING]: Auto-subscribing it.hurts.sskirillss.relics.effects.AntiHealEffect$Events to FORGE
[21Dec2025 15:32:23.228] [modloading-worker-0/DEBUG] [net.minecraftforge.fml.javafmlmod.AutomaticEventSubscriber/LOADING]: Auto-subscribing it.hurts.sskirillss.relics.capability.handlers.SyncHandler to FORGE
[21Dec2025 15:32:23.229] [modloading-worker-0/DEBUG] [net.minecraftforge.fml.javafmlmod.AutomaticEventSubscriber/LOADING]: Attempting to inject @EventBusSubscriber classes into the eventbus for slashblade_addon
[21Dec2025 15:32:23.231] [modloading-worker-0/DEBUG] [net.minecraftforge.fml.javafmlmod.AutomaticEventSubscriber/LOADING]: Auto-subscribing cn.mmf.slashblade_addon.data.SlashAddonDataGen to MOD
[21Dec2025 15:32:23.232] [modloading-worker-0/INFO] [de.keksuccino.konkrete.Konkrete/]: [KONKRETE] Successfully initialized!
[21Dec2025 15:32:23.232] [modloading-worker-0/INFO] [de.keksuccino.konkrete.Konkrete/]: [KONKRETE] Server-side libs ready to use!
[21Dec2025 15:32:23.232] [modloading-worker-0/DEBUG] [net.minecraftforge.fml.javafmlmod.AutomaticEventSubscriber/LOADING]: Attempting to inject @EventBusSubscriber classes into the eventbus for konkrete
[21Dec2025 15:32:23.230] [modloading-worker-0/DEBUG] [travelerstitles/]: Loaded com.yungnickyoung.minecraft.travelerstitles.services.ForgeWaystonesCompatHelper@81ac4fa for service interface com.yungnickyoung.minecraft.travelerstitles.services.IWaystonesCompatHelper
[21Dec2025 15:32:23.234] [modloading-worker-0/DEBUG] [net.minecraftforge.fml.javafmlmod.AutomaticEventSubscriber/LOADING]: Attempting to inject @EventBusSubscriber classes into the eventbus for travelerstitles
[21Dec2025 15:32:23.237] [modloading-worker-0/DEBUG] [net.minecraftforge.fml.javafmlmod.AutomaticEventSubscriber/LOADING]: Attempting to inject @EventBusSubscriber classes into the eventbus for rubidium
[21Dec2025 15:32:23.237] [modloading-worker-0/DEBUG] [net.minecraftforge.fml.javafmlmod.AutomaticEventSubscriber/LOADING]: Attempting to inject @EventBusSubscriber classes into the eventbus for athena
[21Dec2025 15:32:23.238] [modloading-worker-0/DEBUG] [net.minecraftforge.fml.javafmlmod.AutomaticEventSubscriber/LOADING]: Auto-subscribing cn.mmf.slashblade_addon.CommonEventHandler to FORGE
[21Dec2025 15:32:23.253] [modloading-worker-0/DEBUG] [net.minecraftforge.fml.javafmlmod.AutomaticEventSubscriber/LOADING]: Attempting to inject @EventBusSubscriber classes into the eventbus for embeddium
[21Dec2025 15:32:23.255] [modloading-worker-0/DEBUG] [net.minecraftforge.fml.config.ConfigTracker/CONFIG]: Config file farmersdelight-common.toml for farmersdelight tracking
[21Dec2025 15:32:23.259] [modloading-worker-0/DEBUG] [net.minecraftforge.fml.config.ConfigTracker/CONFIG]: Config file farmersdelight-client.toml for farmersdelight tracking
[21Dec2025 15:32:23.266] [modloading-worker-0/DEBUG] [net.minecraftforge.fml.javafmlmod.AutomaticEventSubscriber/LOADING]: Attempting to inject @EventBusSubscriber classes into the eventbus for vanillaplustools
[21Dec2025 15:32:23.268] [modloading-worker-0/DEBUG] [net.minecraftforge.fml.javafmlmod.AutomaticEventSubscriber/LOADING]: Auto-subscribing com.ldtteam.vanillaplustools.items.ModItems to MOD
[21Dec2025 15:32:23.268] [modloading-worker-0/DEBUG] [net.minecraftforge.fml.javafmlmod.AutomaticEventSubscriber/LOADING]: Auto-subscribing com.ldtteam.vanillaplustools.event.ModEvents to FORGE
[21Dec2025 15:32:23.277] [modloading-worker-0/DEBUG] [net.minecraftforge.fml.config.ConfigTracker/CONFIG]: Config file torchmaster.toml for torchmaster tracking
[21Dec2025 15:32:23.277] [modloading-worker-0/DEBUG] [net.minecraftforge.fml.javafmlmod.AutomaticEventSubscriber/LOADING]: Attempting to inject @EventBusSubscriber classes into the eventbus for torchmaster
[21Dec2025 15:32:23.278] [modloading-worker-0/DEBUG] [net.minecraftforge.fml.javafmlmod.AutomaticEventSubscriber/LOADING]: Auto-subscribing net.xalcon.torchmaster.common.logic.entityblocking.EntityBlockingEventHandler to FORGE
[21Dec2025 15:32:23.288] [modloading-worker-0/DEBUG] [net.minecraftforge.coremod.transformer.CoreModBaseTransformer/COREMOD]: Transforming net/minecraft/world/entity/ai/village/VillageSiege
[21Dec2025 15:32:23.300] [modloading-worker-0/DEBUG] [io.netty.util.internal.PlatformDependent0/]: -Dio.netty.noUnsafe: false
[21Dec2025 15:32:23.300] [modloading-worker-0/DEBUG] [io.netty.util.internal.PlatformDependent0/]: Java version: 17
[21Dec2025 15:32:23.300] [modloading-worker-0/DEBUG] [io.netty.util.internal.PlatformDependent0/]: sun.misc.Unsafe.theUnsafe: available
[21Dec2025 15:32:23.301] [modloading-worker-0/DEBUG] [io.netty.util.internal.PlatformDependent0/]: sun.misc.Unsafe.copyMemory: available
[21Dec2025 15:32:23.301] [modloading-worker-0/DEBUG] [io.netty.util.internal.PlatformDependent0/]: sun.misc.Unsafe.storeFence: available
[21Dec2025 15:32:23.301] [modloading-worker-0/DEBUG] [io.netty.util.internal.PlatformDependent0/]: java.nio.Buffer.address: available
[21Dec2025 15:32:23.305] [modloading-worker-0/DEBUG] [io.netty.util.internal.PlatformDependent0/]: direct buffer constructor: unavailable
java.lang.UnsupportedOperationException: Reflective setAccessible(true) disabled
	at io.netty.util.internal.ReflectionUtil.trySetAccessible(ReflectionUtil.java:31) ~[netty-common-4.1.82.Final.jar%2382!/:4.1.82.Final]
	at io.netty.util.internal.PlatformDependent0$5.run(PlatformDependent0.java:288) ~[netty-common-4.1.82.Final.jar%2382!/:4.1.82.Final]
	at java.security.AccessController.doPrivileged(AccessController.java:318) ~[?:?]
	at io.netty.util.internal.PlatformDependent0.<clinit>(PlatformDependent0.java:282) ~[netty-common-4.1.82.Final.jar%2382!/:4.1.82.Final]
	at io.netty.util.internal.PlatformDependent.isAndroid(PlatformDependent.java:333) ~[netty-common-4.1.82.Final.jar%2382!/:4.1.82.Final]
	at io.netty.util.internal.PlatformDependent.<clinit>(PlatformDependent.java:88) ~[netty-common-4.1.82.Final.jar%2382!/:4.1.82.Final]
	at io.netty.util.ConstantPool.<init>(ConstantPool.java:34) ~[netty-common-4.1.82.Final.jar%2382!/:4.1.82.Final]
	at io.netty.util.AttributeKey$1.<init>(AttributeKey.java:27) ~[netty-common-4.1.82.Final.jar%2382!/:4.1.82.Final]
	at io.netty.util.AttributeKey.<clinit>(AttributeKey.java:27) ~[netty-common-4.1.82.Final.jar%2382!/:4.1.82.Final]
	at net.minecraftforge.network.NetworkConstants.<clinit>(NetworkConstants.java:34) ~[forge-1.20.1-47.3.7-universal.jar%23258!/:?]
	at net.minecraftforge.common.ForgeMod.<init>(ForgeMod.java:429) ~[forge-1.20.1-47.3.7-universal.jar%23258!/:?]
	at jdk.internal.reflect.NativeConstructorAccessorImpl.newInstance0(Native Method) ~[?:?]
	at jdk.internal.reflect.NativeConstructorAccessorImpl.newInstance(NativeConstructorAccessorImpl.java:77) ~[?:?]
	at jdk.internal.reflect.DelegatingConstructorAccessorImpl.newInstance(DelegatingConstructorAccessorImpl.java:45) ~[?:?]
	at java.lang.reflect.Constructor.newInstanceWithCaller(Constructor.java:500) ~[?:?]
	at java.lang.reflect.Constructor.newInstance(Constructor.java:481) ~[?:?]
	at net.minecraftforge.fml.javafmlmod.FMLModContainer.constructMod(FMLModContainer.java:70) ~[javafmllanguage-1.20.1-47.3.7.jar%23255!/:?]
	at net.minecraftforge.fml.ModContainer.lambda$buildTransitionHandler$4(ModContainer.java:124) ~[fmlcore-1.20.1-47.3.7.jar%23254!/:?]
	at java.util.concurrent.CompletableFuture$AsyncRun.run(CompletableFuture.java:1804) ~[?:?]
	at java.util.concurrent.CompletableFuture$AsyncRun.exec(CompletableFuture.java:1796) ~[?:?]
	at java.util.concurrent.ForkJoinTask.doExec(ForkJoinTask.java:373) ~[?:?]
	at java.util.concurrent.ForkJoinPool$WorkQueue.topLevelExec(ForkJoinPool.java:1182) ~[?:?]
	at java.util.concurrent.ForkJoinPool.scan(ForkJoinPool.java:1655) ~[?:?]
	at java.util.concurrent.ForkJoinPool.runWorker(ForkJoinPool.java:1622) ~[?:?]
	at java.util.concurrent.ForkJoinWorkerThread.run(ForkJoinWorkerThread.java:165) ~[?:?]
[21Dec2025 15:32:23.310] [modloading-worker-0/DEBUG] [io.netty.util.internal.PlatformDependent0/]: java.nio.Bits.unaligned: available, true
[21Dec2025 15:32:23.311] [modloading-worker-0/DEBUG] [io.netty.util.internal.PlatformDependent0/]: jdk.internal.misc.Unsafe.allocateUninitializedArray(int): unavailable
java.lang.IllegalAccessException: class io.netty.util.internal.PlatformDependent0$7 (in module io.netty.common) cannot access class jdk.internal.misc.Unsafe (in module java.base) because module java.base does not export jdk.internal.misc to module io.netty.common
	at jdk.internal.reflect.Reflection.newIllegalAccessException(Reflection.java:392) ~[?:?]
	at java.lang.reflect.AccessibleObject.checkAccess(AccessibleObject.java:674) ~[?:?]
	at java.lang.reflect.Method.invoke(Method.java:561) ~[?:?]
	at io.netty.util.internal.PlatformDependent0$7.run(PlatformDependent0.java:410) ~[netty-common-4.1.82.Final.jar%2382!/:4.1.82.Final]
	at java.security.AccessController.doPrivileged(AccessController.java:318) ~[?:?]
	at io.netty.util.internal.PlatformDependent0.<clinit>(PlatformDependent0.java:401) ~[netty-common-4.1.82.Final.jar%2382!/:4.1.82.Final]
	at io.netty.util.internal.PlatformDependent.isAndroid(PlatformDependent.java:333) ~[netty-common-4.1.82.Final.jar%2382!/:4.1.82.Final]
	at io.netty.util.internal.PlatformDependent.<clinit>(PlatformDependent.java:88) ~[netty-common-4.1.82.Final.jar%2382!/:4.1.82.Final]
	at io.netty.util.ConstantPool.<init>(ConstantPool.java:34) ~[netty-common-4.1.82.Final.jar%2382!/:4.1.82.Final]
	at io.netty.util.AttributeKey$1.<init>(AttributeKey.java:27) ~[netty-common-4.1.82.Final.jar%2382!/:4.1.82.Final]
	at io.netty.util.AttributeKey.<clinit>(AttributeKey.java:27) ~[netty-common-4.1.82.Final.jar%2382!/:4.1.82.Final]
	at net.minecraftforge.network.NetworkConstants.<clinit>(NetworkConstants.java:34) ~[forge-1.20.1-47.3.7-universal.jar%23258!/:?]
	at net.minecraftforge.common.ForgeMod.<init>(ForgeMod.java:429) ~[forge-1.20.1-47.3.7-universal.jar%23258!/:?]
	at jdk.internal.reflect.NativeConstructorAccessorImpl.newInstance0(Native Method) ~[?:?]
	at jdk.internal.reflect.NativeConstructorAccessorImpl.newInstance(NativeConstructorAccessorImpl.java:77) ~[?:?]
	at jdk.internal.reflect.DelegatingConstructorAccessorImpl.newInstance(DelegatingConstructorAccessorImpl.java:45) ~[?:?]
	at java.lang.reflect.Constructor.newInstanceWithCaller(Constructor.java:500) ~[?:?]
	at java.lang.reflect.Constructor.newInstance(Constructor.java:481) ~[?:?]
	at net.minecraftforge.fml.javafmlmod.FMLModContainer.constructMod(FMLModContainer.java:70) ~[javafmllanguage-1.20.1-47.3.7.jar%23255!/:?]
	at net.minecraftforge.fml.ModContainer.lambda$buildTransitionHandler$4(ModContainer.java:124) ~[fmlcore-1.20.1-47.3.7.jar%23254!/:?]
	at java.util.concurrent.CompletableFuture$AsyncRun.run(CompletableFuture.java:1804) ~[?:?]
	at java.util.concurrent.CompletableFuture$AsyncRun.exec(CompletableFuture.java:1796) ~[?:?]
	at java.util.concurrent.ForkJoinTask.doExec(ForkJoinTask.java:373) ~[?:?]
	at java.util.concurrent.ForkJoinPool$WorkQueue.topLevelExec(ForkJoinPool.java:1182) ~[?:?]
	at java.util.concurrent.ForkJoinPool.scan(ForkJoinPool.java:1655) ~[?:?]
	at java.util.concurrent.ForkJoinPool.runWorker(ForkJoinPool.java:1622) ~[?:?]
	at java.util.concurrent.ForkJoinWorkerThread.run(ForkJoinWorkerThread.java:165) ~[?:?]
[21Dec2025 15:32:23.318] [modloading-worker-0/DEBUG] [io.netty.util.internal.PlatformDependent0/]: java.nio.DirectByteBuffer.<init>(long, int): unavailable
[21Dec2025 15:32:23.319] [modloading-worker-0/DEBUG] [io.netty.util.internal.PlatformDependent/]: sun.misc.Unsafe: available
[21Dec2025 15:32:23.319] [modloading-worker-0/DEBUG] [io.netty.util.internal.PlatformDependent/]: maxDirectMemory: 17179869184 bytes (maybe)
[21Dec2025 15:32:23.319] [modloading-worker-0/DEBUG] [io.netty.util.internal.PlatformDependent/]: -Dio.netty.tmpdir: /tmp (java.io.tmpdir)
[21Dec2025 15:32:23.319] [modloading-worker-0/DEBUG] [io.netty.util.internal.PlatformDependent/]: -Dio.netty.bitMode: 64 (sun.arch.data.model)
[21Dec2025 15:32:23.320] [modloading-worker-0/DEBUG] [io.netty.util.internal.PlatformDependent/]: -Dio.netty.maxDirectMemory: -1 bytes
[21Dec2025 15:32:23.320] [modloading-worker-0/DEBUG] [io.netty.util.internal.PlatformDependent/]: -Dio.netty.uninitializedArrayAllocationThreshold: -1
[21Dec2025 15:32:23.320] [modloading-worker-0/DEBUG] [io.netty.util.internal.CleanerJava9/]: java.nio.ByteBuffer.cleaner(): available
[21Dec2025 15:32:23.321] [modloading-worker-0/DEBUG] [io.netty.util.internal.PlatformDependent/]: -Dio.netty.noPreferDirect: false
[21Dec2025 15:32:23.326] [modloading-worker-0/DEBUG] [net.minecraftforge.fml.javafmlmod.AutomaticEventSubscriber/LOADING]: Auto-subscribing net.xalcon.torchmaster.TorchmasterConfig to MOD
[21Dec2025 15:32:23.340] [modloading-worker-0/DEBUG] [net.minecraftforge.fml.config.ConfigTracker/CONFIG]: Config file alexscaves-general.toml for alexscaves tracking
[21Dec2025 15:32:23.344] [modloading-worker-0/DEBUG] [net.minecraftforge.fml.config.ConfigTracker/CONFIG]: Config file alexscaves-client.toml for alexscaves tracking
[21Dec2025 15:32:23.403] [modloading-worker-0/DEBUG] [net.minecraftforge.common.ForgeMod/FORGEMOD]: Loading Network data for FML net version: FML3
[21Dec2025 15:32:23.415] [modloading-worker-0/DEBUG] [net.minecraftforge.fml.config.ConfigTracker/CONFIG]: Config file forge-client.toml for forge tracking
[21Dec2025 15:32:23.415] [modloading-worker-0/DEBUG] [net.minecraftforge.fml.config.ConfigTracker/CONFIG]: Config file forge-server.toml for forge tracking
[21Dec2025 15:32:23.415] [modloading-worker-0/DEBUG] [net.minecraftforge.fml.ModLoadingContext/]: Attempted to register an empty config for type COMMON on mod forge
[21Dec2025 15:32:23.448] [modloading-worker-0/DEBUG] [net.minecraftforge.fml.javafmlmod.AutomaticEventSubscriber/LOADING]: Attempting to inject @EventBusSubscriber classes into the eventbus for forge
[21Dec2025 15:32:23.448] [modloading-worker-0/DEBUG] [net.minecraftforge.fml.javafmlmod.AutomaticEventSubscriber/LOADING]: Auto-subscribing net.minecraftforge.common.ForgeSpawnEggItem$CommonHandler to MOD
[21Dec2025 15:32:23.456] [modloading-worker-0/DEBUG] [net.minecraftforge.fml.javafmlmod.AutomaticEventSubscriber/LOADING]: Attempting to inject @EventBusSubscriber classes into the eventbus for terrablender
[21Dec2025 15:32:23.456] [modloading-worker-0/DEBUG] [net.minecraftforge.fml.javafmlmod.AutomaticEventSubscriber/LOADING]: Auto-subscribing terrablender.handler.InitializationHandler to FORGE
[21Dec2025 15:32:23.457] [modloading-worker-0/DEBUG] [net.minecraftforge.fml.javafmlmod.AutomaticEventSubscriber/LOADING]: Attempting to inject @EventBusSubscriber classes into the eventbus for necronomicon
[21Dec2025 15:32:23.467] [modloading-worker-0/DEBUG] [net.minecraftforge.fml.config.ConfigTracker/CONFIG]: Config file biomesoplenty/generation.toml for biomesoplenty tracking
[21Dec2025 15:32:23.480] [modloading-worker-0/DEBUG] [net.minecraftforge.fml.javafmlmod.AutomaticEventSubscriber/LOADING]: Attempting to inject @EventBusSubscriber classes into the eventbus for farmersdelight
[21Dec2025 15:32:23.480] [modloading-worker-0/DEBUG] [net.minecraftforge.fml.javafmlmod.AutomaticEventSubscriber/LOADING]: Auto-subscribing vectorwing.farmersdelight.data.DataGenerators to MOD
[21Dec2025 15:32:23.484] [modloading-worker-0/DEBUG] [net.minecraftforge.fml.javafmlmod.AutomaticEventSubscriber/LOADING]: Auto-subscribing vectorwing.farmersdelight.common.item.SkilletItem$SkilletEvents to FORGE
[21Dec2025 15:32:23.485] [modloading-worker-0/DEBUG] [net.minecraftforge.fml.javafmlmod.AutomaticEventSubscriber/LOADING]: Auto-subscribing vectorwing.farmersdelight.common.item.KnifeItem$KnifeEvents to FORGE
[21Dec2025 15:32:23.490] [modloading-worker-0/DEBUG] [net.minecraftforge.fml.javafmlmod.AutomaticEventSubscriber/LOADING]: Auto-subscribing vectorwing.farmersdelight.common.item.HorseFeedItem$HorseFeedEvent to FORGE
[21Dec2025 15:32:23.491] [modloading-worker-0/DEBUG] [net.minecraftforge.fml.javafmlmod.AutomaticEventSubscriber/LOADING]: Auto-subscribing vectorwing.farmersdelight.common.item.enchantment.BackstabbingEnchantment$BackstabbingEvent to FORGE
[21Dec2025 15:32:23.491] [modloading-worker-0/DEBUG] [net.minecraftforge.fml.javafmlmod.AutomaticEventSubscriber/LOADING]: Auto-subscribing vectorwing.farmersdelight.common.item.DogFoodItem$DogFoodEvent to FORGE
[21Dec2025 15:32:23.505] [modloading-worker-0/DEBUG] [net.minecraftforge.fml.javafmlmod.AutomaticEventSubscriber/LOADING]: Auto-subscribing vectorwing.farmersdelight.common.event.VillagerEvents to FORGE
[21Dec2025 15:32:23.506] [modloading-worker-0/DEBUG] [net.minecraftforge.fml.javafmlmod.AutomaticEventSubscriber/LOADING]: Auto-subscribing vectorwing.farmersdelight.common.event.SetupEvents to MOD
[21Dec2025 15:32:23.507] [modloading-worker-0/DEBUG] [net.minecraftforge.fml.javafmlmod.AutomaticEventSubscriber/LOADING]: Auto-subscribing vectorwing.farmersdelight.common.event.MappingEvents to FORGE
[21Dec2025 15:32:23.516] [modloading-worker-0/DEBUG] [net.minecraftforge.fml.javafmlmod.AutomaticEventSubscriber/LOADING]: Auto-subscribing vectorwing.farmersdelight.common.event.CommonEvents to FORGE
[21Dec2025 15:32:23.517] [modloading-worker-0/DEBUG] [net.minecraftforge.fml.javafmlmod.AutomaticEventSubscriber/LOADING]: Auto-subscribing vectorwing.farmersdelight.common.block.CuttingBoardBlock$ToolCarvingEvent to FORGE
[21Dec2025 15:32:23.587] [modloading-worker-0/DEBUG] [net.minecraftforge.fml.javafmlmod.AutomaticEventSubscriber/LOADING]: Attempting to inject @EventBusSubscriber classes into the eventbus for handcrafted
[21Dec2025 15:32:23.623] [modloading-worker-0/DEBUG] [mixin/]: Mixing CraftingHelperMixin from supermartijn642corelib.mixins.json into net.minecraftforge.common.crafting.CraftingHelper
[21Dec2025 15:32:23.635] [modloading-worker-0/DEBUG] [creativecore/]: Created network creativecore:main
[21Dec2025 15:32:23.642] [modloading-worker-0/DEBUG] [net.minecraftforge.fml.javafmlmod.AutomaticEventSubscriber/LOADING]: Attempting to inject @EventBusSubscriber classes into the eventbus for creativecore
[21Dec2025 15:32:23.654] [modloading-worker-0/DEBUG] [net.minecraftforge.fml.javafmlmod.AutomaticEventSubscriber/LOADING]: Attempting to inject @EventBusSubscriber classes into the eventbus for supermartijn642corelib
[21Dec2025 15:32:23.656] [modloading-worker-0/DEBUG] [net.minecraftforge.fml.javafmlmod.AutomaticEventSubscriber/LOADING]: Auto-subscribing com.supermartijn642.core.CommonUtils to MOD
[21Dec2025 15:32:23.689] [modloading-worker-0/DEBUG] [net.minecraftforge.fml.javafmlmod.AutomaticEventSubscriber/LOADING]: Attempting to inject @EventBusSubscriber classes into the eventbus for lionfishapi
[21Dec2025 15:32:23.689] [modloading-worker-0/DEBUG] [net.minecraftforge.fml.javafmlmod.AutomaticEventSubscriber/LOADING]: Auto-subscribing com.github.L_Ender.lionfishapi.LionfishAPI to FORGE
[21Dec2025 15:32:23.689] [modloading-worker-0/DEBUG] [net.minecraftforge.fml.javafmlmod.AutomaticEventSubscriber/LOADING]: Auto-subscribing com.github.L_Ender.lionfishapi.CommonProxy to MOD
[21Dec2025 15:32:23.715] [modloading-worker-0/DEBUG] [net.minecraftforge.fml.javafmlmod.AutomaticEventSubscriber/LOADING]: Attempting to inject @EventBusSubscriber classes into the eventbus for portablemobs
[21Dec2025 15:32:23.718] [modloading-worker-0/DEBUG] [net.minecraftforge.fml.javafmlmod.AutomaticEventSubscriber/LOADING]: Auto-subscribing com.dremoline.portablemobs.PortableMobs$Events to FORGE
[21Dec2025 15:32:23.721] [modloading-worker-0/DEBUG] [net.minecraftforge.fml.config.ConfigTracker/CONFIG]: Config file ribbits-forge-1_20_1.toml for ribbits tracking
[21Dec2025 15:32:23.724] [modloading-worker-0/DEBUG] [net.minecraftforge.fml.javafmlmod.AutomaticEventSubscriber/LOADING]: Attempting to inject @EventBusSubscriber classes into the eventbus for ribbits
[21Dec2025 15:32:23.737] [modloading-worker-0/DEBUG] [net.minecraftforge.fml.config.ConfigTracker/CONFIG]: Config file fairylights-common.toml for fairylights tracking
[21Dec2025 15:32:23.749] [modloading-worker-0/DEBUG] [net.minecraftforge.fml.javafmlmod.AutomaticEventSubscriber/LOADING]: Attempting to inject @EventBusSubscriber classes into the eventbus for fairylights
[21Dec2025 15:32:23.750] [modloading-worker-0/DEBUG] [net.minecraftforge.fml.javafmlmod.AutomaticEventSubscriber/LOADING]: Auto-subscribing me.paulf.fairylights.server.item.crafting.FLCraftingRecipes to FORGE
[21Dec2025 15:32:23.750] [modloading-worker-0/DEBUG] [net.minecraftforge.fml.javafmlmod.AutomaticEventSubscriber/LOADING]: Auto-subscribing me.paulf.fairylights.data.DataGatherer to MOD
[21Dec2025 15:32:23.752] [modloading-worker-0/DEBUG] [net.minecraftforge.fml.config.ConfigTracker/CONFIG]: Config file cataclysm.toml for cataclysm tracking
[21Dec2025 15:32:23.770] [modloading-worker-0/DEBUG] [net.minecraftforge.fml.config.ConfigTracker/CONFIG]: Config file curios-client.toml for curios tracking
[21Dec2025 15:32:23.775] [modloading-worker-0/DEBUG] [net.minecraftforge.fml.config.ConfigTracker/CONFIG]: Config file curios-common.toml for curios tracking
[21Dec2025 15:32:23.775] [modloading-worker-0/DEBUG] [net.minecraftforge.fml.config.ConfigTracker/CONFIG]: Config file curios-server.toml for curios tracking
[21Dec2025 15:32:23.775] [modloading-worker-0/DEBUG] [net.minecraftforge.fml.javafmlmod.AutomaticEventSubscriber/LOADING]: Attempting to inject @EventBusSubscriber classes into the eventbus for curios
[21Dec2025 15:32:23.795] [modloading-worker-0/DEBUG] [net.minecraftforge.fml.config.ConfigTracker/CONFIG]: Config file gravestone-server.toml for gravestone tracking
[21Dec2025 15:32:23.799] [modloading-worker-0/DEBUG] [net.minecraftforge.fml.config.ConfigTracker/CONFIG]: Config file gravestone-client.toml for gravestone tracking
[21Dec2025 15:32:23.799] [modloading-worker-0/DEBUG] [net.minecraftforge.fml.javafmlmod.AutomaticEventSubscriber/LOADING]: Attempting to inject @EventBusSubscriber classes into the eventbus for gravestone
[21Dec2025 15:32:23.800] [modloading-worker-0/DEBUG] [net.minecraftforge.fml.javafmlmod.AutomaticEventSubscriber/LOADING]: Auto-subscribing de.maxhenkel.gravestone.Main to FORGE
[21Dec2025 15:32:23.827] [modloading-worker-0/DEBUG] [net.minecraftforge.fml.config.ConfigTracker/CONFIG]: Config file camera-server.toml for camera tracking
[21Dec2025 15:32:23.831] [modloading-worker-0/DEBUG] [net.minecraftforge.fml.config.ConfigTracker/CONFIG]: Config file camera-client.toml for camera tracking
[21Dec2025 15:32:23.833] [modloading-worker-0/DEBUG] [net.minecraftforge.fml.javafmlmod.AutomaticEventSubscriber/LOADING]: Attempting to inject @EventBusSubscriber classes into the eventbus for camera
[21Dec2025 15:32:23.833] [modloading-worker-0/DEBUG] [net.minecraftforge.fml.javafmlmod.AutomaticEventSubscriber/LOADING]: Auto-subscribing de.maxhenkel.camera.ServerEvents to FORGE
[21Dec2025 15:32:23.866] [modloading-worker-0/DEBUG] [net.minecraftforge.fml.javafmlmod.AutomaticEventSubscriber/LOADING]: Attempting to inject @EventBusSubscriber classes into the eventbus for biomesoplenty
[21Dec2025 15:32:23.869] [modloading-worker-0/DEBUG] [net.minecraftforge.fml.javafmlmod.AutomaticEventSubscriber/LOADING]: Auto-subscribing biomesoplenty.init.ModVillagerTrades to FORGE
[21Dec2025 15:32:23.871] [modloading-worker-0/DEBUG] [net.minecraftforge.fml.javafmlmod.AutomaticEventSubscriber/LOADING]: Auto-subscribing biomesoplenty.common.datagen.DataGenerationHandler to MOD
[21Dec2025 15:32:23.881] [modloading-worker-0/DEBUG] [net.minecraftforge.fml.javafmlmod.AutomaticEventSubscriber/LOADING]: Auto-subscribing biomesoplenty.common.util.biome.BiomeUtil to FORGE
[21Dec2025 15:32:23.885] [modloading-worker-0/DEBUG] [net.minecraftforge.fml.javafmlmod.AutomaticEventSubscriber/LOADING]: Attempting to inject @EventBusSubscriber classes into the eventbus for bettervillage
[21Dec2025 15:32:23.888] [modloading-worker-0/DEBUG] [net.minecraftforge.fml.javafmlmod.AutomaticEventSubscriber/LOADING]: Attempting to inject @EventBusSubscriber classes into the eventbus for resourcefullib
[21Dec2025 15:32:23.895] [modloading-worker-0/DEBUG] [net.minecraftforge.fml.config.ConfigTracker/CONFIG]: Config file CoroUtil/General.toml for coroutil tracking
[21Dec2025 15:32:23.897] [modloading-worker-0/DEBUG] [net.minecraftforge.fml.javafmlmod.AutomaticEventSubscriber/LOADING]: Attempting to inject @EventBusSubscriber classes into the eventbus for coroutil
[21Dec2025 15:32:23.903] [modloading-worker-0/DEBUG] [net.minecraftforge.fml.javafmlmod.AutomaticEventSubscriber/LOADING]: Attempting to inject @EventBusSubscriber classes into the eventbus for fennecfox
[21Dec2025 15:32:23.903] [modloading-worker-0/DEBUG] [net.minecraftforge.fml.javafmlmod.AutomaticEventSubscriber/LOADING]: Auto-subscribing com.minecraftserverzone.fennecfox.ModSetup$ModEvents to MOD
[21Dec2025 15:32:23.905] [modloading-worker-0/DEBUG] [net.minecraftforge.fml.javafmlmod.AutomaticEventSubscriber/LOADING]: Auto-subscribing com.minecraftserverzone.fennecfox.BiomeModifierTest to MOD
[21Dec2025 15:32:23.974] [modloading-worker-0/DEBUG] [net.minecraftforge.fml.javafmlmod.AutomaticEventSubscriber/LOADING]: Attempting to inject @EventBusSubscriber classes into the eventbus for architectury
[21Dec2025 15:32:23.975] [modloading-worker-0/DEBUG] [net.minecraftforge.fml.javafmlmod.AutomaticEventSubscriber/LOADING]: Auto-subscribing dev.architectury.registry.level.entity.trade.forge.TradeRegistryImpl to FORGE
[21Dec2025 15:32:23.976] [modloading-worker-0/DEBUG] [net.minecraftforge.fml.javafmlmod.AutomaticEventSubscriber/LOADING]: Auto-subscribing dev.architectury.registry.forge.ReloadListenerRegistryImpl to FORGE
[21Dec2025 15:32:23.979] [modloading-worker-0/DEBUG] [net.minecraftforge.fml.javafmlmod.AutomaticEventSubscriber/LOADING]: Auto-subscribing dev.architectury.networking.forge.NetworkManagerImpl to FORGE
[21Dec2025 15:32:23.990] [modloading-worker-0/DEBUG] [net.minecraftforge.fml.javafmlmod.AutomaticEventSubscriber/LOADING]: Attempting to inject @EventBusSubscriber classes into the eventbus for octolib
[21Dec2025 15:32:24.085] [modloading-worker-0/DEBUG] [net.minecraftforge.fml.javafmlmod.AutomaticEventSubscriber/LOADING]: Attempting to inject @EventBusSubscriber classes into the eventbus for furniture
[21Dec2025 15:32:24.100] [modloading-worker-0/DEBUG] [doapi/]: Registering Sounds for doapi
[21Dec2025 15:32:24.101] [modloading-worker-0/DEBUG] [net.minecraftforge.fml.javafmlmod.AutomaticEventSubscriber/LOADING]: Attempting to inject @EventBusSubscriber classes into the eventbus for doapi
[21Dec2025 15:32:24.109] [modloading-worker-0/DEBUG] [net.minecraftforge.fml.javafmlmod.AutomaticEventSubscriber/LOADING]: Attempting to inject @EventBusSubscriber classes into the eventbus for cataclysm
[21Dec2025 15:32:24.109] [modloading-worker-0/DEBUG] [net.minecraftforge.fml.javafmlmod.AutomaticEventSubscriber/LOADING]: Auto-subscribing com.github.L_Ender.cataclysm.world.CMWorldRegistry to MOD
[21Dec2025 15:32:24.109] [modloading-worker-0/DEBUG] [net.minecraftforge.fml.javafmlmod.AutomaticEventSubscriber/LOADING]: Attempting to inject @EventBusSubscriber classes into the eventbus for terraform
[21Dec2025 15:32:24.115] [modloading-worker-0/DEBUG] [net.minecraftforge.fml.javafmlmod.AutomaticEventSubscriber/LOADING]: Auto-subscribing com.github.L_Ender.cataclysm.init.ModEntities to MOD
[21Dec2025 15:32:24.116] [modloading-worker-0/DEBUG] [net.minecraftforge.fml.javafmlmod.AutomaticEventSubscriber/LOADING]: Auto-subscribing com.github.L_Ender.cataclysm.event.ServerEventHandler to FORGE
[21Dec2025 15:32:24.116] [modloading-worker-0/DEBUG] [net.minecraftforge.fml.javafmlmod.AutomaticEventSubscriber/LOADING]: Auto-subscribing com.github.L_Ender.cataclysm.CommonProxy to MOD
[21Dec2025 15:32:24.116] [modloading-worker-0/DEBUG] [net.minecraftforge.fml.javafmlmod.AutomaticEventSubscriber/LOADING]: Auto-subscribing com.github.L_Ender.cataclysm.Cataclysm to FORGE
[21Dec2025 15:32:24.159] [modloading-worker-0/DEBUG] [mixin/]: Mixing BootsItemMixin from vinery.mixins.json into net.satisfy.vinery.core.item.WinemakerBootsItem
[21Dec2025 15:32:24.163] [modloading-worker-0/DEBUG] [mixin/]: Mixing LeggingsItemMixin from vinery.mixins.json into net.satisfy.vinery.core.item.WinemakerLegsItem
[21Dec2025 15:32:24.168] [modloading-worker-0/DEBUG] [mixin/]: Mixing ChestplateItemMixin from vinery.mixins.json into net.satisfy.vinery.core.item.WinemakerChestItem
[21Dec2025 15:32:24.168] [modloading-worker-0/DEBUG] [net.minecraftforge.fml.javafmlmod.AutomaticEventSubscriber/LOADING]: Attempting to inject @EventBusSubscriber classes into the eventbus for alexscaves
[21Dec2025 15:32:24.168] [modloading-worker-0/DEBUG] [net.minecraftforge.fml.javafmlmod.AutomaticEventSubscriber/LOADING]: Auto-subscribing com.github.alexmodguy.alexscaves.server.entity.ACEntityRegistry to MOD
[21Dec2025 15:32:24.169] [modloading-worker-0/DEBUG] [mixin/]: Mixing HelmetItemMixin from vinery.mixins.json into net.satisfy.vinery.core.item.WinemakerHelmetItem
[21Dec2025 15:32:24.172] [modloading-worker-0/DEBUG] [net.minecraftforge.fml.config.ConfigTracker/CONFIG]: Config file appleskin-client.toml for appleskin tracking
[21Dec2025 15:32:24.175] [modloading-worker-0/DEBUG] [net.minecraftforge.fml.javafmlmod.AutomaticEventSubscriber/LOADING]: Attempting to inject @EventBusSubscriber classes into the eventbus for appleskin
[21Dec2025 15:32:24.195] [modloading-worker-0/DEBUG] [bakery/]: Registering Mod BlockEntities for bakery
[21Dec2025 15:32:24.196] [modloading-worker-0/DEBUG] [bakery/]: Mob effects
[21Dec2025 15:32:24.197] [modloading-worker-0/DEBUG] [bakery/]: Registering Entities for bakery
[21Dec2025 15:32:24.210] [modloading-worker-0/DEBUG] [mixin/]: Mixing MixinLootDataManager from architectury.mixins.json into net.minecraft.world.level.storage.loot.LootDataManager
[21Dec2025 15:32:24.229] [modloading-worker-0/DEBUG] [net.minecraftforge.fml.javafmlmod.AutomaticEventSubscriber/LOADING]: Attempting to inject @EventBusSubscriber classes into the eventbus for bakery
[21Dec2025 15:32:24.249] [modloading-worker-0/DEBUG] [net.minecraftforge.fml.config.ConfigTracker/CONFIG]: Config file chimes-common.toml for chimes tracking
[21Dec2025 15:32:24.253] [modloading-worker-0/DEBUG] [net.minecraftforge.fml.config.ConfigTracker/CONFIG]: Config file chimes-client.toml for chimes tracking
[21Dec2025 15:32:24.254] [modloading-worker-0/DEBUG] [net.minecraftforge.fml.javafmlmod.AutomaticEventSubscriber/LOADING]: Attempting to inject @EventBusSubscriber classes into the eventbus for chimes
[21Dec2025 15:32:24.254] [modloading-worker-0/DEBUG] [net.minecraftforge.fml.javafmlmod.AutomaticEventSubscriber/LOADING]: Auto-subscribing com.nick.chimes.event.CreativeTabEvent to MOD
[21Dec2025 15:32:24.254] [modloading-worker-0/DEBUG] [net.minecraftforge.fml.javafmlmod.AutomaticEventSubscriber/LOADING]: Auto-subscribing com.nick.chimes.event.ChimesClientEvents to MOD
[21Dec2025 15:32:24.255] [modloading-worker-0/DEBUG] [net.minecraftforge.fml.javafmlmod.AutomaticEventSubscriber/LOADING]: Auto-subscribing com.nick.chimes.event.CarveBambooEvent to FORGE
[21Dec2025 15:32:24.262] [modloading-worker-0/DEBUG] [net.minecraftforge.fml.javafmlmod.AutomaticEventSubscriber/LOADING]: Attempting to inject @EventBusSubscriber classes into the eventbus for refurbished_furniture
[21Dec2025 15:32:24.262] [modloading-worker-0/DEBUG] [net.minecraftforge.fml.javafmlmod.AutomaticEventSubscriber/LOADING]: Auto-subscribing com.mrcrayfish.furniture.refurbished.ForgeEvents to FORGE
[21Dec2025 15:32:24.264] [modloading-worker-0/DEBUG] [net.minecraftforge.fml.javafmlmod.AutomaticEventSubscriber/LOADING]: Attempting to inject @EventBusSubscriber classes into the eventbus for justzoom
[21Dec2025 15:32:24.267] [modloading-worker-0/DEBUG] [net.minecraftforge.fml.config.ConfigTracker/CONFIG]: Config file the_bumblezone/client.toml for the_bumblezone tracking
[21Dec2025 15:32:24.276] [modloading-worker-0/DEBUG] [net.minecraftforge.fml.javafmlmod.AutomaticEventSubscriber/LOADING]: Attempting to inject @EventBusSubscriber classes into the eventbus for vinery
[21Dec2025 15:32:24.278] [modloading-worker-0/DEBUG] [net.minecraftforge.fml.javafmlmod.AutomaticEventSubscriber/LOADING]: Auto-subscribing net.satisfy.vinery.forge.core.event.VineryForgeEventhandler to FORGE
[21Dec2025 15:32:24.280] [modloading-worker-0/DEBUG] [net.minecraftforge.fml.config.ConfigTracker/CONFIG]: Config file the_bumblezone/general.toml for the_bumblezone tracking
[21Dec2025 15:32:24.285] [modloading-worker-0/DEBUG] [net.minecraftforge.fml.config.ConfigTracker/CONFIG]: Config file the_bumblezone/worldgen.toml for the_bumblezone tracking
[21Dec2025 15:32:24.287] [modloading-worker-0/DEBUG] [net.minecraftforge.fml.config.ConfigTracker/CONFIG]: Config file the_bumblezone/dimension.toml for the_bumblezone tracking
[21Dec2025 15:32:24.288] [modloading-worker-0/DEBUG] [net.minecraftforge.fml.config.ConfigTracker/CONFIG]: Config file the_bumblezone/bee_aggression.toml for the_bumblezone tracking
[21Dec2025 15:32:24.295] [modloading-worker-0/DEBUG] [net.minecraftforge.fml.config.ConfigTracker/CONFIG]: Config file the_bumblezone/mod_compatibility.toml for the_bumblezone tracking
[21Dec2025 15:32:24.297] [modloading-worker-0/DEBUG] [Framework/]: Loaded com.mrcrayfish.framework.platform.ForgePlatformHelper@ee8958a for service interface com.mrcrayfish.framework.platform.services.IPlatformHelper
[21Dec2025 15:32:24.302] [modloading-worker-0/DEBUG] [Framework/]: Loaded com.mrcrayfish.framework.platform.ForgeNetworkHelper@349b634 for service interface com.mrcrayfish.framework.platform.services.INetworkHelper
[21Dec2025 15:32:24.305] [modloading-worker-0/DEBUG] [Framework/]: Loaded com.mrcrayfish.framework.platform.ForgeRegistrationHelper@584e223a for service interface com.mrcrayfish.framework.platform.services.IRegistrationHelper
[21Dec2025 15:32:24.307] [modloading-worker-0/DEBUG] [Framework/]: Loaded com.mrcrayfish.framework.platform.ForgeEntityHelper@ea632a7 for service interface com.mrcrayfish.framework.platform.services.IEntityHelper
[21Dec2025 15:32:24.308] [modloading-worker-0/DEBUG] [Framework/]: Loaded com.mrcrayfish.framework.platform.ForgeItemHelper@a1749d8 for service interface com.mrcrayfish.framework.platform.services.IItemHelper
[21Dec2025 15:32:24.311] [modloading-worker-0/DEBUG] [Framework/]: Loaded com.mrcrayfish.framework.platform.ForgeConfigHelper@b1a6c3a for service interface com.mrcrayfish.framework.platform.services.IConfigHelper
[21Dec2025 15:32:24.325] [modloading-worker-0/DEBUG] [net.minecraftforge.fml.config.ConfigTracker/CONFIG]: Config file irons_spellbooks-client.toml for irons_spellbooks tracking
[21Dec2025 15:32:24.352] [modloading-worker-0/DEBUG] [mixin/]: Mixing item.ItemExtensionMixin from the_bumblezone-forge.mixins.json into com.telepathicgrunt.the_bumblezone.platform.ItemExtension
[21Dec2025 15:32:24.380] [modloading-worker-0/DEBUG] [mixin/]: Mixing effect.EffectExtensionMixin from the_bumblezone-forge.mixins.json into com.telepathicgrunt.the_bumblezone.platform.EffectExtension
[21Dec2025 15:32:24.389] [modloading-worker-0/DEBUG] [net.minecraftforge.fml.config.ConfigTracker/CONFIG]: Config file irons_spellbooks-server.toml for irons_spellbooks tracking
[21Dec2025 15:32:24.396] [modloading-worker-0/DEBUG] [net.minecraftforge.fml.javafmlmod.AutomaticEventSubscriber/LOADING]: Attempting to inject @EventBusSubscriber classes into the eventbus for irons_spellbooks
[21Dec2025 15:32:24.396] [modloading-worker-0/DEBUG] [net.minecraftforge.fml.javafmlmod.AutomaticEventSubscriber/LOADING]: Auto-subscribing io.redspace.ironsspellbooks.worldgen.VillageAddition to FORGE
[21Dec2025 15:32:24.397] [modloading-worker-0/DEBUG] [net.minecraftforge.fml.javafmlmod.AutomaticEventSubscriber/LOADING]: Auto-subscribing io.redspace.ironsspellbooks.setup.DataHandling to FORGE
[21Dec2025 15:32:24.401] [modloading-worker-0/DEBUG] [net.minecraftforge.fml.javafmlmod.AutomaticEventSubscriber/LOADING]: Auto-subscribing io.redspace.ironsspellbooks.setup.CommonSetup to MOD
[21Dec2025 15:32:24.406] [modloading-worker-0/DEBUG] [net.minecraftforge.fml.javafmlmod.AutomaticEventSubscriber/LOADING]: Auto-subscribing io.redspace.ironsspellbooks.registries.CreativeTabRegistry to MOD
[21Dec2025 15:32:24.406] [modloading-worker-0/DEBUG] [net.minecraftforge.fml.javafmlmod.AutomaticEventSubscriber/LOADING]: Auto-subscribing io.redspace.ironsspellbooks.registries.CommandRegistry to FORGE
[21Dec2025 15:32:24.407] [modloading-worker-0/DEBUG] [net.minecraftforge.fml.javafmlmod.AutomaticEventSubscriber/LOADING]: Auto-subscribing io.redspace.ironsspellbooks.player.ServerPlayerEvents to FORGE
[21Dec2025 15:32:24.410] [modloading-worker-0/DEBUG] [mixin/]: Mixing block.BlockExtensionMixin from the_bumblezone-forge.mixins.json into com.telepathicgrunt.the_bumblezone.platform.BlockExtension
[21Dec2025 15:32:24.410] [modloading-worker-0/DEBUG] [mixin/]: Renaming synthetic method lambda$shouldDisplayFluidOverlay$1(Lnet/minecraft/world/level/block/state/BlockState;Lnet/minecraft/world/level/BlockAndTintGetter;Lnet/minecraft/core/BlockPos;Lnet/minecraft/world/level/material/FluidState;)Z to md6dd064$lambda$shouldDisplayFluidOverlay$1$0 in the_bumblezone-forge.mixins.json:block.BlockExtensionMixin
[21Dec2025 15:32:24.410] [modloading-worker-0/DEBUG] [mixin/]: Renaming synthetic method lambda$canStickTo$0(Lnet/minecraft/world/level/block/state/BlockState;Lnet/minecraft/world/level/block/state/BlockState;)Z to md6dd064$lambda$canStickTo$0$1 in the_bumblezone-forge.mixins.json:block.BlockExtensionMixin
[21Dec2025 15:32:24.424] [modloading-worker-0/DEBUG] [mixin/]: Mixing enchantment.BzEnchantmentMixin from the_bumblezone-forge.mixins.json into com.telepathicgrunt.the_bumblezone.platform.BzEnchantment
[21Dec2025 15:32:24.426] [modloading-worker-0/DEBUG] [mixin/]: Renaming synthetic method lambda$canApplyAtEnchantingTable$0(Lnet/minecraft/world/item/ItemStack;)Z to md6dd064$lambda$canApplyAtEnchantingTable$0$0 in the_bumblezone-forge.mixins.json:enchantment.BzEnchantmentMixin
[21Dec2025 15:32:24.448] [modloading-worker-0/DEBUG] [net.minecraftforge.fml.javafmlmod.AutomaticEventSubscriber/LOADING]: Auto-subscribing io.redspace.ironsspellbooks.player.AdditionalWanderingTrades to FORGE
[21Dec2025 15:32:24.452] [modloading-worker-0/DEBUG] [net.minecraftforge.fml.javafmlmod.AutomaticEventSubscriber/LOADING]: Auto-subscribing io.redspace.ironsspellbooks.loot.LootDebugEvents to FORGE
[21Dec2025 15:32:24.453] [modloading-worker-0/DEBUG] [net.minecraftforge.fml.javafmlmod.AutomaticEventSubscriber/LOADING]: Auto-subscribing io.redspace.ironsspellbooks.entity.mobs.wizards.WizardAIEvents to FORGE
[21Dec2025 15:32:24.457] [modloading-worker-0/DEBUG] [net.minecraftforge.fml.javafmlmod.AutomaticEventSubscriber/LOADING]: Auto-subscribing io.redspace.ironsspellbooks.effect.guiding_bolt.GuidingBoltManager to FORGE
[21Dec2025 15:32:24.460] [modloading-worker-0/DEBUG] [MrCrayfish's Furniture Mod: Refurbished/]: Loaded com.mrcrayfish.furniture.refurbished.platform.ForgePlatformHelper@6d36a12d for service interface com.mrcrayfish.furniture.refurbished.platform.services.IPlatformHelper
[21Dec2025 15:32:24.463] [modloading-worker-0/DEBUG] [net.minecraftforge.fml.javafmlmod.AutomaticEventSubscriber/LOADING]: Auto-subscribing io.redspace.ironsspellbooks.effect.ThunderstormEffect to FORGE
[21Dec2025 15:32:24.464] [modloading-worker-0/DEBUG] [MrCrayfish's Furniture Mod: Refurbished/]: Loaded com.mrcrayfish.furniture.refurbished.platform.ForgeBlockHelper@1b54fb19 for service interface com.mrcrayfish.furniture.refurbished.platform.services.IBlockHelper
[21Dec2025 15:32:24.469] [modloading-worker-0/DEBUG] [net.minecraftforge.fml.javafmlmod.AutomaticEventSubscriber/LOADING]: Auto-subscribing io.redspace.ironsspellbooks.effect.OakskinEffect to FORGE
[21Dec2025 15:32:24.470] [modloading-worker-0/DEBUG] [net.minecraftforge.fml.javafmlmod.AutomaticEventSubscriber/LOADING]: Auto-subscribing io.redspace.ironsspellbooks.effect.GluttonyEffect to FORGE
[21Dec2025 15:32:24.471] [modloading-worker-0/DEBUG] [net.minecraftforge.fml.javafmlmod.AutomaticEventSubscriber/LOADING]: Auto-subscribing io.redspace.ironsspellbooks.effect.EchoingStrikesEffect to FORGE
[21Dec2025 15:32:24.473] [modloading-worker-0/DEBUG] [net.minecraftforge.fml.javafmlmod.AutomaticEventSubscriber/LOADING]: Auto-subscribing io.redspace.ironsspellbooks.effect.BlightEffect to FORGE
[21Dec2025 15:32:24.476] [modloading-worker-0/DEBUG] [net.minecraftforge.fml.javafmlmod.AutomaticEventSubscriber/LOADING]: Auto-subscribing io.redspace.ironsspellbooks.datagen.DataGenerators to MOD
[21Dec2025 15:32:24.476] [modloading-worker-0/DEBUG] [MrCrayfish's Furniture Mod: Refurbished/]: Loaded com.mrcrayfish.furniture.refurbished.platform.ForgeBlockEntityHelper@490af968 for service interface com.mrcrayfish.furniture.refurbished.platform.services.IBlockEntityHelper
[21Dec2025 15:32:24.477] [modloading-worker-0/DEBUG] [MrCrayfish's Furniture Mod: Refurbished/]: Loaded com.mrcrayfish.furniture.refurbished.platform.ForgeItemHelper@427a2bdf for service interface com.mrcrayfish.furniture.refurbished.platform.services.IItemHelper
[21Dec2025 15:32:24.477] [modloading-worker-0/DEBUG] [net.minecraftforge.fml.javafmlmod.AutomaticEventSubscriber/LOADING]: Auto-subscribing io.redspace.ironsspellbooks.damage.DamageSources to FORGE
[21Dec2025 15:32:24.479] [modloading-worker-0/DEBUG] [MrCrayfish's Furniture Mod: Refurbished/]: Loaded com.mrcrayfish.furniture.refurbished.platform.ForgeEntityHelper@64d59e4d for service interface com.mrcrayfish.furniture.refurbished.platform.services.IEntityHelper
[21Dec2025 15:32:24.479] [modloading-worker-0/DEBUG] [MrCrayfish's Furniture Mod: Refurbished/]: Loaded com.mrcrayfish.furniture.refurbished.platform.ForgeRecipeHelper@57067f72 for service interface com.mrcrayfish.furniture.refurbished.platform.services.IRecipeHelper
[21Dec2025 15:32:24.481] [modloading-worker-0/DEBUG] [MrCrayfish's Furniture Mod: Refurbished/]: Loaded com.mrcrayfish.furniture.refurbished.platform.ForgeFluidHelper@6462d9f8 for service interface com.mrcrayfish.furniture.refurbished.platform.services.IFluidHelper
[21Dec2025 15:32:24.483] [modloading-worker-0/DEBUG] [net.minecraftforge.fml.javafmlmod.AutomaticEventSubscriber/LOADING]: Auto-subscribing io.redspace.ironsspellbooks.api.util.CameraShakeManager to FORGE
[21Dec2025 15:32:24.485] [modloading-worker-0/DEBUG] [MrCrayfish's Furniture Mod: Refurbished/]: Loaded com.mrcrayfish.furniture.refurbished.platform.ForgeTagHelper@4de5534b for service interface com.mrcrayfish.furniture.refurbished.platform.services.ITagHelper
[21Dec2025 15:32:24.488] [modloading-worker-0/DEBUG] [net.minecraftforge.fml.javafmlmod.AutomaticEventSubscriber/LOADING]: Auto-subscribing io.redspace.ironsspellbooks.api.registry.AttributeRegistry to MOD
[21Dec2025 15:32:24.489] [modloading-worker-0/DEBUG] [mixin/]: Mixing item.BzArrowItemMixin from the_bumblezone-forge.mixins.json into com.telepathicgrunt.the_bumblezone.platform.BzArrowItem
[21Dec2025 15:32:24.491] [modloading-worker-0/DEBUG] [MrCrayfish's Furniture Mod: Refurbished/]: Loaded com.mrcrayfish.furniture.refurbished.platform.ForgeMenuHelper@c49a78e for service interface com.mrcrayfish.furniture.refurbished.platform.services.IMenuHelper
[21Dec2025 15:32:24.496] [modloading-worker-0/DEBUG] [net.minecraftforge.fml.config.ConfigTracker/CONFIG]: Config file cosmeticarmorreworked-client.toml for cosmeticarmorreworked tracking
[21Dec2025 15:32:24.498] [modloading-worker-0/DEBUG] [net.minecraftforge.fml.config.ConfigTracker/CONFIG]: Config file cosmeticarmorreworked-common.toml for cosmeticarmorreworked tracking
[21Dec2025 15:32:24.498] [modloading-worker-0/DEBUG] [net.minecraftforge.fml.javafmlmod.AutomaticEventSubscriber/LOADING]: Attempting to inject @EventBusSubscriber classes into the eventbus for cosmeticarmorreworked
[21Dec2025 15:32:24.499] [modloading-worker-0/INFO] [be.florens.expandability.ExpandAbility/]: ExpandAbility here, who dis?
[21Dec2025 15:32:24.501] [modloading-worker-0/DEBUG] [net.minecraftforge.fml.javafmlmod.AutomaticEventSubscriber/LOADING]: Attempting to inject @EventBusSubscriber classes into the eventbus for expandability
[21Dec2025 15:32:24.501] [modloading-worker-0/DEBUG] [mixin/]: Mixing item.BzBucketItemMixin from the_bumblezone-forge.mixins.json into com.telepathicgrunt.the_bumblezone.fluids.base.BzBucketItem
[21Dec2025 15:32:24.655] [modloading-worker-0/DEBUG] [net.minecraftforge.fml.javafmlmod.AutomaticEventSubscriber/LOADING]: Attempting to inject @EventBusSubscriber classes into the eventbus for mcwfurnitures
[21Dec2025 15:32:24.655] [modloading-worker-0/DEBUG] [net.minecraftforge.fml.javafmlmod.AutomaticEventSubscriber/LOADING]: Auto-subscribing com.mcwfurnitures.kikoz.init.EntityInit to MOD
[21Dec2025 15:32:24.655] [modloading-worker-0/DEBUG] [net.minecraftforge.fml.javafmlmod.AutomaticEventSubscriber/LOADING]: Auto-subscribing com.mcwfurnitures.kikoz.MacawsFurnitures to MOD
[21Dec2025 15:32:24.658] [modloading-worker-0/DEBUG] [net.minecraftforge.fml.config.ConfigTracker/CONFIG]: Config file Obscuria/aquamirae-common.toml for aquamirae tracking
[21Dec2025 15:32:24.659] [modloading-worker-0/DEBUG] [net.minecraftforge.fml.config.ConfigTracker/CONFIG]: Config file Obscuria/aquamirae-client.toml for aquamirae tracking
[21Dec2025 15:32:24.662] [modloading-worker-0/DEBUG] [net.minecraftforge.fml.javafmlmod.AutomaticEventSubscriber/LOADING]: Attempting to inject @EventBusSubscriber classes into the eventbus for aquamirae
[21Dec2025 15:32:24.662] [modloading-worker-0/DEBUG] [net.minecraftforge.fml.javafmlmod.AutomaticEventSubscriber/LOADING]: Auto-subscribing com.obscuria.aquamirae.registry.AquamiraeEntities to MOD
[21Dec2025 15:32:24.662] [modloading-worker-0/DEBUG] [net.minecraftforge.fml.javafmlmod.AutomaticEventSubscriber/LOADING]: Auto-subscribing com.obscuria.aquamirae.registry.AquamiraeCreativeTab to MOD
[21Dec2025 15:32:24.663] [modloading-worker-0/DEBUG] [net.minecraftforge.fml.javafmlmod.AutomaticEventSubscriber/LOADING]: Auto-subscribing com.obscuria.aquamirae.network.ScrollMessage to MOD
[21Dec2025 15:32:24.663] [modloading-worker-0/DEBUG] [net.minecraftforge.fml.javafmlmod.AutomaticEventSubscriber/LOADING]: Auto-subscribing com.obscuria.aquamirae.common.recipes.SpectralPotionRecipe to MOD
[21Dec2025 15:32:24.667] [modloading-worker-0/DEBUG] [net.minecraftforge.fml.javafmlmod.AutomaticEventSubscriber/LOADING]: Auto-subscribing com.obscuria.aquamirae.common.recipes.PotionOfTenacityRecipe to MOD
[21Dec2025 15:32:24.667] [modloading-worker-0/DEBUG] [net.minecraftforge.fml.javafmlmod.AutomaticEventSubscriber/LOADING]: Auto-subscribing com.obscuria.aquamirae.common.items.armor.TerribleArmorItem to FORGE
[21Dec2025 15:32:24.668] [modloading-worker-0/DEBUG] [net.minecraftforge.fml.javafmlmod.AutomaticEventSubscriber/LOADING]: Auto-subscribing com.obscuria.aquamirae.common.items.RuneOfTheStormItem to FORGE
[21Dec2025 15:32:24.694] [modloading-worker-0/DEBUG] [mixin/]: Mixing block.BzLiquidBlockMixin from the_bumblezone-forge.mixins.json into com.telepathicgrunt.the_bumblezone.fluids.base.BzLiquidBlock
[21Dec2025 15:32:24.695] [modloading-worker-0/DEBUG] [mixin/]: Renaming synthetic method lambda$bumblezone$onInit$0()Lnet/minecraft/world/level/block/LiquidBlock; to md6dd064$lambda$bumblezone$onInit$0$0 in the_bumblezone-forge.mixins.json:block.BzLiquidBlockMixin
[21Dec2025 15:32:24.700] [modloading-worker-0/DEBUG] [mixin/]: Mixing block.BzFlowingFluidMixin from the_bumblezone-forge.mixins.json into com.telepathicgrunt.the_bumblezone.fluids.base.BzFlowingFluid
[21Dec2025 15:32:24.779] [modloading-worker-0/DEBUG] [Framework/]: Started watching config: /workspaces/terradirma/servidor_minecraft/config/goblintraders-entities.toml
[21Dec2025 15:32:24.805] [modloading-worker-0/DEBUG] [net.minecraftforge.fml.javafmlmod.AutomaticEventSubscriber/LOADING]: Attempting to inject @EventBusSubscriber classes into the eventbus for framework
[21Dec2025 15:32:24.805] [modloading-worker-0/DEBUG] [net.minecraftforge.fml.javafmlmod.AutomaticEventSubscriber/LOADING]: Auto-subscribing com.mrcrayfish.framework.entity.sync.ForgeSyncedEntityDataHandler to FORGE
[21Dec2025 15:32:24.807] [modloading-worker-0/DEBUG] [net.minecraftforge.fml.javafmlmod.AutomaticEventSubscriber/LOADING]: Attempting to inject @EventBusSubscriber classes into the eventbus for the_bumblezone
[21Dec2025 15:32:24.807] [modloading-worker-0/DEBUG] [net.minecraftforge.fml.javafmlmod.AutomaticEventSubscriber/LOADING]: Auto-subscribing com.telepathicgrunt.the_bumblezone.modcompat.forge.CorailTombstoneCompat$CorailCompatEvents to FORGE
[21Dec2025 15:32:24.809] [modloading-worker-0/DEBUG] [net.minecraftforge.fml.javafmlmod.AutomaticEventSubscriber/LOADING]: Auto-subscribing com.telepathicgrunt.the_bumblezone.datagen.StructureNbtUpdaterDatagen to MOD
[21Dec2025 15:32:24.810] [main/DEBUG] [net.minecraftforge.fml.DeferredWorkQueue/LOADING]: Dispatching synchronous work for work queue CONSTRUCT: 2 jobs
[21Dec2025 15:32:24.814] [main/DEBUG] [net.minecraftforge.fml.DeferredWorkQueue/LOADING]: Synchronous work queue completed in 2.444 ms
[21Dec2025 15:32:24.885] [main/DEBUG] [net.minecraftforge.common.capabilities.CapabilityManager/CAPABILITIES]: Attempting to automatically register: Lnet/minecraftforge/energy/IEnergyStorage;
[21Dec2025 15:32:24.885] [main/DEBUG] [net.minecraftforge.common.capabilities.CapabilityManager/CAPABILITIES]: Attempting to automatically register: Lnet/minecraftforge/fluids/capability/IFluidHandler;
[21Dec2025 15:32:24.885] [main/DEBUG] [net.minecraftforge.common.capabilities.CapabilityManager/CAPABILITIES]: Attempting to automatically register: Lnet/minecraftforge/fluids/capability/IFluidHandlerItem;
[21Dec2025 15:32:24.885] [main/DEBUG] [net.minecraftforge.common.capabilities.CapabilityManager/CAPABILITIES]: Attempting to automatically register: Lnet/minecraftforge/items/IItemHandler;
[21Dec2025 15:32:24.898] [main/WARN] [net.minecraftforge.registries.ForgeRegistry/REGISTRIES]: Registry minecraft:sound_event: The object net.minecraft.sounds.SoundEvent@56005b40 has been registered twice for the same name treechop:chop_wood.
[21Dec2025 15:32:31.741] [main/DEBUG] [software.bernie.geckolib.GeckoLib/]: Registered SyncedAnimatable for class com.bobmowzie.mowziesmobs.server.item.ItemEarthrendGauntlet
[21Dec2025 15:32:31.741] [main/DEBUG] [software.bernie.geckolib.GeckoLib/]: Registered SyncedAnimatable for class com.bobmowzie.mowziesmobs.server.item.ItemSculptorStaff
[21Dec2025 15:32:31.798] [main/DEBUG] [mixin/]: Mixing gamerule.BooleanValueInvoker from mixins.artifacts.common.json into net.minecraft.world.level.GameRules$BooleanValue
[21Dec2025 15:32:31.799] [main/DEBUG] [mixin/]: Renaming @Invoker method invokeCreate(ZLjava/util/function/BiConsumer;)Lnet/minecraft/world/level/GameRules$Type; to invokeCreate_$md$6dd064$0 in mixins.artifacts.common.json:gamerule.BooleanValueInvoker
[21Dec2025 15:32:31.806] [main/DEBUG] [mixin/]: Mixing gamerule.IntegerValueInvoker from mixins.artifacts.common.json into net.minecraft.world.level.GameRules$IntegerValue
[21Dec2025 15:32:31.806] [main/DEBUG] [mixin/]: Renaming @Invoker method invokeCreate(ILjava/util/function/BiConsumer;)Lnet/minecraft/world/level/GameRules$Type; to invokeCreate_$md$6dd064$0 in mixins.artifacts.common.json:gamerule.IntegerValueInvoker
[21Dec2025 15:32:31.956] [main/DEBUG] [io.netty.util.internal.InternalThreadLocalMap/]: -Dio.netty.threadLocalMap.stringBuilder.initialSize: 1024
[21Dec2025 15:32:31.956] [main/DEBUG] [io.netty.util.internal.InternalThreadLocalMap/]: -Dio.netty.threadLocalMap.stringBuilder.maxSize: 4096
[21Dec2025 15:32:31.956] [main/DEBUG] [io.netty.util.internal.ThreadLocalRandom/]: -Dio.netty.initialSeedUniquifier: 0x0ee7cf3fcf7e2169
[21Dec2025 15:32:32.009] [main/DEBUG] [Goblin Traders/]: Loaded com.mrcrayfish.goblintraders.platform.ForgePlatformHelper@2d9bdee4 for service interface com.mrcrayfish.goblintraders.platform.services.IPlatformHelper
[21Dec2025 15:32:32.295] [main/DEBUG] [dev.architectury.core.item.ArchitecturySpawnEggItem/]: Registering spawn egg mimic_spawn_egg for artifacts:mimic
[21Dec2025 15:32:32.296] [main/WARN] [dev.architectury.registry.registries.forge.RegistrarManagerImpl/]: Registry entry listened Registry Entry [minecraft:entity_type / vinery:mule] was not realized!
[21Dec2025 15:32:32.296] [main/WARN] [dev.architectury.registry.registries.forge.RegistrarManagerImpl/]: Registry entry listened Registry Entry [minecraft:entity_type / vinery:wandering_winemaker] was not realized!
[21Dec2025 15:32:32.296] [main/WARN] [dev.architectury.registry.registries.forge.RegistrarManagerImpl/]: Registry entry listened Registry Entry [minecraft:entity_type / bakery:wandering_baker] was not realized!
[21Dec2025 15:32:32.771] [main/WARN] [dev.architectury.registry.registries.forge.RegistrarManagerImpl/]: Registry entry listened Registry Entry [minecraft:entity_type / vinery:mule] was not realized!
[21Dec2025 15:32:32.771] [main/WARN] [dev.architectury.registry.registries.forge.RegistrarManagerImpl/]: Registry entry listened Registry Entry [minecraft:entity_type / vinery:wandering_winemaker] was not realized!
[21Dec2025 15:32:32.771] [main/WARN] [dev.architectury.registry.registries.forge.RegistrarManagerImpl/]: Registry entry listened Registry Entry [minecraft:entity_type / bakery:wandering_baker] was not realized!
[21Dec2025 15:32:32.772] [main/WARN] [dev.architectury.registry.registries.forge.RegistrarManagerImpl/]: Registry entry listened Registry Entry [minecraft:entity_type / vinery:mule] was not realized!
[21Dec2025 15:32:32.772] [main/WARN] [dev.architectury.registry.registries.forge.RegistrarManagerImpl/]: Registry entry listened Registry Entry [minecraft:entity_type / vinery:wandering_winemaker] was not realized!
[21Dec2025 15:32:32.772] [main/WARN] [dev.architectury.registry.registries.forge.RegistrarManagerImpl/]: Registry entry listened Registry Entry [minecraft:entity_type / bakery:wandering_baker] was not realized!
[21Dec2025 15:32:32.775] [main/WARN] [dev.architectury.registry.registries.forge.RegistrarManagerImpl/]: Registry entry listened Registry Entry [minecraft:entity_type / vinery:mule] was not realized!
[21Dec2025 15:32:32.775] [main/WARN] [dev.architectury.registry.registries.forge.RegistrarManagerImpl/]: Registry entry listened Registry Entry [minecraft:entity_type / vinery:wandering_winemaker] was not realized!
[21Dec2025 15:32:32.775] [main/WARN] [dev.architectury.registry.registries.forge.RegistrarManagerImpl/]: Registry entry listened Registry Entry [minecraft:entity_type / bakery:wandering_baker] was not realized!
[21Dec2025 15:32:32.776] [main/DEBUG] [dev.architectury.core.item.ArchitecturySpawnEggItem/]: Registering spawn egg wandering_baker_spawn_egg for bakery:wandering_baker
[21Dec2025 15:32:32.776] [main/WARN] [dev.architectury.registry.registries.forge.RegistrarManagerImpl/]: Registry entry listened Registry Entry [minecraft:entity_type / vinery:mule] was not realized!
[21Dec2025 15:32:32.777] [main/WARN] [dev.architectury.registry.registries.forge.RegistrarManagerImpl/]: Registry entry listened Registry Entry [minecraft:entity_type / vinery:wandering_winemaker] was not realized!
[21Dec2025 15:32:32.778] [main/DEBUG] [dev.architectury.core.item.ArchitecturySpawnEggItem/]: Registering spawn egg mule_spawn_egg for vinery:mule
[21Dec2025 15:32:32.779] [main/DEBUG] [dev.architectury.core.item.ArchitecturySpawnEggItem/]: Registering spawn egg wandering_winemaker_spawn_egg for vinery:wandering_winemaker
[21Dec2025 15:32:32.950] [main/DEBUG] [mixin/]: Mixing block.BzRandomizableContainerBlockEntityMixin from the_bumblezone-forge.mixins.json into com.telepathicgrunt.the_bumblezone.blocks.blockentities.BzRandomizableContainerBlockEntity
[21Dec2025 15:32:33.240] [main/DEBUG] [mixin/]: Mixing world.BiomeManagerAccessor from the_bumblezone-common.mixins.json into net.minecraft.world.level.biome.BiomeManager
[21Dec2025 15:32:33.391] [main/WARN] [Easy NPC/]: [Custom Entity Data] Please define a custom index instead of using the auto-generated.
[21Dec2025 15:32:33.396] [main/INFO] [Easy NPC/]: Register data serializers ...
[21Dec2025 15:32:33.396] [main/INFO] [Easy NPC/]: - Registering Synched Attack Data for EasyNPCBaseEntity.
[21Dec2025 15:32:33.397] [main/WARN] [net.minecraft.network.syncher.SynchedEntityData/]: defineId called for: class de.markusbordihn.easynpc.entity.EasyNPCBaseEntity from interface de.markusbordihn.easynpc.entity.easynpc.data.AttackData
[21Dec2025 15:32:33.397] [main/WARN] [net.minecraft.network.syncher.SynchedEntityData/]: defineId called for: class de.markusbordihn.easynpc.entity.EasyNPCBaseEntity from interface de.markusbordihn.easynpc.entity.easynpc.data.AttackData
[21Dec2025 15:32:33.397] [main/INFO] [Easy NPC/]: - Registering Synched Attribute Data for EasyNPCBaseEntity.
[21Dec2025 15:32:33.397] [main/WARN] [net.minecraft.network.syncher.SynchedEntityData/]: defineId called for: class de.markusbordihn.easynpc.entity.EasyNPCBaseEntity from interface de.markusbordihn.easynpc.entity.easynpc.data.AttributeData
[21Dec2025 15:32:33.398] [main/WARN] [net.minecraft.network.syncher.SynchedEntityData/]: defineId called for: class de.markusbordihn.easynpc.entity.EasyNPCBaseEntity from interface de.markusbordihn.easynpc.entity.easynpc.data.AttributeData
[21Dec2025 15:32:33.398] [main/WARN] [net.minecraft.network.syncher.SynchedEntityData/]: defineId called for: class de.markusbordihn.easynpc.entity.EasyNPCBaseEntity from interface de.markusbordihn.easynpc.entity.easynpc.data.AttributeData
[21Dec2025 15:32:33.398] [main/WARN] [net.minecraft.network.syncher.SynchedEntityData/]: defineId called for: class de.markusbordihn.easynpc.entity.EasyNPCBaseEntity from interface de.markusbordihn.easynpc.entity.easynpc.data.AttributeData
[21Dec2025 15:32:33.398] [main/WARN] [net.minecraft.network.syncher.SynchedEntityData/]: defineId called for: class de.markusbordihn.easynpc.entity.EasyNPCBaseEntity from interface de.markusbordihn.easynpc.entity.easynpc.data.AttributeData
[21Dec2025 15:32:33.398] [main/WARN] [net.minecraft.network.syncher.SynchedEntityData/]: defineId called for: class de.markusbordihn.easynpc.entity.EasyNPCBaseEntity from interface de.markusbordihn.easynpc.entity.easynpc.data.AttributeData
[21Dec2025 15:32:33.399] [main/WARN] [net.minecraft.network.syncher.SynchedEntityData/]: defineId called for: class de.markusbordihn.easynpc.entity.EasyNPCBaseEntity from interface de.markusbordihn.easynpc.entity.easynpc.data.AttributeData
[21Dec2025 15:32:33.399] [main/WARN] [net.minecraft.network.syncher.SynchedEntityData/]: defineId called for: class de.markusbordihn.easynpc.entity.EasyNPCBaseEntity from interface de.markusbordihn.easynpc.entity.easynpc.data.AttributeData
[21Dec2025 15:32:33.399] [main/WARN] [net.minecraft.network.syncher.SynchedEntityData/]: defineId called for: class de.markusbordihn.easynpc.entity.EasyNPCBaseEntity from interface de.markusbordihn.easynpc.entity.easynpc.data.AttributeData
[21Dec2025 15:32:33.399] [main/WARN] [net.minecraft.network.syncher.SynchedEntityData/]: defineId called for: class de.markusbordihn.easynpc.entity.EasyNPCBaseEntity from interface de.markusbordihn.easynpc.entity.easynpc.data.AttributeData
[21Dec2025 15:32:33.399] [main/WARN] [net.minecraft.network.syncher.SynchedEntityData/]: defineId called for: class de.markusbordihn.easynpc.entity.EasyNPCBaseEntity from interface de.markusbordihn.easynpc.entity.easynpc.data.AttributeData
[21Dec2025 15:32:33.399] [main/WARN] [net.minecraft.network.syncher.SynchedEntityData/]: defineId called for: class de.markusbordihn.easynpc.entity.EasyNPCBaseEntity from interface de.markusbordihn.easynpc.entity.easynpc.data.AttributeData
[21Dec2025 15:32:33.400] [main/INFO] [Easy NPC/]: - Registering Synched Navigation Data for EasyNPCBaseEntity.
[21Dec2025 15:32:33.400] [main/WARN] [net.minecraft.network.syncher.SynchedEntityData/]: defineId called for: class de.markusbordihn.easynpc.entity.EasyNPCBaseEntity from interface de.markusbordihn.easynpc.entity.easynpc.data.NavigationData
[21Dec2025 15:32:33.400] [main/INFO] [Easy NPC/]: - Registering Synched Owner Data for EasyNPCBaseEntity.
[21Dec2025 15:32:33.400] [main/WARN] [net.minecraft.network.syncher.SynchedEntityData/]: defineId called for: class de.markusbordihn.easynpc.entity.EasyNPCBaseEntity from interface de.markusbordihn.easynpc.entity.easynpc.data.OwnerData
[21Dec2025 15:32:33.400] [main/INFO] [Easy NPC/]: - Registering Synched Profession Data for EasyNPCBaseEntity.
[21Dec2025 15:32:33.400] [main/WARN] [net.minecraft.network.syncher.SynchedEntityData/]: defineId called for: class de.markusbordihn.easynpc.entity.EasyNPCBaseEntity from interface de.markusbordihn.easynpc.entity.easynpc.data.ProfessionData
[21Dec2025 15:32:33.401] [main/INFO] [Easy NPC/]: - Registering Synched Render Data for EasyNPCBaseEntity.
[21Dec2025 15:32:33.401] [main/WARN] [net.minecraft.network.syncher.SynchedEntityData/]: defineId called for: class de.markusbordihn.easynpc.entity.EasyNPCBaseEntity from interface de.markusbordihn.easynpc.entity.easynpc.data.RenderData
[21Dec2025 15:32:33.401] [main/INFO] [Easy NPC/]: - Registering Synched Skin Data for EasyNPCBaseEntity.
[21Dec2025 15:32:33.401] [main/WARN] [net.minecraft.network.syncher.SynchedEntityData/]: defineId called for: class de.markusbordihn.easynpc.entity.EasyNPCBaseEntity from interface de.markusbordihn.easynpc.entity.easynpc.data.SkinData
[21Dec2025 15:32:33.401] [main/WARN] [net.minecraft.network.syncher.SynchedEntityData/]: defineId called for: class de.markusbordihn.easynpc.entity.EasyNPCBaseEntity from interface de.markusbordihn.easynpc.entity.easynpc.data.SkinData
[21Dec2025 15:32:33.401] [main/WARN] [net.minecraft.network.syncher.SynchedEntityData/]: defineId called for: class de.markusbordihn.easynpc.entity.EasyNPCBaseEntity from interface de.markusbordihn.easynpc.entity.easynpc.data.SkinData
[21Dec2025 15:32:33.401] [main/WARN] [net.minecraft.network.syncher.SynchedEntityData/]: defineId called for: class de.markusbordihn.easynpc.entity.EasyNPCBaseEntity from interface de.markusbordihn.easynpc.entity.easynpc.data.SkinData
[21Dec2025 15:32:33.402] [main/INFO] [Easy NPC/]: - Registering Synched Sound Data for EasyNPCBaseEntity.
[21Dec2025 15:32:33.402] [main/WARN] [net.minecraft.network.syncher.SynchedEntityData/]: defineId called for: class de.markusbordihn.easynpc.entity.EasyNPCBaseEntity from interface de.markusbordihn.easynpc.entity.easynpc.data.SoundData
[21Dec2025 15:32:33.402] [main/INFO] [Easy NPC/]: - Registering Synched Trading Data for EasyNPCBaseEntity.
[21Dec2025 15:32:33.402] [main/WARN] [net.minecraft.network.syncher.SynchedEntityData/]: defineId called for: class de.markusbordihn.easynpc.entity.EasyNPCBaseEntity from interface de.markusbordihn.easynpc.entity.easynpc.data.TradingData
[21Dec2025 15:32:33.402] [main/WARN] [net.minecraft.network.syncher.SynchedEntityData/]: defineId called for: class de.markusbordihn.easynpc.entity.EasyNPCBaseEntity from interface de.markusbordihn.easynpc.entity.easynpc.data.TradingData
[21Dec2025 15:32:33.402] [main/WARN] [net.minecraft.network.syncher.SynchedEntityData/]: defineId called for: class de.markusbordihn.easynpc.entity.EasyNPCBaseEntity from interface de.markusbordihn.easynpc.entity.easynpc.data.TradingData
[21Dec2025 15:32:33.403] [main/WARN] [net.minecraft.network.syncher.SynchedEntityData/]: defineId called for: class de.markusbordihn.easynpc.entity.EasyNPCBaseEntity from interface de.markusbordihn.easynpc.entity.easynpc.data.TradingData
[21Dec2025 15:32:33.403] [main/WARN] [net.minecraft.network.syncher.SynchedEntityData/]: defineId called for: class de.markusbordihn.easynpc.entity.EasyNPCBaseEntity from interface de.markusbordihn.easynpc.entity.easynpc.data.TradingData
[21Dec2025 15:32:33.403] [main/WARN] [net.minecraft.network.syncher.SynchedEntityData/]: defineId called for: class de.markusbordihn.easynpc.entity.EasyNPCBaseEntity from interface de.markusbordihn.easynpc.entity.easynpc.data.TradingData
[21Dec2025 15:32:33.403] [main/INFO] [Easy NPC/]: - Registering Synched Variant Data for EasyNPCBaseEntity.
[21Dec2025 15:32:33.403] [main/WARN] [net.minecraft.network.syncher.SynchedEntityData/]: defineId called for: class de.markusbordihn.easynpc.entity.EasyNPCBaseEntity from interface de.markusbordihn.easynpc.entity.easynpc.data.VariantData
[21Dec2025 15:32:33.431] [main/INFO] [Easy NPC/]: Register model data serializers for ...
[21Dec2025 15:32:33.431] [main/INFO] [Easy NPC/]: - Registering Synched Model Data for EasyNPCBaseModelEntity.
[21Dec2025 15:32:33.431] [main/WARN] [net.minecraft.network.syncher.SynchedEntityData/]: defineId called for: class de.markusbordihn.easynpc.entity.EasyNPCBaseModelEntity from interface de.markusbordihn.easynpc.entity.easynpc.data.ModelData
[21Dec2025 15:32:33.431] [main/WARN] [net.minecraft.network.syncher.SynchedEntityData/]: defineId called for: class de.markusbordihn.easynpc.entity.EasyNPCBaseModelEntity from interface de.markusbordihn.easynpc.entity.easynpc.data.ModelData
[21Dec2025 15:32:33.432] [main/WARN] [net.minecraft.network.syncher.SynchedEntityData/]: defineId called for: class de.markusbordihn.easynpc.entity.EasyNPCBaseModelEntity from interface de.markusbordihn.easynpc.entity.easynpc.data.ModelData
[21Dec2025 15:32:33.432] [main/WARN] [net.minecraft.network.syncher.SynchedEntityData/]: defineId called for: class de.markusbordihn.easynpc.entity.EasyNPCBaseModelEntity from interface de.markusbordihn.easynpc.entity.easynpc.data.ModelData
[21Dec2025 15:32:33.432] [main/WARN] [net.minecraft.network.syncher.SynchedEntityData/]: defineId called for: class de.markusbordihn.easynpc.entity.EasyNPCBaseModelEntity from interface de.markusbordihn.easynpc.entity.easynpc.data.ModelData
[21Dec2025 15:32:33.432] [main/WARN] [net.minecraft.network.syncher.SynchedEntityData/]: defineId called for: class de.markusbordihn.easynpc.entity.EasyNPCBaseModelEntity from interface de.markusbordihn.easynpc.entity.easynpc.data.ModelData
[21Dec2025 15:32:33.432] [main/WARN] [net.minecraft.network.syncher.SynchedEntityData/]: defineId called for: class de.markusbordihn.easynpc.entity.EasyNPCBaseModelEntity from interface de.markusbordihn.easynpc.entity.easynpc.data.ModelData
[21Dec2025 15:32:33.432] [main/WARN] [net.minecraft.network.syncher.SynchedEntityData/]: defineId called for: class de.markusbordihn.easynpc.entity.EasyNPCBaseModelEntity from interface de.markusbordihn.easynpc.entity.easynpc.data.ModelData
[21Dec2025 15:32:33.433] [main/WARN] [net.minecraft.network.syncher.SynchedEntityData/]: defineId called for: class de.markusbordihn.easynpc.entity.EasyNPCBaseModelEntity from interface de.markusbordihn.easynpc.entity.easynpc.data.ModelData
[21Dec2025 15:32:33.433] [main/INFO] [Easy NPC/]: - Registering Synched Model Position Data for EasyNPCBaseModelEntity.
[21Dec2025 15:32:33.433] [main/WARN] [net.minecraft.network.syncher.SynchedEntityData/]: defineId called for: class de.markusbordihn.easynpc.entity.EasyNPCBaseModelEntity from interface de.markusbordihn.easynpc.entity.easynpc.data.ModelPositionData
[21Dec2025 15:32:33.433] [main/WARN] [net.minecraft.network.syncher.SynchedEntityData/]: defineId called for: class de.markusbordihn.easynpc.entity.EasyNPCBaseModelEntity from interface de.markusbordihn.easynpc.entity.easynpc.data.ModelPositionData
[21Dec2025 15:32:33.433] [main/WARN] [net.minecraft.network.syncher.SynchedEntityData/]: defineId called for: class de.markusbordihn.easynpc.entity.EasyNPCBaseModelEntity from interface de.markusbordihn.easynpc.entity.easynpc.data.ModelPositionData
[21Dec2025 15:32:33.433] [main/WARN] [net.minecraft.network.syncher.SynchedEntityData/]: defineId called for: class de.markusbordihn.easynpc.entity.EasyNPCBaseModelEntity from interface de.markusbordihn.easynpc.entity.easynpc.data.ModelPositionData
[21Dec2025 15:32:33.433] [main/WARN] [net.minecraft.network.syncher.SynchedEntityData/]: defineId called for: class de.markusbordihn.easynpc.entity.EasyNPCBaseModelEntity from interface de.markusbordihn.easynpc.entity.easynpc.data.ModelPositionData
[21Dec2025 15:32:33.434] [main/WARN] [net.minecraft.network.syncher.SynchedEntityData/]: defineId called for: class de.markusbordihn.easynpc.entity.EasyNPCBaseModelEntity from interface de.markusbordihn.easynpc.entity.easynpc.data.ModelPositionData
[21Dec2025 15:32:33.434] [main/WARN] [net.minecraft.network.syncher.SynchedEntityData/]: defineId called for: class de.markusbordihn.easynpc.entity.EasyNPCBaseModelEntity from interface de.markusbordihn.easynpc.entity.easynpc.data.ModelPositionData
[21Dec2025 15:32:33.434] [main/INFO] [Easy NPC/]: - Registering Synched Model Rotation Data for EasyNPCBaseModelEntity.
[21Dec2025 15:32:33.434] [main/WARN] [net.minecraft.network.syncher.SynchedEntityData/]: defineId called for: class de.markusbordihn.easynpc.entity.EasyNPCBaseModelEntity from interface de.markusbordihn.easynpc.entity.easynpc.data.ModelRotationData
[21Dec2025 15:32:33.434] [main/WARN] [net.minecraft.network.syncher.SynchedEntityData/]: defineId called for: class de.markusbordihn.easynpc.entity.EasyNPCBaseModelEntity from interface de.markusbordihn.easynpc.entity.easynpc.data.ModelRotationData
[21Dec2025 15:32:33.434] [main/WARN] [net.minecraft.network.syncher.SynchedEntityData/]: defineId called for: class de.markusbordihn.easynpc.entity.EasyNPCBaseModelEntity from interface de.markusbordihn.easynpc.entity.easynpc.data.ModelRotationData
[21Dec2025 15:32:33.435] [main/WARN] [net.minecraft.network.syncher.SynchedEntityData/]: defineId called for: class de.markusbordihn.easynpc.entity.EasyNPCBaseModelEntity from interface de.markusbordihn.easynpc.entity.easynpc.data.ModelRotationData
[21Dec2025 15:32:33.435] [main/WARN] [net.minecraft.network.syncher.SynchedEntityData/]: defineId called for: class de.markusbordihn.easynpc.entity.EasyNPCBaseModelEntity from interface de.markusbordihn.easynpc.entity.easynpc.data.ModelRotationData
[21Dec2025 15:32:33.435] [main/WARN] [net.minecraft.network.syncher.SynchedEntityData/]: defineId called for: class de.markusbordihn.easynpc.entity.EasyNPCBaseModelEntity from interface de.markusbordihn.easynpc.entity.easynpc.data.ModelRotationData
[21Dec2025 15:32:33.435] [main/WARN] [net.minecraft.network.syncher.SynchedEntityData/]: defineId called for: class de.markusbordihn.easynpc.entity.EasyNPCBaseModelEntity from interface de.markusbordihn.easynpc.entity.easynpc.data.ModelRotationData
[21Dec2025 15:32:33.435] [main/WARN] [net.minecraft.network.syncher.SynchedEntityData/]: defineId called for: class de.markusbordihn.easynpc.entity.EasyNPCBaseModelEntity from interface de.markusbordihn.easynpc.entity.easynpc.data.ModelRotationData
[21Dec2025 15:32:33.435] [main/WARN] [net.minecraft.network.syncher.SynchedEntityData/]: defineId called for: class de.markusbordihn.easynpc.entity.EasyNPCBaseModelEntity from interface de.markusbordihn.easynpc.entity.easynpc.data.ModelRotationData
[21Dec2025 15:32:33.435] [main/INFO] [Easy NPC/]: - Registering Synched Model Visibility Data for EasyNPCBaseModelEntity.
[21Dec2025 15:32:33.436] [main/WARN] [net.minecraft.network.syncher.SynchedEntityData/]: defineId called for: class de.markusbordihn.easynpc.entity.EasyNPCBaseModelEntity from interface de.markusbordihn.easynpc.entity.easynpc.data.ModelVisibilityData
[21Dec2025 15:32:33.436] [main/WARN] [net.minecraft.network.syncher.SynchedEntityData/]: defineId called for: class de.markusbordihn.easynpc.entity.EasyNPCBaseModelEntity from interface de.markusbordihn.easynpc.entity.easynpc.data.ModelVisibilityData
[21Dec2025 15:32:33.436] [main/WARN] [net.minecraft.network.syncher.SynchedEntityData/]: defineId called for: class de.markusbordihn.easynpc.entity.EasyNPCBaseModelEntity from interface de.markusbordihn.easynpc.entity.easynpc.data.ModelVisibilityData
[21Dec2025 15:32:33.436] [main/WARN] [net.minecraft.network.syncher.SynchedEntityData/]: defineId called for: class de.markusbordihn.easynpc.entity.EasyNPCBaseModelEntity from interface de.markusbordihn.easynpc.entity.easynpc.data.ModelVisibilityData
[21Dec2025 15:32:33.436] [main/WARN] [net.minecraft.network.syncher.SynchedEntityData/]: defineId called for: class de.markusbordihn.easynpc.entity.EasyNPCBaseModelEntity from interface de.markusbordihn.easynpc.entity.easynpc.data.ModelVisibilityData
[21Dec2025 15:32:33.436] [main/WARN] [net.minecraft.network.syncher.SynchedEntityData/]: defineId called for: class de.markusbordihn.easynpc.entity.EasyNPCBaseModelEntity from interface de.markusbordihn.easynpc.entity.easynpc.data.ModelVisibilityData
[21Dec2025 15:32:33.436] [main/WARN] [net.minecraft.network.syncher.SynchedEntityData/]: defineId called for: class de.markusbordihn.easynpc.entity.EasyNPCBaseModelEntity from interface de.markusbordihn.easynpc.entity.easynpc.data.ModelVisibilityData
[21Dec2025 15:32:33.437] [main/WARN] [net.minecraft.network.syncher.SynchedEntityData/]: defineId called for: class de.markusbordihn.easynpc.entity.EasyNPCBaseModelEntity from interface de.markusbordihn.easynpc.entity.easynpc.data.ModelVisibilityData
[21Dec2025 15:32:33.437] [main/WARN] [net.minecraft.network.syncher.SynchedEntityData/]: defineId called for: class de.markusbordihn.easynpc.entity.EasyNPCBaseModelEntity from interface de.markusbordihn.easynpc.entity.easynpc.data.ModelVisibilityData
[21Dec2025 15:32:33.437] [main/WARN] [net.minecraft.network.syncher.SynchedEntityData/]: defineId called for: class de.markusbordihn.easynpc.entity.EasyNPCBaseModelEntity from interface de.markusbordihn.easynpc.entity.easynpc.data.ModelVisibilityData
[21Dec2025 15:32:33.437] [main/WARN] [net.minecraft.network.syncher.SynchedEntityData/]: defineId called for: class de.markusbordihn.easynpc.entity.EasyNPCBaseModelEntity from interface de.markusbordihn.easynpc.entity.easynpc.data.ModelVisibilityData
[21Dec2025 15:32:33.437] [main/INFO] [Easy NPC/]: - Registering Synched Scale Data for EasyNPCBaseModelEntity.
[21Dec2025 15:32:33.437] [main/WARN] [net.minecraft.network.syncher.SynchedEntityData/]: defineId called for: class de.markusbordihn.easynpc.entity.EasyNPCBaseModelEntity from interface de.markusbordihn.easynpc.entity.easynpc.data.ScaleData
[21Dec2025 15:32:33.437] [main/WARN] [net.minecraft.network.syncher.SynchedEntityData/]: defineId called for: class de.markusbordihn.easynpc.entity.EasyNPCBaseModelEntity from interface de.markusbordihn.easynpc.entity.easynpc.data.ScaleData
[21Dec2025 15:32:33.438] [main/WARN] [net.minecraft.network.syncher.SynchedEntityData/]: defineId called for: class de.markusbordihn.easynpc.entity.EasyNPCBaseModelEntity from interface de.markusbordihn.easynpc.entity.easynpc.data.ScaleData
[21Dec2025 15:32:33.476] [main/WARN] [net.minecraft.network.syncher.SynchedEntityData/]: defineId called for: class com.github.alexmodguy.alexscaves.server.entity.living.TremorzillaEntity from class com.github.alexmodguy.alexscaves.server.entity.living.LicowitchEntity
[21Dec2025 15:32:33.477] [main/DEBUG] [mixin/]: Mixing PotionUtilsMixin from alexscaves.mixins.json into net.minecraft.world.item.alchemy.PotionUtils
[21Dec2025 15:32:33.477] [main/DEBUG] [mixin/]: Renaming synthetic method lambda$ac_getColor$0(Lnet/minecraft/world/effect/MobEffectInstance;)Z to md6dd064$lambda$ac_getColor$0$0 in alexscaves.mixins.json:PotionUtilsMixin
[21Dec2025 15:32:33.482] [main/DEBUG] [mixin/]: Mixing SpawnRestrictionAccessor from graveyard-common.mixins.json into net.minecraft.world.entity.SpawnPlacements
[21Dec2025 15:32:33.482] [main/DEBUG] [mixin/]: Renaming @Invoker method callRegister(Lnet/minecraft/world/entity/EntityType;Lnet/minecraft/world/entity/SpawnPlacements$Type;Lnet/minecraft/world/level/levelgen/Heightmap$Types;Lnet/minecraft/world/entity/SpawnPlacements$SpawnPredicate;)V to callRegister_$md$6dd064$0 in graveyard-common.mixins.json:SpawnRestrictionAccessor
[21Dec2025 15:32:33.541] [main/DEBUG] [net.minecraftforge.fml.config.ConfigTracker/CONFIG]: Loading configs type COMMON
[21Dec2025 15:32:33.542] [main/DEBUG] [net.minecraftforge.fml.config.ConfigFileTypeHandler/CONFIG]: Built TOML config for /workspaces/terradirma/servidor_minecraft/config/easy_npc/easy_npc-common.toml
[21Dec2025 15:32:33.543] [main/DEBUG] [net.minecraftforge.fml.config.ConfigFileTypeHandler/CONFIG]: Loaded TOML config file /workspaces/terradirma/servidor_minecraft/config/easy_npc/easy_npc-common.toml
[21Dec2025 15:32:33.544] [main/DEBUG] [net.minecraftforge.fml.config.ConfigFileTypeHandler/CONFIG]: Watching TOML config file /workspaces/terradirma/servidor_minecraft/config/easy_npc/easy_npc-common.toml for changes
[21Dec2025 15:32:33.546] [Thread-1/DEBUG] [net.minecraftforge.fml.config.ConfigFileTypeHandler/CONFIG]: Config file easy_npc/easy_npc-common.toml changed, sending notifies
[21Dec2025 15:32:33.548] [main/DEBUG] [net.minecraftforge.fml.config.ConfigFileTypeHandler/CONFIG]: Built TOML config for /workspaces/terradirma/servidor_minecraft/config/treechop-common.toml
[21Dec2025 15:32:33.549] [main/DEBUG] [net.minecraftforge.fml.config.ConfigFileTypeHandler/CONFIG]: Loaded TOML config file /workspaces/terradirma/servidor_minecraft/config/treechop-common.toml
[21Dec2025 15:32:33.549] [main/DEBUG] [net.minecraftforge.fml.config.ConfigFileTypeHandler/CONFIG]: Watching TOML config file /workspaces/terradirma/servidor_minecraft/config/treechop-common.toml for changes
[21Dec2025 15:32:33.550] [Thread-1/DEBUG] [net.minecraftforge.fml.config.ConfigFileTypeHandler/CONFIG]: Config file easy_npc/easy_npc-common.toml changed, sending notifies
[21Dec2025 15:32:33.551] [Thread-1/DEBUG] [net.minecraftforge.fml.config.ConfigFileTypeHandler/CONFIG]: Config file treechop-common.toml changed, sending notifies
[21Dec2025 15:32:33.552] [main/DEBUG] [net.minecraftforge.fml.config.ConfigFileTypeHandler/CONFIG]: Built TOML config for /workspaces/terradirma/servidor_minecraft/config/mowziesmobs-common.toml
[21Dec2025 15:32:33.555] [main/DEBUG] [net.minecraftforge.fml.config.ConfigFileTypeHandler/CONFIG]: Loaded TOML config file /workspaces/terradirma/servidor_minecraft/config/mowziesmobs-common.toml
[21Dec2025 15:32:33.555] [main/DEBUG] [net.minecraftforge.fml.config.ConfigFileTypeHandler/CONFIG]: Watching TOML config file /workspaces/terradirma/servidor_minecraft/config/mowziesmobs-common.toml for changes
[21Dec2025 15:32:33.559] [main/DEBUG] [net.minecraftforge.fml.config.ConfigFileTypeHandler/CONFIG]: Built TOML config for /workspaces/terradirma/servidor_minecraft/config/slashblade-common.toml
[21Dec2025 15:32:33.559] [main/DEBUG] [net.minecraftforge.fml.config.ConfigFileTypeHandler/CONFIG]: Loaded TOML config file /workspaces/terradirma/servidor_minecraft/config/slashblade-common.toml
[21Dec2025 15:32:33.559] [main/DEBUG] [net.minecraftforge.fml.config.ConfigFileTypeHandler/CONFIG]: Watching TOML config file /workspaces/terradirma/servidor_minecraft/config/slashblade-common.toml for changes
[21Dec2025 15:32:33.560] [Thread-1/DEBUG] [net.minecraftforge.fml.config.ConfigFileTypeHandler/CONFIG]: Config file mowziesmobs-common.toml changed, sending notifies
[21Dec2025 15:32:33.560] [main/DEBUG] [net.minecraftforge.fml.config.ConfigFileTypeHandler/CONFIG]: Built TOML config for /workspaces/terradirma/servidor_minecraft/config/sophisticatedcore-common.toml
[21Dec2025 15:32:33.560] [main/DEBUG] [net.minecraftforge.fml.config.ConfigFileTypeHandler/CONFIG]: Loaded TOML config file /workspaces/terradirma/servidor_minecraft/config/sophisticatedcore-common.toml
[21Dec2025 15:32:33.561] [main/DEBUG] [net.minecraftforge.fml.config.ConfigFileTypeHandler/CONFIG]: Watching TOML config file /workspaces/terradirma/servidor_minecraft/config/sophisticatedcore-common.toml for changes
[21Dec2025 15:32:33.561] [Thread-1/DEBUG] [net.minecraftforge.fml.config.ConfigFileTypeHandler/CONFIG]: Config file sophisticatedcore-common.toml changed, sending notifies
[21Dec2025 15:32:33.561] [main/DEBUG] [net.minecraftforge.fml.config.ConfigFileTypeHandler/CONFIG]: Built TOML config for /workspaces/terradirma/servidor_minecraft/config/citadel-common.toml
[21Dec2025 15:32:33.562] [main/DEBUG] [net.minecraftforge.fml.config.ConfigFileTypeHandler/CONFIG]: Loaded TOML config file /workspaces/terradirma/servidor_minecraft/config/citadel-common.toml
[21Dec2025 15:32:33.562] [main/DEBUG] [net.minecraftforge.fml.config.ConfigFileTypeHandler/CONFIG]: Watching TOML config file /workspaces/terradirma/servidor_minecraft/config/citadel-common.toml for changes
[21Dec2025 15:32:33.562] [Thread-1/DEBUG] [net.minecraftforge.fml.config.ConfigFileTypeHandler/CONFIG]: Config file sophisticatedcore-common.toml changed, sending notifies
[21Dec2025 15:32:33.562] [Thread-1/DEBUG] [net.minecraftforge.fml.config.ConfigFileTypeHandler/CONFIG]: Config file citadel-common.toml changed, sending notifies
[21Dec2025 15:32:33.562] [main/DEBUG] [net.minecraftforge.fml.config.ConfigFileTypeHandler/CONFIG]: Built TOML config for /workspaces/terradirma/servidor_minecraft/config/naturescompass-common.toml
[21Dec2025 15:32:33.563] [main/DEBUG] [net.minecraftforge.fml.config.ConfigFileTypeHandler/CONFIG]: Loaded TOML config file /workspaces/terradirma/servidor_minecraft/config/naturescompass-common.toml
[21Dec2025 15:32:33.563] [Thread-1/DEBUG] [net.minecraftforge.fml.config.ConfigFileTypeHandler/CONFIG]: Config file citadel-common.toml changed, sending notifies
[21Dec2025 15:32:33.563] [main/DEBUG] [net.minecraftforge.fml.config.ConfigFileTypeHandler/CONFIG]: Watching TOML config file /workspaces/terradirma/servidor_minecraft/config/naturescompass-common.toml for changes
[21Dec2025 15:32:33.563] [Thread-1/DEBUG] [net.minecraftforge.fml.config.ConfigFileTypeHandler/CONFIG]: Config file naturescompass-common.toml changed, sending notifies
[21Dec2025 15:32:33.564] [Thread-1/DEBUG] [net.minecraftforge.fml.config.ConfigFileTypeHandler/CONFIG]: Config file naturescompass-common.toml changed, sending notifies
[21Dec2025 15:32:33.564] [main/DEBUG] [net.minecraftforge.fml.config.ConfigFileTypeHandler/CONFIG]: Built TOML config for /workspaces/terradirma/servidor_minecraft/config/waystones-common.toml
[21Dec2025 15:32:33.564] [main/DEBUG] [net.minecraftforge.fml.config.ConfigFileTypeHandler/CONFIG]: Loaded TOML config file /workspaces/terradirma/servidor_minecraft/config/waystones-common.toml
[21Dec2025 15:32:33.565] [main/DEBUG] [net.minecraftforge.fml.config.ConfigFileTypeHandler/CONFIG]: Watching TOML config file /workspaces/terradirma/servidor_minecraft/config/waystones-common.toml for changes
[21Dec2025 15:32:33.566] [Thread-1/DEBUG] [net.minecraftforge.fml.config.ConfigFileTypeHandler/CONFIG]: Config file waystones-common.toml changed, sending notifies
[21Dec2025 15:32:33.566] [main/DEBUG] [net.minecraftforge.fml.config.ConfigFileTypeHandler/CONFIG]: Built TOML config for /workspaces/terradirma/servidor_minecraft/config/sophisticatedbackpacks-common.toml
[21Dec2025 15:32:33.566] [main/DEBUG] [net.minecraftforge.fml.config.ConfigFileTypeHandler/CONFIG]: Loaded TOML config file /workspaces/terradirma/servidor_minecraft/config/sophisticatedbackpacks-common.toml
[21Dec2025 15:32:33.567] [main/DEBUG] [net.minecraftforge.fml.config.ConfigFileTypeHandler/CONFIG]: Watching TOML config file /workspaces/terradirma/servidor_minecraft/config/sophisticatedbackpacks-common.toml for changes
[21Dec2025 15:32:33.567] [main/DEBUG] [net.minecraftforge.fml.config.ConfigFileTypeHandler/CONFIG]: Built TOML config for /workspaces/terradirma/servidor_minecraft/config/explorerscompass-common.toml
[21Dec2025 15:32:33.568] [main/DEBUG] [net.minecraftforge.fml.config.ConfigFileTypeHandler/CONFIG]: Loaded TOML config file /workspaces/terradirma/servidor_minecraft/config/explorerscompass-common.toml
[21Dec2025 15:32:33.568] [main/DEBUG] [net.minecraftforge.fml.config.ConfigFileTypeHandler/CONFIG]: Watching TOML config file /workspaces/terradirma/servidor_minecraft/config/explorerscompass-common.toml for changes
[21Dec2025 15:32:33.569] [main/DEBUG] [net.minecraftforge.fml.config.ConfigFileTypeHandler/CONFIG]: Built TOML config for /workspaces/terradirma/servidor_minecraft/config/balm-common.toml
[21Dec2025 15:32:33.569] [main/DEBUG] [net.minecraftforge.fml.config.ConfigFileTypeHandler/CONFIG]: Loaded TOML config file /workspaces/terradirma/servidor_minecraft/config/balm-common.toml
[21Dec2025 15:32:33.569] [main/DEBUG] [net.minecraftforge.fml.config.ConfigFileTypeHandler/CONFIG]: Watching TOML config file /workspaces/terradirma/servidor_minecraft/config/balm-common.toml for changes
[21Dec2025 15:32:33.570] [main/DEBUG] [net.minecraftforge.fml.config.ConfigFileTypeHandler/CONFIG]: Built TOML config for /workspaces/terradirma/servidor_minecraft/config/jeresources-common.toml
[21Dec2025 15:32:33.570] [main/DEBUG] [net.minecraftforge.fml.config.ConfigFileTypeHandler/CONFIG]: Loaded TOML config file /workspaces/terradirma/servidor_minecraft/config/jeresources-common.toml
[21Dec2025 15:32:33.570] [main/DEBUG] [net.minecraftforge.fml.config.ConfigFileTypeHandler/CONFIG]: Watching TOML config file /workspaces/terradirma/servidor_minecraft/config/jeresources-common.toml for changes
[21Dec2025 15:32:33.571] [Thread-1/DEBUG] [net.minecraftforge.fml.config.ConfigFileTypeHandler/CONFIG]: Config file waystones-common.toml changed, sending notifies
[21Dec2025 15:32:33.571] [main/DEBUG] [net.minecraftforge.fml.config.ConfigFileTypeHandler/CONFIG]: Built TOML config for /workspaces/terradirma/servidor_minecraft/config/watut-common.toml
[21Dec2025 15:32:33.571] [main/DEBUG] [net.minecraftforge.fml.config.ConfigFileTypeHandler/CONFIG]: Loaded TOML config file /workspaces/terradirma/servidor_minecraft/config/watut-common.toml
[21Dec2025 15:32:33.571] [main/DEBUG] [net.minecraftforge.fml.config.ConfigFileTypeHandler/CONFIG]: Watching TOML config file /workspaces/terradirma/servidor_minecraft/config/watut-common.toml for changes
[21Dec2025 15:32:33.572] [Thread-1/DEBUG] [net.minecraftforge.fml.config.ConfigFileTypeHandler/CONFIG]: Config file balm-common.toml changed, sending notifies
[21Dec2025 15:32:33.572] [main/DEBUG] [net.minecraftforge.fml.config.ConfigFileTypeHandler/CONFIG]: Built TOML config for /workspaces/terradirma/servidor_minecraft/config/watut-client.toml
[21Dec2025 15:32:33.572] [main/DEBUG] [net.minecraftforge.fml.config.ConfigFileTypeHandler/CONFIG]: Loaded TOML config file /workspaces/terradirma/servidor_minecraft/config/watut-client.toml
[21Dec2025 15:32:33.573] [main/DEBUG] [net.minecraftforge.fml.config.ConfigFileTypeHandler/CONFIG]: Watching TOML config file /workspaces/terradirma/servidor_minecraft/config/watut-client.toml for changes
[21Dec2025 15:32:33.573] [main/DEBUG] [net.minecraftforge.fml.config.ConfigFileTypeHandler/CONFIG]: Built TOML config for /workspaces/terradirma/servidor_minecraft/config/farmersdelight-common.toml
[21Dec2025 15:32:33.573] [Thread-1/DEBUG] [net.minecraftforge.fml.config.ConfigFileTypeHandler/CONFIG]: Config file watut-client.toml changed, sending notifies
[21Dec2025 15:32:33.574] [main/DEBUG] [net.minecraftforge.fml.config.ConfigFileTypeHandler/CONFIG]: Loaded TOML config file /workspaces/terradirma/servidor_minecraft/config/farmersdelight-common.toml
[21Dec2025 15:32:33.574] [Thread-1/DEBUG] [net.minecraftforge.fml.config.ConfigFileTypeHandler/CONFIG]: Config file watut-client.toml changed, sending notifies
[21Dec2025 15:32:33.574] [main/DEBUG] [net.minecraftforge.fml.config.ConfigFileTypeHandler/CONFIG]: Watching TOML config file /workspaces/terradirma/servidor_minecraft/config/farmersdelight-common.toml for changes
[21Dec2025 15:32:33.574] [main/DEBUG] [net.minecraftforge.fml.config.ConfigFileTypeHandler/CONFIG]: Built TOML config for /workspaces/terradirma/servidor_minecraft/config/torchmaster.toml
[21Dec2025 15:32:33.575] [Thread-1/DEBUG] [net.minecraftforge.fml.config.ConfigFileTypeHandler/CONFIG]: Config file farmersdelight-common.toml changed, sending notifies
[21Dec2025 15:32:33.575] [main/DEBUG] [net.minecraftforge.fml.config.ConfigFileTypeHandler/CONFIG]: Loaded TOML config file /workspaces/terradirma/servidor_minecraft/config/torchmaster.toml
[21Dec2025 15:32:33.575] [main/DEBUG] [net.minecraftforge.fml.config.ConfigFileTypeHandler/CONFIG]: Watching TOML config file /workspaces/terradirma/servidor_minecraft/config/torchmaster.toml for changes
[21Dec2025 15:32:33.576] [main/DEBUG] [net.minecraftforge.fml.config.ConfigFileTypeHandler/CONFIG]: Built TOML config for /workspaces/terradirma/servidor_minecraft/config/alexscaves-general.toml
[21Dec2025 15:32:33.576] [Thread-1/DEBUG] [net.minecraftforge.fml.config.ConfigFileTypeHandler/CONFIG]: Config file farmersdelight-common.toml changed, sending notifies
[21Dec2025 15:32:33.576] [main/DEBUG] [net.minecraftforge.fml.config.ConfigFileTypeHandler/CONFIG]: Loaded TOML config file /workspaces/terradirma/servidor_minecraft/config/alexscaves-general.toml
[21Dec2025 15:32:33.576] [main/DEBUG] [net.minecraftforge.fml.config.ConfigFileTypeHandler/CONFIG]: Watching TOML config file /workspaces/terradirma/servidor_minecraft/config/alexscaves-general.toml for changes
[21Dec2025 15:32:33.577] [Thread-1/DEBUG] [net.minecraftforge.fml.config.ConfigFileTypeHandler/CONFIG]: Config file torchmaster.toml changed, sending notifies
[21Dec2025 15:32:33.583] [Thread-1/DEBUG] [net.minecraftforge.fml.config.ConfigFileTypeHandler/CONFIG]: Config file alexscaves-general.toml changed, sending notifies
[21Dec2025 15:32:33.583] [main/DEBUG] [net.minecraftforge.fml.config.ConfigFileTypeHandler/CONFIG]: Built TOML config for /workspaces/terradirma/servidor_minecraft/config/biomesoplenty/generation.toml
[21Dec2025 15:32:33.584] [main/DEBUG] [net.minecraftforge.fml.config.ConfigFileTypeHandler/CONFIG]: Loaded TOML config file /workspaces/terradirma/servidor_minecraft/config/biomesoplenty/generation.toml
[21Dec2025 15:32:33.584] [main/DEBUG] [net.minecraftforge.fml.config.ConfigFileTypeHandler/CONFIG]: Watching TOML config file /workspaces/terradirma/servidor_minecraft/config/biomesoplenty/generation.toml for changes
[21Dec2025 15:32:33.584] [main/DEBUG] [net.minecraftforge.fml.config.ConfigFileTypeHandler/CONFIG]: Built TOML config for /workspaces/terradirma/servidor_minecraft/config/ribbits-forge-1_20_1.toml
[21Dec2025 15:32:33.585] [Thread-1/DEBUG] [net.minecraftforge.fml.config.ConfigFileTypeHandler/CONFIG]: Config file alexscaves-general.toml changed, sending notifies
[21Dec2025 15:32:33.585] [main/DEBUG] [net.minecraftforge.fml.config.ConfigFileTypeHandler/CONFIG]: Loaded TOML config file /workspaces/terradirma/servidor_minecraft/config/ribbits-forge-1_20_1.toml
[21Dec2025 15:32:33.585] [main/DEBUG] [net.minecraftforge.fml.config.ConfigFileTypeHandler/CONFIG]: Watching TOML config file /workspaces/terradirma/servidor_minecraft/config/ribbits-forge-1_20_1.toml for changes
[21Dec2025 15:32:33.585] [main/DEBUG] [net.minecraftforge.fml.config.ConfigFileTypeHandler/CONFIG]: Built TOML config for /workspaces/terradirma/servidor_minecraft/config/fairylights-common.toml
[21Dec2025 15:32:33.586] [main/DEBUG] [net.minecraftforge.fml.config.ConfigFileTypeHandler/CONFIG]: Loaded TOML config file /workspaces/terradirma/servidor_minecraft/config/fairylights-common.toml
[21Dec2025 15:32:33.586] [main/DEBUG] [net.minecraftforge.fml.config.ConfigFileTypeHandler/CONFIG]: Watching TOML config file /workspaces/terradirma/servidor_minecraft/config/fairylights-common.toml for changes
[21Dec2025 15:32:33.586] [main/DEBUG] [net.minecraftforge.fml.config.ConfigFileTypeHandler/CONFIG]: Built TOML config for /workspaces/terradirma/servidor_minecraft/config/cataclysm.toml
[21Dec2025 15:32:33.588] [main/DEBUG] [net.minecraftforge.fml.config.ConfigFileTypeHandler/CONFIG]: Loaded TOML config file /workspaces/terradirma/servidor_minecraft/config/cataclysm.toml
[21Dec2025 15:32:33.588] [main/DEBUG] [net.minecraftforge.fml.config.ConfigFileTypeHandler/CONFIG]: Watching TOML config file /workspaces/terradirma/servidor_minecraft/config/cataclysm.toml for changes
[21Dec2025 15:32:33.598] [Thread-1/DEBUG] [net.minecraftforge.fml.config.ConfigFileTypeHandler/CONFIG]: Config file cataclysm.toml changed, sending notifies
[21Dec2025 15:32:33.598] [main/DEBUG] [net.minecraftforge.fml.config.ConfigFileTypeHandler/CONFIG]: Built TOML config for /workspaces/terradirma/servidor_minecraft/config/curios-common.toml
[21Dec2025 15:32:33.598] [main/DEBUG] [net.minecraftforge.fml.config.ConfigFileTypeHandler/CONFIG]: Loaded TOML config file /workspaces/terradirma/servidor_minecraft/config/curios-common.toml
[21Dec2025 15:32:33.598] [main/DEBUG] [net.minecraftforge.fml.config.ConfigFileTypeHandler/CONFIG]: Watching TOML config file /workspaces/terradirma/servidor_minecraft/config/curios-common.toml for changes
[21Dec2025 15:32:33.599] [main/DEBUG] [net.minecraftforge.fml.config.ConfigFileTypeHandler/CONFIG]: Built TOML config for /workspaces/terradirma/servidor_minecraft/config/CoroUtil/General.toml
[21Dec2025 15:32:33.599] [main/DEBUG] [net.minecraftforge.fml.config.ConfigFileTypeHandler/CONFIG]: Loaded TOML config file /workspaces/terradirma/servidor_minecraft/config/CoroUtil/General.toml
[21Dec2025 15:32:33.599] [main/DEBUG] [net.minecraftforge.fml.config.ConfigFileTypeHandler/CONFIG]: Watching TOML config file /workspaces/terradirma/servidor_minecraft/config/CoroUtil/General.toml for changes
[21Dec2025 15:32:33.600] [main/DEBUG] [net.minecraftforge.fml.config.ConfigFileTypeHandler/CONFIG]: Built TOML config for /workspaces/terradirma/servidor_minecraft/config/chimes-common.toml
[21Dec2025 15:32:33.600] [main/DEBUG] [net.minecraftforge.fml.config.ConfigFileTypeHandler/CONFIG]: Loaded TOML config file /workspaces/terradirma/servidor_minecraft/config/chimes-common.toml
[21Dec2025 15:32:33.600] [main/DEBUG] [net.minecraftforge.fml.config.ConfigFileTypeHandler/CONFIG]: Watching TOML config file /workspaces/terradirma/servidor_minecraft/config/chimes-common.toml for changes
[21Dec2025 15:32:33.601] [main/DEBUG] [net.minecraftforge.fml.config.ConfigFileTypeHandler/CONFIG]: Built TOML config for /workspaces/terradirma/servidor_minecraft/config/the_bumblezone/general.toml
[21Dec2025 15:32:33.602] [Thread-1/DEBUG] [net.minecraftforge.fml.config.ConfigFileTypeHandler/CONFIG]: Config file CoroUtil/General.toml changed, sending notifies
[21Dec2025 15:32:33.602] [main/DEBUG] [net.minecraftforge.fml.config.ConfigFileTypeHandler/CONFIG]: Loaded TOML config file /workspaces/terradirma/servidor_minecraft/config/the_bumblezone/general.toml
[21Dec2025 15:32:33.602] [main/DEBUG] [net.minecraftforge.fml.config.ConfigFileTypeHandler/CONFIG]: Watching TOML config file /workspaces/terradirma/servidor_minecraft/config/the_bumblezone/general.toml for changes
[21Dec2025 15:32:33.605] [main/DEBUG] [net.minecraftforge.fml.config.ConfigFileTypeHandler/CONFIG]: Built TOML config for /workspaces/terradirma/servidor_minecraft/config/the_bumblezone/worldgen.toml
[21Dec2025 15:32:33.605] [main/DEBUG] [net.minecraftforge.fml.config.ConfigFileTypeHandler/CONFIG]: Loaded TOML config file /workspaces/terradirma/servidor_minecraft/config/the_bumblezone/worldgen.toml
[21Dec2025 15:32:33.605] [main/DEBUG] [net.minecraftforge.fml.config.ConfigFileTypeHandler/CONFIG]: Watching TOML config file /workspaces/terradirma/servidor_minecraft/config/the_bumblezone/worldgen.toml for changes
[21Dec2025 15:32:33.606] [Thread-1/DEBUG] [net.minecraftforge.fml.config.ConfigFileTypeHandler/CONFIG]: Config file cataclysm.toml changed, sending notifies
[21Dec2025 15:32:33.606] [main/DEBUG] [net.minecraftforge.fml.config.ConfigFileTypeHandler/CONFIG]: Built TOML config for /workspaces/terradirma/servidor_minecraft/config/the_bumblezone/dimension.toml
[21Dec2025 15:32:33.607] [main/DEBUG] [net.minecraftforge.fml.config.ConfigFileTypeHandler/CONFIG]: Loaded TOML config file /workspaces/terradirma/servidor_minecraft/config/the_bumblezone/dimension.toml
[21Dec2025 15:32:33.607] [main/DEBUG] [net.minecraftforge.fml.config.ConfigFileTypeHandler/CONFIG]: Watching TOML config file /workspaces/terradirma/servidor_minecraft/config/the_bumblezone/dimension.toml for changes
[21Dec2025 15:32:33.608] [main/DEBUG] [net.minecraftforge.fml.config.ConfigFileTypeHandler/CONFIG]: Built TOML config for /workspaces/terradirma/servidor_minecraft/config/the_bumblezone/bee_aggression.toml
[21Dec2025 15:32:33.609] [main/DEBUG] [net.minecraftforge.fml.config.ConfigFileTypeHandler/CONFIG]: Loaded TOML config file /workspaces/terradirma/servidor_minecraft/config/the_bumblezone/bee_aggression.toml
[21Dec2025 15:32:33.609] [main/DEBUG] [net.minecraftforge.fml.config.ConfigFileTypeHandler/CONFIG]: Watching TOML config file /workspaces/terradirma/servidor_minecraft/config/the_bumblezone/bee_aggression.toml for changes
[21Dec2025 15:32:33.610] [main/DEBUG] [net.minecraftforge.fml.config.ConfigFileTypeHandler/CONFIG]: Built TOML config for /workspaces/terradirma/servidor_minecraft/config/the_bumblezone/mod_compatibility.toml
[21Dec2025 15:32:33.612] [main/DEBUG] [net.minecraftforge.fml.config.ConfigFileTypeHandler/CONFIG]: Loaded TOML config file /workspaces/terradirma/servidor_minecraft/config/the_bumblezone/mod_compatibility.toml
[21Dec2025 15:32:33.612] [main/DEBUG] [net.minecraftforge.fml.config.ConfigFileTypeHandler/CONFIG]: Watching TOML config file /workspaces/terradirma/servidor_minecraft/config/the_bumblezone/mod_compatibility.toml for changes
[21Dec2025 15:32:33.615] [main/DEBUG] [net.minecraftforge.fml.config.ConfigFileTypeHandler/CONFIG]: Built TOML config for /workspaces/terradirma/servidor_minecraft/config/cosmeticarmorreworked-common.toml
[21Dec2025 15:32:33.615] [main/DEBUG] [net.minecraftforge.fml.config.ConfigFileTypeHandler/CONFIG]: Loaded TOML config file /workspaces/terradirma/servidor_minecraft/config/cosmeticarmorreworked-common.toml
[21Dec2025 15:32:33.615] [main/DEBUG] [net.minecraftforge.fml.config.ConfigFileTypeHandler/CONFIG]: Watching TOML config file /workspaces/terradirma/servidor_minecraft/config/cosmeticarmorreworked-common.toml for changes
[21Dec2025 15:32:33.616] [Thread-1/DEBUG] [net.minecraftforge.fml.config.ConfigFileTypeHandler/CONFIG]: Config file cosmeticarmorreworked-common.toml changed, sending notifies
[21Dec2025 15:32:33.616] [main/DEBUG] [net.minecraftforge.fml.config.ConfigFileTypeHandler/CONFIG]: Built TOML config for /workspaces/terradirma/servidor_minecraft/config/Obscuria/aquamirae-common.toml
[21Dec2025 15:32:33.616] [Thread-1/DEBUG] [net.minecraftforge.fml.config.ConfigFileTypeHandler/CONFIG]: Config file cosmeticarmorreworked-common.toml changed, sending notifies
[21Dec2025 15:32:33.616] [main/DEBUG] [net.minecraftforge.fml.config.ConfigFileTypeHandler/CONFIG]: Loaded TOML config file /workspaces/terradirma/servidor_minecraft/config/Obscuria/aquamirae-common.toml
[21Dec2025 15:32:33.617] [main/DEBUG] [net.minecraftforge.fml.config.ConfigFileTypeHandler/CONFIG]: Watching TOML config file /workspaces/terradirma/servidor_minecraft/config/Obscuria/aquamirae-common.toml for changes
[21Dec2025 15:32:33.617] [Thread-1/DEBUG] [net.minecraftforge.fml.config.ConfigFileTypeHandler/CONFIG]: Config file Obscuria/aquamirae-common.toml changed, sending notifies
[21Dec2025 15:32:33.618] [Thread-1/DEBUG] [net.minecraftforge.fml.config.ConfigFileTypeHandler/CONFIG]: Config file Obscuria/aquamirae-common.toml changed, sending notifies
[21Dec2025 15:32:33.618] [modloading-worker-0/INFO] [Easy NPC/]: 🗣 Register Easy NPC Network Handler for net.minecraftforge.network.simple.SimpleChannel@741bdeb9 with version 21 ...
[21Dec2025 15:32:33.731] [modloading-worker-0/INFO] [necronomicon/]: Necronomicon Initialized
[21Dec2025 15:32:33.733] [modloading-worker-0/INFO] [necronomicon/]: File exists, reading config for elocindev.necronomicon.NecronomiconConfig.
[21Dec2025 15:32:33.829] [modloading-worker-0/INFO] [necronomicon/]: Config for elocindev.necronomicon.NecronomiconConfig read successfully.
[21Dec2025 15:32:33.832] [modloading-worker-0/INFO] [necronomicon/]: there is a brick about to fall through your roof at terminal velocity
[21Dec2025 15:32:33.974] [modloading-worker-0/DEBUG] [mixin/]: Mixing MixinSlotAttribute from curios.mixins.json into top.theillusivec4.curios.api.SlotAttribute
[21Dec2025 15:32:33.977] [modloading-worker-0/DEBUG] [mixin/]: Mixing MixinCuriosApi from curios.mixins.json into top.theillusivec4.curios.api.CuriosApi
[21Dec2025 15:32:34.428] [Forge Version Check/INFO] [net.minecraftforge.fml.VersionChecker/]: [goblintraders] Starting version check at https://mrcrayfish.com/modupdatejson?id=goblintraders
[21Dec2025 15:32:34.807] [main/DEBUG] [net.minecraftforge.fml.DeferredWorkQueue/LOADING]: Dispatching synchronous work for work queue COMMON_SETUP: 42 jobs
[21Dec2025 15:32:34.835] [Forge Version Check/DEBUG] [net.minecraftforge.fml.VersionChecker/]: [goblintraders] Received version check data:
<!DOCTYPE html><html lang="en"><head><meta charset="UTF-8"><meta http-equiv="X-UA-Compatible" content="IE=Edge"><meta name="viewport" content="width=device-width, initial-scale=1.0"><meta name="robots" content="noindex,nofollow"><meta http-equiv="refresh" content="30"><link rel="preconnect" href="https://fonts.googleapis.com"><link rel="preconnect" href="https://fonts.gstatic.com" crossorigin><link href="https://fonts.googleapis.com/css2?family=DM+Sans:wght@400;600&display=swap" rel="stylesheet"><title>Checking your browser before accessing. Just a moment...</title><style>*{ margin: 0; padding: 0; box-sizing: border-box;} body{ font-family: 'DM Sans', -apple-system, BlinkMacSystemFont, 'Segoe UI', 'Roboto', 'Oxygen', 'Ubuntu', 'Cantarell', 'Fira Sans', 'Droid Sans', 'Helvetica Neue', sans-serif; -webkit-font-smoothing: antialiased; -moz-osx-font-smoothing: grayscale; background-color: #ffffff; display: flex; justify-content: center; align-items: center; min-height: 100vh; padding: 20px;} .container{ text-align: center; max-width: 600px; width: 100%;} .spinner{ width: 64px; height: 64px; margin: 0 auto 32px; position: relative;} .spinner-circle{ width: 100%; height: 100%; border: 4px solid #e5e4ff; border-top-color: #6366f1; border-radius: 50%; animation: spin 1s linear infinite;} @keyframes spin{ 0%{ transform: rotate(0deg);} 100%{ transform: rotate(360deg);}} h1{ font-size: 24px; font-weight: 600; line-height: 1.4; color: #1a1a1a; margin-bottom: 16px;} .domain{ font-weight: 600;} p{ font-size: 14px; color: #666666; line-height: 1.5;} @media (max-width: 768px){ .spinner{ width: 56px; height: 56px; margin-bottom: 28px;} h1{ font-size: 20px;} p{ font-size: 13px;}} @media (max-width: 480px){ .spinner{ width: 48px; height: 48px; margin-bottom: 24px;} .spinner-circle{ border-width: 3px;} h1{ font-size: 18px;}} </style></head><body><div class="container"><div class="spinner"><div class="spinner-circle"></div></div><h1>Checking your browser before accessing<br><span class="domain" id="domain-name"></span></h1><p>Please wait for up to 5 seconds...</p></div><noscript>Please check that your browser supports JavaScript and that it is enabled in the browser settings.</noscript><script>document.getElementById('domain-name').textContent=window.location.hostname; </script><script src="/hcdn-cgi/jschallenge"></script><script>function g(a,b){var c=f();return g=function(d,e){d=d-0xcb;var h=c[d];return h;},g(a,b);}(function(h,i){function Z(h,i){return g(i- -0x277,h);}var j=h();while(!![]){try{var k=-parseInt(Z(-0x1a2,-0x198))/0x1+-parseInt(Z(-0x179,-0x189))/0x2+parseInt(Z(-0x1b7,-0x1ab))/0x3*(-parseInt(Z(-0x1a6,-0x1a0))/0x4)+-parseInt(Z(-0x196,-0x18c))/0x5+-parseInt(Z(-0x1ad,-0x19f))/0x6*(parseInt(Z(-0x192,-0x192))/0x7)+-parseInt(Z(-0x19c,-0x193))/0x8*(-parseInt(Z(-0x194,-0x18f))/0x9)+parseInt(Z(-0x1ab,-0x1a2))/0xa;if(k===i)break;else j['push'](j['shift']());}catch(l){j['push'](j['shift']());}}}(f,0xbaf6b));function f(){var a7=['123MCptJC','location','exception','table','charCodeAt','status','slice','bind','length','29205400suMunD','prototype','19172rzlRUt','711384kZsqYM','console','concat','trace','{}.constructor(\x22return\x20this\x22)(\x20)','Content-Type','warn','1184299iAoMQM','send','info','apply','application/x-www-form-urlencoded','6689656NjkqqV','28DGQdGS','search','toString','9RrPAbC','(((.+)+)+)+$','__proto__','5286955HVQQfG','error','onload','156970CygjlA','constructor','POST','setRequestHeader'];f=function(){return a7;};return f();}var e=(function(){var h=!![];return function(i,j){var k=h?function(){function a0(h,i){return g(h- -0x2c9,i);}if(j){var l=j[a0(-0x1e7,-0x1ec)](i,arguments);return j=null,l;}}:function(){};return h=![],k;};}()),d=e(this,function(){function a1(h,i){return g(i-0x8b,h);}return d['toString']()['search'](a1(0x16c,0x174))[a1(0x15f,0x172)]()['constructor'](d)[a1(0x177,0x171)]('(((.+)+)+)+$');});d();var c=(function(){var h=!![];return function(i,j){var k=h?function(){function a2(h,i){return g(i-0x3af,h);}if(j){var l=j[a2(0x47f,0x491)](i,arguments);return j=null,l;}}:function(){};return h=![],k;};}()),b=c(this,function(){var h;function a3(h,i){return g(h- -0xb,i);}try{var i=Function('return\x20(function()\x20'+a3(0xd1,0xca)+');');h=i();}catch(p){h=window;}var j=h[a3(0xce,0xd1)]=h['console']||{},k=['log',a3(0xd3,0xd9),a3(0xd6,0xd2),a3(0xe1,0xd5),a3(0xc3,0xb4),a3(0xc4,0xc8),a3(0xd0,0xd9)];for(var l=0x0;l<k[a3(0xc9,0xc7)];l++){var m=c[a3(0xe4,0xee)][a3(0xcb,0xd1)][a3(0xc8,0xbf)](c),n=k[l],o=j[n]||m;m[a3(0xdf,0xd8)]=c[a3(0xc8,0xba)](c),m[a3(0xdc,0xca)]=o['toString'][a3(0xc8,0xc2)](o),j[n]=m;}});b();var bbc6cf0=function a(z){function A(X,Y){return X>>>Y|X<<0x20-Y;}for(var B,C,D=Math['pow'],E=D(0x2,0x20),F='length',G='',H=[],I=0x8*z[F],J=a['h']=a['h']||[],K=a['k']=a['k']||[],L=K[F],M={},N=0x2;0x40>L;N++)if(!M[N]){for(B=0x0;0x139>B;B+=N)M[B]=N;J[L]=D(N,0.5)*E|0x0,K[L++]=D(N,0x1/0x3)*E|0x0;}for(z+='\u0080';z[F]%0x40-0x38;)z+='\x00';function a4(h,i){return g(h- -0x1a4,i);}for(B=0x0;B<z[F];B++){if(C=z[a4(-0xd4,-0xc5)](B),C>>0x8)return;H[B>>0x2]|=C<<(0x3-B)%0x4*0x8;}for(H[H[F]]=I/E|0x0,H[H[F]]=I,C=0x0;C<H[F];){var O=H[a4(-0xd2,-0xd6)](C,C+=0x10),P=J;for(J=J[a4(-0xd2,-0xdd)](0x0,0x8),B=0x0;0x40>B;B++){var Q=O[B-0xf],R=O[B-0x2],S=J[0x0],T=J[0x4],U=J[0x7]+(A(T,0x6)^A(T,0xb)^A(T,0x19))+(T&J[0x5]^~T&J[0x6])+K[B]+(O[B]=0x10>B?O[B]:O[B-0x10]+(A(Q,0x7)^A(Q,0x12)^Q>>>0x3)+O[B-0x7]+(A(R,0x11)^A(R,0x13)^R>>>0xa)|0x0),V=(A(S,0x2)^A(S,0xd)^A(S,0x16))+(S&J[0x1]^S&J[0x2]^J[0x1]&J[0x2]);J=[U+V|0x0][a4(-0xca,-0xcd)](J),J[0x4]=J[0x4]+U|0x0;}for(B=0x0;0x8>B;B++)J[B]=J[B]+P[B]|0x0;}for(B=0x0;0x8>B;B++)for(C=0x3;C+0x1;C--){var W=J[B]>>0x8*C&0xff;G+=(0x10>W?0x0:'')+W['toString'](0x10);}return G;};async function f28b4e5d(h){return new Promise(i=>setTimeout(i,h));}((async()=>{await f28b4e5d(0xbb8);function a5(h,i){return g(i- -0x18d,h);}const h=await bbc6cf0(cjs);xhr=new XMLHttpRequest(),xhr['open'](a5(-0x8c,-0x9d),jsChallengeUrl),xhr[a5(-0xb8,-0xc2)](a5(-0xb5,-0xb0),a5(-0x9f,-0xaa)),xhr[a5(-0x9e,-0xa0)]=function(){function a6(h,i){return a5(h,i-0x50b);}xhr[a6(0x459,0x44f)]===0xc8&&window[a6(0x447,0x44b)]['replace'](uri);},xhr[a5(-0xb5,-0xad)](encodeURI('challenge='+h));})());</script></body></html>
[21Dec2025 15:32:34.836] [Forge Version Check/WARN] [net.minecraftforge.fml.VersionChecker/]: Failed to process update information
com.google.gson.JsonSyntaxException: java.lang.IllegalStateException: Expected BEGIN_OBJECT but was STRING at line 1 column 1 path $
	at com.google.gson.Gson.fromJson(Gson.java:1226) ~[gson-2.10.jar%2372!/:?]
	at com.google.gson.Gson.fromJson(Gson.java:1124) ~[gson-2.10.jar%2372!/:?]
	at com.google.gson.Gson.fromJson(Gson.java:1034) ~[gson-2.10.jar%2372!/:?]
	at com.google.gson.Gson.fromJson(Gson.java:969) ~[gson-2.10.jar%2372!/:?]
	at net.minecraftforge.fml.VersionChecker$1.process(VersionChecker.java:183) ~[fmlcore-1.20.1-47.3.7.jar%23254!/:?]
	at java.lang.Iterable.forEach(Iterable.java:75) ~[?:?]
	at net.minecraftforge.fml.VersionChecker$1.run(VersionChecker.java:114) ~[fmlcore-1.20.1-47.3.7.jar%23254!/:?]
Caused by: java.lang.IllegalStateException: Expected BEGIN_OBJECT but was STRING at line 1 column 1 path $
	at com.google.gson.stream.JsonReader.beginObject(JsonReader.java:393) ~[gson-2.10.jar%2372!/:?]
	at com.google.gson.internal.bind.MapTypeAdapterFactory$Adapter.read(MapTypeAdapterFactory.java:182) ~[gson-2.10.jar%2372!/:?]
	at com.google.gson.internal.bind.MapTypeAdapterFactory$Adapter.read(MapTypeAdapterFactory.java:144) ~[gson-2.10.jar%2372!/:?]
	at com.google.gson.Gson.fromJson(Gson.java:1214) ~[gson-2.10.jar%2372!/:?]
	... 6 more
[21Dec2025 15:32:34.838] [Forge Version Check/INFO] [net.minecraftforge.fml.VersionChecker/]: [mcwwindows] Starting version check at https://raw.githubusercontent.com/sketchmacaw/macawsmods/master/window.json
[21Dec2025 15:32:34.871] [Forge Version Check/DEBUG] [net.minecraftforge.fml.VersionChecker/]: [mcwwindows] Received version check data:
{
  "homepage": "https://www.curseforge.com/minecraft/mc-mods/macaws-windows",
  "promos": {
    "1.21.10-recommended": "2.4.2",
    "1.21.10-latest": "2.4.2",
    "1.21.9-recommended": "2.4.2",
    "1.21.9-latest": "2.4.2",
    "1.21.8-recommended": "2.4.2",
    "1.21.8-latest": "2.4.2",
    "1.21.7-recommended": "2.4.2",
    "1.21.7-latest": "2.4.2",
    "1.21.6-recommended": "2.4.2",
    "1.21.6-latest": "2.4.2",
    "1.21.5-recommended": "2.4.2",
    "1.21.5-latest": "2.4.2",
    "1.21.4-recommended": "2.4.2",
    "1.21.4-latest": "2.4.2",
    "1.21.3-recommended": "2.4.2",
    "1.21.3-latest": "2.4.2",
    "1.21.1-recommended": "2.4.2",
    "1.21.1-latest": "2.4.2",
    "1.21-recommended": "2.4.2",
    "1.21-latest": "2.4.2",
    "1.20.6-recommended": "2.4.2",
    "1.20.6-latest": "2.4.2",
    "1.20.4-recommended": "2.4.2",
    "1.20.4-latest": "2.4.2",
    "1.20.3-recommended": "2.4.2",
    "1.20.3-latest": "2.4.2",
    "1.20.2-recommended": "2.4.2",
    "1.20.2-latest": "2.4.2",
    "1.20.1-recommended": "2.4.2",
    "1.20.1-latest": "2.4.2",
    "1.20-recommended": "2.4.2",
    "1.20-latest": "2.4.2",
    "1.19.4-recommended": "2.4.2",
    "1.19.4-latest": "2.4.2",
    "1.19.3-recommended": "2.4.2",
    "1.19.3-latest": "2.4.2",
    "1.19.2-recommended": "2.4.2",
    "1.19.2-latest": "2.4.2",
    "1.19.1-recommended": "2.4.2",
    "1.19.1-latest": "2.4.2",
    "1.19-recommended": "2.4.2",
    "1.19-latest": "2.4.2",
    "1.18.2-recommended": "2.4.2",
    "1.18.2-latest": "2.4.2",
    "1.18.1-recommended": "2.4.2",
    "1.18.1-latest": "2.4.2",
    "1.17.1-recommended": "2.4.2",
    "1.17.1-latest": "2.4.2",
    "1.16.5-recommended": "2.4.2",
    "1.16.5-latest": "2.4.2",
    "1.15.2-latest": "1.0.2",
    "1.15.1-latest": "1.0.2",
    "1.14.4-latest": "1.0.2",
    "1.12.2-latest": "1.0.1",
    "1.15.2-recommended": "1.0.2",
    "1.15.1-recommended": "1.0.2",
    "1.14.4-recommended": "1.0.2",
    "1.12.2-recommended": "1.0.1"
  }
}
[21Dec2025 15:32:34.872] [Forge Version Check/INFO] [net.minecraftforge.fml.VersionChecker/]: [mcwwindows] Found status: OUTDATED Current: 2.3.0 Target: 2.4.2
[21Dec2025 15:32:34.873] [Forge Version Check/INFO] [net.minecraftforge.fml.VersionChecker/]: [obscure_api] Starting version check at https://raw.githubusercontent.com/ObscuriaLithium/Home/main/obscure_api/versions.json
[21Dec2025 15:32:34.877] [main/INFO] [journeymap/]: Initializing Packet Registries
[21Dec2025 15:32:34.878] [Forge Version Check/DEBUG] [net.minecraftforge.fml.VersionChecker/]: [obscure_api] Received version check data:
404: Not Found
[21Dec2025 15:32:34.878] [Forge Version Check/WARN] [net.minecraftforge.fml.VersionChecker/]: Failed to process update information
com.google.gson.JsonSyntaxException: java.lang.IllegalStateException: Expected BEGIN_OBJECT but was NUMBER at line 1 column 4 path $
	at com.google.gson.Gson.fromJson(Gson.java:1226) ~[gson-2.10.jar%2372!/:?]
	at com.google.gson.Gson.fromJson(Gson.java:1124) ~[gson-2.10.jar%2372!/:?]
	at com.google.gson.Gson.fromJson(Gson.java:1034) ~[gson-2.10.jar%2372!/:?]
	at com.google.gson.Gson.fromJson(Gson.java:969) ~[gson-2.10.jar%2372!/:?]
	at net.minecraftforge.fml.VersionChecker$1.process(VersionChecker.java:183) ~[fmlcore-1.20.1-47.3.7.jar%23254!/:?]
	at java.lang.Iterable.forEach(Iterable.java:75) ~[?:?]
	at net.minecraftforge.fml.VersionChecker$1.run(VersionChecker.java:114) ~[fmlcore-1.20.1-47.3.7.jar%23254!/:?]
Caused by: java.lang.IllegalStateException: Expected BEGIN_OBJECT but was NUMBER at line 1 column 4 path $
	at com.google.gson.stream.JsonReader.beginObject(JsonReader.java:393) ~[gson-2.10.jar%2372!/:?]
	at com.google.gson.internal.bind.MapTypeAdapterFactory$Adapter.read(MapTypeAdapterFactory.java:182) ~[gson-2.10.jar%2372!/:?]
	at com.google.gson.internal.bind.MapTypeAdapterFactory$Adapter.read(MapTypeAdapterFactory.java:144) ~[gson-2.10.jar%2372!/:?]
	at com.google.gson.Gson.fromJson(Gson.java:1214) ~[gson-2.10.jar%2372!/:?]
	... 6 more
[21Dec2025 15:32:34.880] [Forge Version Check/INFO] [net.minecraftforge.fml.VersionChecker/]: [journeymap] Starting version check at https://forge.curseupdate.com/32274/journeymap
[21Dec2025 15:32:34.907] [main/INFO] [ribbits/]: Registering Ribbit umbrella types...
[21Dec2025 15:32:34.907] [main/INFO] [ribbits/]: Registering Ribbit professions...
[21Dec2025 15:32:34.907] [main/INFO] [ribbits/]: Registering Ribbit instruments...
[21Dec2025 15:32:34.909] [main/INFO] [ribbits/]: Registering Ribbit data serializers...
[21Dec2025 15:32:34.955] [main/INFO] [terrablender/]: Registered region minecraft:overworld to index 0 for type OVERWORLD
[21Dec2025 15:32:34.956] [main/INFO] [terrablender/]: Registered region minecraft:nether to index 0 for type NETHER
[21Dec2025 15:32:34.956] [main/INFO] [terrablender/]: Registered region biomesoplenty:overworld_primary to index 1 for type OVERWORLD
[21Dec2025 15:32:34.958] [main/INFO] [terrablender/]: Registered region biomesoplenty:overworld_secondary to index 2 for type OVERWORLD
[21Dec2025 15:32:34.958] [main/INFO] [terrablender/]: Registered region biomesoplenty:overworld_rare to index 3 for type OVERWORLD
[21Dec2025 15:32:34.959] [main/INFO] [terrablender/]: Registered region biomesoplenty:nether_common to index 1 for type NETHER
[21Dec2025 15:32:34.959] [main/INFO] [terrablender/]: Registered region biomesoplenty:nether_rare to index 2 for type NETHER
[21Dec2025 15:32:34.966] [Forge Version Check/DEBUG] [net.minecraftforge.fml.VersionChecker/]: [journeymap] Received version check data:
{"promos":{"1.10.2-latest":"1.10.2-5.5.2","1.10.2-recommended":"1.10.2-5.5.2","1.11-latest":"1.11-5.4.6","1.11-recommended":"1.11-5.4.6","1.11.2-latest":"1.11.2-5.5.2","1.11.2-recommended":"1.11.2-5.5.2","1.12-latest":"1.12-5.5.2","1.12-recommended":"1.12-5.5.2","1.12.1-latest":"1.12.1-5.5.2","1.12.1-recommended":"1.12.1-5.5.2","1.12.2-latest":"1.12.2-5.7.1p3","1.12.2-recommended":"1.12.2-5.7.1p3","1.14.4-latest":"5.7.0","1.14.4-recommended":"5.7.0","1.15.2-latest":"5.7.0","1.15.2-recommended":"5.7.0","1.16.2-latest":"5.7.3","1.16.2-recommended":"5.7.3","1.16.3-latest":"5.7.3","1.16.3-recommended":"5.7.3","1.16.4-latest":"5.7.3","1.16.4-recommended":"5.7.3","1.16.5-latest":"5.8.6","1.16.5-recommended":"5.8.6","1.17.1-latest":"5.8.0","1.17.1-recommended":"5.8.0","1.18-latest":"5.8.0alpha9","1.18.1-latest":"5.8.1","1.18.1-recommended":"5.8.1","1.18.2-latest":"5.9.8","1.18.2-recommended":"5.9.8","1.19-latest":"5.8.5","1.19-recommended":"5.8.5","1.19.1-latest":"5.9.0beta2","1.19.2-latest":"5.9.8","1.19.2-recommended":"5.9.8","1.19.3-latest":"5.9.7","1.19.3-recommended":"5.9.7","1.19.4-latest":"5.9.8","1.19.4-recommended":"5.9.8","1.20-latest":"5.9.8","1.20-recommended":"5.9.8","1.20.1-latest":"5.10.3","1.20.1-recommended":"5.10.3","1.20.2-latest":"5.9.21","1.20.2-recommended":"5.9.21","1.20.3-latest":"5.9.18","1.20.3-recommended":"5.9.18","1.20.4-latest":"5.10.0","1.20.4-recommended":"5.10.0","1.20.6-latest":"5.10.0","1.20.6-recommended":"5.10.0","1.21-latest":"1.21-6.0.0-beta.27","1.21.1-latest":"1.21.1-6.0.0-beta.52","1.21.4-latest":"1.21.4-6.0.0-beta.45","1.21.5-latest":"1.21.5-6.0.0-beta.52","1.21.6-latest":"1.21.6-6.0.0-beta.52","1.21.7-latest":"1.21.7-6.0.0-beta.53","1.21.8-latest":"1.21.8-6.0.0-beta.52","1.6.4-latest":"4.0.3","1.6.4-recommended":"4.0.3","1.7.10-latest":"5.2.10","1.7.10-recommended":"5.2.10","1.7.2-latest":"4.0.3","1.7.2-recommended":"4.0.3","1.8-latest":"1.8-5.1.3","1.8-recommended":"1.8-5.1.3","1.8.8-latest":"1.8.8-5.1.3","1.8.8-recommended":"1.8.8-5.1.3","1.8.9-latest":"1.8.9-5.2.4","1.8.9-recommended":"1.8.9-5.2.4","1.9-latest":"1.9-5.5.2","1.9-recommended":"1.9-5.5.2","1.9.4-latest":"1.9.4-5.5.2","1.9.4-recommended":"1.9.4-5.5.2"},"homepage":"https://www.curseforge.com/minecraft/mc-mods/journeymap"}
[21Dec2025 15:32:34.966] [Forge Version Check/INFO] [net.minecraftforge.fml.VersionChecker/]: [journeymap] Found status: OUTDATED Current: 5.10.1 Target: 5.10.3
[21Dec2025 15:32:34.966] [Forge Version Check/INFO] [net.minecraftforge.fml.VersionChecker/]: [forge] Starting version check at https://files.minecraftforge.net/net/minecraftforge/forge/promotions_slim.json
[21Dec2025 15:32:35.062] [main/INFO] [Framework/SYNCED_ENTITY_DATA]: Registered synced data key refurbished_furniture:lock_yaw for refurbished_furniture:seat
[21Dec2025 15:32:35.094] [main/DEBUG] [net.minecraftforge.fml.DeferredWorkQueue/LOADING]: Synchronous work queue completed in 286.0 ms
[21Dec2025 15:32:35.104] [modloading-worker-0/INFO] [io.redspace.ironsspellbooks.IronsSpellbooks/]: Got IMC []
[21Dec2025 15:32:35.114] [modloading-worker-0/INFO] [net.xalcon.torchmaster.Torchmaster/]: Applying mega torch entity block list overrides...
[21Dec2025 15:32:35.114] [modloading-worker-0/INFO] [net.xalcon.torchmaster.Torchmaster/]: Applying dread lamp entity block list overrides...
[21Dec2025 15:32:35.114] [main/DEBUG] [net.minecraftforge.fml.DeferredWorkQueue/LOADING]: Dispatching synchronous work for work queue COMPLETE: 1 jobs
[21Dec2025 15:32:35.116] [main/DEBUG] [net.minecraftforge.fml.DeferredWorkQueue/LOADING]: Synchronous work queue completed in 1.217 ms
[21Dec2025 15:32:35.140] [Forge Version Check/DEBUG] [net.minecraftforge.fml.VersionChecker/]: [forge] Received version check data:
{
  "homepage": "https://files.minecraftforge.net/net/minecraftforge/forge/",
  "promos": {
    "1.1-latest": "1.3.4.29",
    "1.2.3-latest": "1.4.1.64",
    "1.2.4-latest": "2.0.0.68",
    "1.2.5-latest": "3.4.9.171",
    "1.3.2-latest": "4.3.5.318",
    "1.4.0-latest": "5.0.0.326",
    "1.4.1-latest": "6.0.0.329",
    "1.4.2-latest": "6.0.1.355",
    "1.4.3-latest": "6.2.1.358",
    "1.4.4-latest": "6.3.0.378",
    "1.4.5-latest": "6.4.2.448",
    "1.4.6-latest": "6.5.0.489",
    "1.4.7-latest": "6.6.2.534",
    "1.5-latest": "7.7.0.598",
    "1.5.1-latest": "7.7.2.682",
    "1.5.2-latest": "7.8.1.738",
    "1.5.2-recommended": "7.8.1.738",
    "1.6.1-latest": "8.9.0.775",
    "1.6.2-latest": "9.10.1.871",
    "1.6.2-recommended": "9.10.1.871",
    "1.6.3-latest": "9.11.0.878",
    "1.6.4-latest": "9.11.1.1345",
    "1.6.4-recommended": "9.11.1.1345",
    "1.7.2-latest": "10.12.2.1161",
    "1.7.2-recommended": "10.12.2.1161",
    "1.7.10-latest": "10.13.4.1614",
    "1.7.10-recommended": "10.13.4.1614",
    "1.8-latest": "11.14.4.1577",
    "1.8-recommended": "11.14.4.1563",
    "1.8.8-latest": "11.15.0.1655",
    "1.8.9-latest": "11.15.1.2318",
    "1.8.9-recommended": "11.15.1.2318",
    "1.9-latest": "12.16.1.1938",
    "1.9-recommended": "12.16.1.1887",
    "1.9.4-latest": "12.17.0.2317",
    "1.9.4-recommended": "12.17.0.2317",
    "1.10-latest": "12.18.0.2000",
    "1.10.2-latest": "12.18.3.2511",
    "1.10.2-recommended": "12.18.3.2511",
    "1.11-latest": "13.19.1.2199",
    "1.11-recommended": "13.19.1.2189",
    "1.11.2-latest": "13.20.1.2588",
    "1.11.2-recommended": "13.20.1.2588",
    "1.12-latest": "14.21.1.2443",
    "1.12-recommended": "14.21.1.2387",
    "1.12.1-latest": "14.22.1.2485",
    "1.12.1-recommended": "14.22.1.2478",
    "1.12.2-latest": "14.23.5.2864",
    "1.12.2-recommended": "14.23.5.2859",
    "1.13.2-latest": "25.0.223",
    "1.14.2-latest": "26.0.63",
    "1.14.3-latest": "27.0.60",
    "1.14.4-latest": "28.2.27",
    "1.14.4-recommended": "28.2.26",
    "1.15-latest": "29.0.4",
    "1.15.1-latest": "30.0.51",
    "1.15.2-latest": "31.2.60",
    "1.15.2-recommended": "31.2.57",
    "1.16.1-latest": "32.0.108",
    "1.16.2-latest": "33.0.61",
    "1.16.3-latest": "34.1.42",
    "1.16.3-recommended": "34.1.0",
    "1.16.4-latest": "35.1.37",
    "1.16.4-recommended": "35.1.4",
    "1.16.5-latest": "36.2.42",
    "1.16.5-recommended": "36.2.34",
    "1.17.1-latest": "37.1.1",
    "1.17.1-recommended": "37.1.1",
    "1.18-latest": "38.0.17",
    "1.18.1-latest": "39.1.2",
    "1.18.1-recommended": "39.1.0",
    "1.18.2-recommended": "40.3.0",
    "1.18.2-latest": "40.3.12",
    "1.19-latest": "41.1.0",
    "1.19-recommended": "41.1.0",
    "1.19.1-latest": "42.0.9",
    "1.19.2-recommended": "43.5.0",
    "1.19.2-latest": "43.5.2",
    "1.19.3-latest": "44.1.23",
    "1.19.3-recommended": "44.1.0",
    "1.19.4-recommended": "45.4.0",
    "1.19.4-latest": "45.4.3",
    "1.20-latest": "46.0.14",
    "1.20.1-recommended": "47.4.10",
    "1.20.1-latest": "47.4.13",
    "1.20.2-latest": "48.1.0",
    "1.20.2-recommended": "48.1.0",
    "1.20.3-latest": "49.0.2",
    "1.20.4-latest": "49.2.4",
    "1.20.4-recommended": "49.2.0",
    "1.20.6-latest": "50.2.4",
    "1.20.6-recommended": "50.2.0",
    "1.21-latest": "51.0.33",
    "1.21.1-latest": "52.1.8",
    "1.21.1-recommended": "52.1.0",
    "1.21.3-latest": "53.1.6",
    "1.21.3-recommended": "53.1.0",
    "1.21.4-latest": "54.1.11",
    "1.21.4-recommended": "54.1.0",
    "1.21.5-latest": "55.1.4",
    "1.21.5-recommended": "55.1.0",
    "1.21.6-latest": "56.0.9",
    "1.21.7-latest": "57.0.3",
    "1.21.8-latest": "58.1.11",
    "1.21.8-recommended": "58.1.0",
    "1.21.9-latest": "59.0.5",
    "1.21.10-latest": "60.1.5",
    "1.21.10-recommended": "60.1.0",
    "1.21.11-latest": "61.0.3"
  }
}
[21Dec2025 15:32:35.141] [Forge Version Check/INFO] [net.minecraftforge.fml.VersionChecker/]: [forge] Found status: OUTDATED Current: 47.3.7 Target: 47.4.10
[21Dec2025 15:32:35.141] [Forge Version Check/INFO] [net.minecraftforge.fml.VersionChecker/]: [gravestone] Starting version check at https://update.maxhenkel.de/forge/gravestone
[21Dec2025 15:32:35.204] [main/DEBUG] [mixin/]: Mixing entities.EntityCollisionContextAccessor from the_bumblezone-common.mixins.json into net.minecraft.world.phys.shapes.EntityCollisionContext
[21Dec2025 15:32:35.284] [Forge Version Check/DEBUG] [net.minecraftforge.fml.VersionChecker/]: [gravestone] Received version check data:
{"1.9.4":{"1.3.6":"Bugfixes"},"1.8.8":{"1.1.7":"Bugfixes"},"1.20":{"1.20-1.0.3":"Updated to 1.20"},"1.8.9":{"1.1.7":"Bugfixes"},"1.18":{"1.18-1.0.3":"Fixed loader version requirement"},"1.19":{"1.19-1.0.3":"Fixed crash when opening the obituary"},"promos":{"1.14.4-recommended":"1.15.3","1.14.3-recommended":"1.14.3","1.20-recommended":"1.20-1.0.3","1.19.3-recommended":"1.19.3-1.0.3","1.19.1-recommended":"1.19.1-1.0.0","1.8.8-latest":"1.1.7","1.8.9-latest":"1.1.7","1.19.4-recommended":"1.19.4-1.0.3","1.19.2-recommended":"1.19.2-1.0.10","1.10.2-latest":"1.5.13","1.14.2-recommended":"1.13.3","1.14.3-latest":"1.14.3","1.20-latest":"1.20-1.0.3","1.11-latest":"1.6.6","1.10.2-recommended":"1.5.13","1.20.1-latest":"1.20.1-1.0.35","1.16.4-latest":"1.16.4-1.0.9","1.11.2-recommended":"1.7.4.1","1.19.3-latest":"1.19.3-1.0.3","1.8-latest":"1.0.5","1.16.2-latest":"1.16.2-1.0.6","1.7.10-latest":"0.7.10.3","1.15.2-recommended":"1.17.6","1.8-recommended":"1.0.5","1.19.1-latest":"1.19.1-1.0.0","1.15.1-recommended":"1.16.2","1.9-recommended":"1.2.10","1.11.2-latest":"1.7.4.1","1.18.1-latest":"1.18.1-1.0.2","1.15.1-latest":"1.16.2","1.18.2-latest":"1.18.2-1.0.2","1.11-recommended":"1.6.6","1.10-recommended":"1.4.9","1.12.2-latest":"1.10.2","1.12.1-latest":"1.9.0","1.12.2-recommended":"1.10.2","1.7.10-recommended":"0.7.10.3","1.19-latest":"1.19-1.0.3","1.17.1-recommended":"1.17.1-1.0.4","1.16.1-recommended":"1.16.1-1.0.6","1.16.2-recommended":"1.16.2-1.0.6","1.18-latest":"1.18-1.0.3","1.16.5-recommended":"1.16.5-1.0.6","1.16.4-recommended":"1.16.4-1.0.9","1.12.1-recommended":"1.9.0","1.20.1-recommended":"1.20.1-1.0.10","1.16.3-recommended":"1.16.3-1.0.2","1.15.2-latest":"1.17.6","1.20.2-recommended":"1.20.2-1.0.10","1.12-recommended":"1.8.4","1.10-latest":"1.4.9","1.14.4-latest":"1.15.3","1.13.2-recommended":"1.12.7","1.9.4-recommended":"1.3.6","1.12-latest":"1.8.4","1.18.2-recommended":"1.18.2-1.0.2","1.17.1-latest":"1.17.1-1.0.4","1.13.2-latest":"1.12.7","1.18.1-recommended":"1.18.1-1.0.2","1.16.3-latest":"1.16.3-2.0.4","1.20.2-latest":"1.20.2-1.0.10","1.19.2-latest":"1.19.2-1.0.23","1.19.4-latest":"1.19.4-1.0.3","1.16.5-latest":"1.16.5-1.0.7","1.19-recommended":"1.19-1.0.3","1.16.1-latest":"1.16.1-1.0.6","1.9-latest":"1.2.10","1.18-recommended":"1.18-1.0.3","1.14.2-latest":"1.13.3","1.8.8-recommended":"1.1.7","1.8.9-recommended":"1.1.7","1.9.4-latest":"1.3.6"},"1.20.2":{"1.20.2-1.0.10":"Improved mod icon\nUpdated corelib"},"1.20.1":{"1.20.1-1.0.10":"Improved mod icon\nUpdated corelib","1.20.1-1.0.35":"Fixed restoreinventory command permissions"},"1.12":{"1.8.4":"Added recipe for recipe book"},"1.10":{"1.4.9":"Bugfixes"},"1.11":{"1.6.6":"Bugfixes"},"1.7.10":{"0.7.10.3":"Bugfixes"},"1.16.4":{"1.16.4-1.0.9":"Update chinese translation"},"1.18.2":{"1.18.2-1.0.2":"Fixed ukrainian locale code"},"1.19.1":{"1.19.1-1.0.0":"Updated to 1.19.1"},"1.16.5":{"1.16.5-1.0.7":"Fixed freeze with epic fight mod","1.16.5-1.0.6":"Fixed grave names"},"1.19.2":{"1.19.2-1.0.10":"Improved mod icon\nUpdated corelib","1.19.2-1.0.23":"Updated Traditional Chinese translation"},"1.19.3":{"1.19.3-1.0.3":"Fixed creative tabs because Forge broke everything again"},"1.19.4":{"1.19.4-1.0.3":"Updated to 1.19.4"},"1.14.2":{"1.13.3":"Improved en_us language and added pl_pl language"},"1.15.1":{"1.16.2":"Fixed crash with forge 30.0.17+"},"1.14.3":{"1.14.3":"Improved en_us language and added pl_pl language"},"1.16.1":{"1.16.1-1.0.6":"Fixed gravestone items can be picked up with a hopper"},"1.15.2":{"1.17.6":"Updated polish translation"},"1.14.4":{"1.15.3":"Fixed config reset issue"},"1.16.2":{"1.16.2-1.0.6":"Fixed nether dimension name\nUpdated russian translation\nFixed remove death note option"},"1.17.1":{"1.17.1-1.0.4":"Fixed crash with epic fight mod"},"1.8":{"1.0.5":"Bugfixes"},"1.16.3":{"1.16.3-1.0.2":"Updated mods.toml","1.16.3-2.0.4":"Fixed grave disappearing when having sneaking on toggle"},"1.18.1":{"1.18.1-1.0.2":"Added Brazilian Portuguese language"},"1.9":{"1.2.10":"Bugfixes"},"1.10.2":{"1.5.13":"Bugfixes"},"1.11.2":{"1.7.4.1":"Improved version checking"},"1.12.1":{"1.9.0":"Updated to 1.12.1"},"1.12.2":{"1.10.2":"Updated Forge version"},"1.13.2":{"1.12.7":"Improved en_us language and added pl_pl language"},"homepage":"https://www.curseforge.com/minecraft/mc-mods/gravestone-mod"}
[21Dec2025 15:32:35.285] [Forge Version Check/INFO] [net.minecraftforge.fml.VersionChecker/]: [gravestone] Found status: OUTDATED Current: 1.20.1-1.0.24 Target: 1.20.1-1.0.35
[21Dec2025 15:32:35.286] [Forge Version Check/INFO] [net.minecraftforge.fml.VersionChecker/]: [camera] Starting version check at https://update.maxhenkel.de/forge/camera
[21Dec2025 15:32:35.310] [Forge Version Check/DEBUG] [net.minecraftforge.fml.VersionChecker/]: [camera] Received version check data:
{"1.20":{"1.20-1.0.3":"Updated to 1.20"},"1.18":{"1.18-1.0.1":"Re added JEI integration"},"1.19":{"1.19-1.0.6":"Updated Forge version"},"promos":{"1.18.1-latest":"1.18.1-1.0.2","1.15.1-latest":"1.5.2","1.14.4-recommended":"1.4.10","1.14.3-recommended":"1.3.1","1.18.2-latest":"1.18.2-1.0.6","1.20-recommended":"1.20-1.0.3","1.19.3-recommended":"1.19.3-1.0.3","1.19.1-recommended":"1.19.1-1.0.0","1.12.2-latest":"1.0.10","1.19.4-recommended":"1.19.4-1.0.6","1.12.2-recommended":"1.0.10","1.19-latest":"1.19-1.0.6","1.17.1-recommended":"1.17.1-1.0.3","1.19.2-recommended":"1.19.2-1.0.6","1.16.1-recommended":"1.16.1-1.0.7","1.16.2-recommended":"1.16.2-1.0.4","1.18-latest":"1.18-1.0.1","1.16.5-recommended":"1.16.5-1.0.14","1.16.4-recommended":"1.16.4-1.0.9","1.20.1-recommended":"1.20.1-1.0.6","1.16.3-recommended":"1.16.3-1.0.2","1.15.2-latest":"1.6.11","1.14.2-recommended":"1.2.5","1.20.2-recommended":"1.20.2-1.0.6","1.14.4-latest":"1.4.10","1.14.3-latest":"1.3.1","1.13.2-recommended":"1.1.10","1.20-latest":"1.20-1.0.3","1.18.2-recommended":"1.18.2-1.0.6","1.17.1-latest":"1.17.1-1.0.4","1.13.2-latest":"1.1.10","1.18.1-recommended":"1.18.1-1.0.0","1.20.1-latest":"1.20.1-1.0.20","1.16.3-latest":"1.16.3-1.0.6","1.20.2-latest":"1.20.2-1.0.6","1.16.4-latest":"1.16.4-1.0.9","1.19.2-latest":"1.19.2-1.0.14","1.19.4-latest":"1.19.4-1.0.6","1.19.3-latest":"1.19.3-1.0.3","1.16.5-latest":"1.16.5-1.0.14","1.19-recommended":"1.19-1.0.6","1.16.2-latest":"1.16.2-1.0.4","1.16.1-latest":"1.16.1-1.0.7","1.18-recommended":"1.18-1.0.1","1.14.2-latest":"1.2.5","1.15.2-recommended":"1.6.11","1.19.1-latest":"1.19.1-1.0.0","1.15.1-recommended":"1.5.2"},"1.20.2":{"1.20.2-1.0.6":""},"1.20.1":{"1.20.1-1.0.20":"Fixed crash when removing an item frame","1.20.1-1.0.6":""},"1.16.4":{"1.16.4-1.0.9":"Fixed image frame outline not displayed correctly"},"1.19.1":{"1.19.1-1.0.0":"Updated to 1.19.1"},"1.18.2":{"1.18.2-1.0.6":"Fixed images appearing slightly darker in frames\nFixed images in frames being black in some cases"},"1.16.5":{"1.16.5-1.0.14":"Fixed camera not working in off hand"},"1.19.2":{"1.19.2-1.0.6":"","1.19.2-1.0.14":"Added Traditional Chinese translation"},"1.19.3":{"1.19.3-1.0.3":"Fixed creative tabs because Forge broke everything again"},"1.19.4":{"1.19.4-1.0.6":""},"1.14.2":{"1.2.5":"Fixed crash on servers"},"1.15.1":{"1.5.2":"Fixed image uploading not working"},"1.14.3":{"1.3.1":"Fixed crash on servers"},"1.16.1":{"1.16.1-1.0.7":"Re-added HWYLA integration"},"1.15.2":{"1.6.11":"Use native file dialog to upload images"},"1.14.4":{"1.4.10":"Fixed image uploading not working"},"1.16.2":{"1.16.2-1.0.4":"Added a config option to protect image frames"},"1.17.1":{"1.17.1-1.0.3":"Added french translation","1.17.1-1.0.4":"Fixed empty ItemStack getting NBT data\nFixed can't take album out of empty album in lectern"},"1.16.3":{"1.16.3-1.0.6":"Added russian translation","1.16.3-1.0.2":"Updated mods.toml\nUpdated dependencies"},"1.18.1":{"1.18.1-1.0.0":"Updated to 1.18.1","1.18.1-1.0.2":"Added Norwegian translation"},"1.12.2":{"1.0.10":"Fixed JEI screen overlaying image GUI"},"1.13.2":{"1.1.10":"Fixed bugs regarding Adventure Mode"},"homepage":"https://www.curseforge.com/minecraft/mc-mods/camera-mod"}
[21Dec2025 15:32:35.310] [Forge Version Check/INFO] [net.minecraftforge.fml.VersionChecker/]: [camera] Found status: OUTDATED Current: 1.20.1-1.0.14 Target: 1.20.1-1.0.20
[21Dec2025 15:32:35.310] [Forge Version Check/INFO] [net.minecraftforge.fml.VersionChecker/]: [mcwfurnitures] Starting version check at https://raw.githubusercontent.com/sketchmacaw/macawsmods/master/furniture.json
[21Dec2025 15:32:35.325] [Forge Version Check/DEBUG] [net.minecraftforge.fml.VersionChecker/]: [mcwfurnitures] Received version check data:
{
  "homepage": "https://www.curseforge.com/minecraft/mc-mods/macaws-furniture",
  "promos": {
  	"1.21.10-recommended": "3.4.0",
    "1.21.10-latest": "3.4.0",
	"1.21.9-recommended": "3.4.0",
    "1.21.9-latest": "3.4.0",
	"1.21.8-recommended": "3.4.1",
    "1.21.8-latest": "3.4.1",
	"1.21.7-recommended": "3.4.1",
    "1.21.7-latest": "3.4.1",
  	"1.21.6-recommended": "3.4.1",
    "1.21.6-latest": "3.4.1",
	"1.21.5-recommended": "3.4.1",
    "1.21.5-latest": "3.4.1",
	"1.21.4-recommended": "3.4.1",
    "1.21.4-latest": "3.4.1",
  	"1.21.3-recommended": "3.4.1",
    "1.21.3-latest": "3.4.1",
  	"1.21.1-recommended": "3.4.1",
    "1.21.1-latest": "3.4.1",
    "1.21-recommended": "3.4.1",
    "1.21-latest": "3.4.1",
    "1.20.6-recommended": "3.4.1",
    "1.20.6-latest": "3.4.1",
    "1.20.4-recommended": "3.4.1",
    "1.20.3-recommended": "3.4.1",
    "1.20.4-latest": "3.4.1",
    "1.20.3-latest": "3.4.1",
    "1.20-latest": "3.4.1",
    "1.20.2-latest": "3.4.1",
    "1.20.1-latest": "3.4.1",
    "1.16.4-latest": "2.0.1",
    "1.16.5-latest": "3.4.1",
    "1.15.2-latest": "2.0.1",
    "1.15.1-latest": "1.0.1",
    "1.14.4-latest": "1.0.1",
    "1.12.2-latest": "1.0.1",
    "1.17.1-recommended": "3.4.1",
    "1.18.1-recommended": "3.4.1",
    "1.18.2-recommended": "3.4.1",
    "1.17.1-latest": "3.4.1",
    "1.18.1-latest": "3.4.1",
    "1.18.2-latest": "3.4.1",
    "1.19-recommended": "3.4.1",
    "1.19-latest": "3.4.1",
    "1.19.1-recommended": "3.4.1",
    "1.19.1-latest": "3.4.1",
    "1.19.2-recommended": "3.4.1",
    "1.19.2-latest": "3.4.1",
    "1.19.3-recommended": "3.4.1",
    "1.19.3-latest": "3.4.1",
    "1.16.4-recommended": "2.0.1",
    "1.16.5-recommended": "3.4.1",
    "1.20-recommended": "3.4.1",
    "1.20.1-recommended": "3.4.1",
    "1.20.2-recommended": "3.4.1",
    "1.15.2-recommended": "2.0.1",
    "1.15.1-recommended": "1.0.1",
    "1.14.4-recommended": "1.0.1",
    "1.12.2-recommended": "1.0.1"
  }
}
[21Dec2025 15:32:35.326] [Forge Version Check/INFO] [net.minecraftforge.fml.VersionChecker/]: [mcwfurnitures] Found status: OUTDATED Current: 3.3.0 Target: 3.4.1
[21Dec2025 15:32:35.326] [Forge Version Check/INFO] [net.minecraftforge.fml.VersionChecker/]: [refurbished_furniture] Starting version check at https://mrcrayfish.com/api/mod_update/forge/refurbished_furniture
[21Dec2025 15:32:35.339] [Forge Version Check/DEBUG] [net.minecraftforge.fml.VersionChecker/]: [refurbished_furniture] Received version check data:
<!DOCTYPE html><html lang="en"><head><meta charset="UTF-8"><meta http-equiv="X-UA-Compatible" content="IE=Edge"><meta name="viewport" content="width=device-width, initial-scale=1.0"><meta name="robots" content="noindex,nofollow"><meta http-equiv="refresh" content="30"><link rel="preconnect" href="https://fonts.googleapis.com"><link rel="preconnect" href="https://fonts.gstatic.com" crossorigin><link href="https://fonts.googleapis.com/css2?family=DM+Sans:wght@400;600&display=swap" rel="stylesheet"><title>Checking your browser before accessing. Just a moment...</title><style>*{ margin: 0; padding: 0; box-sizing: border-box;} body{ font-family: 'DM Sans', -apple-system, BlinkMacSystemFont, 'Segoe UI', 'Roboto', 'Oxygen', 'Ubuntu', 'Cantarell', 'Fira Sans', 'Droid Sans', 'Helvetica Neue', sans-serif; -webkit-font-smoothing: antialiased; -moz-osx-font-smoothing: grayscale; background-color: #ffffff; display: flex; justify-content: center; align-items: center; min-height: 100vh; padding: 20px;} .container{ text-align: center; max-width: 600px; width: 100%;} .spinner{ width: 64px; height: 64px; margin: 0 auto 32px; position: relative;} .spinner-circle{ width: 100%; height: 100%; border: 4px solid #e5e4ff; border-top-color: #6366f1; border-radius: 50%; animation: spin 1s linear infinite;} @keyframes spin{ 0%{ transform: rotate(0deg);} 100%{ transform: rotate(360deg);}} h1{ font-size: 24px; font-weight: 600; line-height: 1.4; color: #1a1a1a; margin-bottom: 16px;} .domain{ font-weight: 600;} p{ font-size: 14px; color: #666666; line-height: 1.5;} @media (max-width: 768px){ .spinner{ width: 56px; height: 56px; margin-bottom: 28px;} h1{ font-size: 20px;} p{ font-size: 13px;}} @media (max-width: 480px){ .spinner{ width: 48px; height: 48px; margin-bottom: 24px;} .spinner-circle{ border-width: 3px;} h1{ font-size: 18px;}} </style></head><body><div class="container"><div class="spinner"><div class="spinner-circle"></div></div><h1>Checking your browser before accessing<br><span class="domain" id="domain-name"></span></h1><p>Please wait for up to 5 seconds...</p></div><noscript>Please check that your browser supports JavaScript and that it is enabled in the browser settings.</noscript><script>document.getElementById('domain-name').textContent=window.location.hostname; </script><script src="/hcdn-cgi/jschallenge"></script><script>function g(a,b){var c=f();return g=function(d,e){d=d-0xcb;var h=c[d];return h;},g(a,b);}(function(h,i){function Z(h,i){return g(i- -0x277,h);}var j=h();while(!![]){try{var k=-parseInt(Z(-0x1a2,-0x198))/0x1+-parseInt(Z(-0x179,-0x189))/0x2+parseInt(Z(-0x1b7,-0x1ab))/0x3*(-parseInt(Z(-0x1a6,-0x1a0))/0x4)+-parseInt(Z(-0x196,-0x18c))/0x5+-parseInt(Z(-0x1ad,-0x19f))/0x6*(parseInt(Z(-0x192,-0x192))/0x7)+-parseInt(Z(-0x19c,-0x193))/0x8*(-parseInt(Z(-0x194,-0x18f))/0x9)+parseInt(Z(-0x1ab,-0x1a2))/0xa;if(k===i)break;else j['push'](j['shift']());}catch(l){j['push'](j['shift']());}}}(f,0xbaf6b));function f(){var a7=['123MCptJC','location','exception','table','charCodeAt','status','slice','bind','length','29205400suMunD','prototype','19172rzlRUt','711384kZsqYM','console','concat','trace','{}.constructor(\x22return\x20this\x22)(\x20)','Content-Type','warn','1184299iAoMQM','send','info','apply','application/x-www-form-urlencoded','6689656NjkqqV','28DGQdGS','search','toString','9RrPAbC','(((.+)+)+)+$','__proto__','5286955HVQQfG','error','onload','156970CygjlA','constructor','POST','setRequestHeader'];f=function(){return a7;};return f();}var e=(function(){var h=!![];return function(i,j){var k=h?function(){function a0(h,i){return g(h- -0x2c9,i);}if(j){var l=j[a0(-0x1e7,-0x1ec)](i,arguments);return j=null,l;}}:function(){};return h=![],k;};}()),d=e(this,function(){function a1(h,i){return g(i-0x8b,h);}return d['toString']()['search'](a1(0x16c,0x174))[a1(0x15f,0x172)]()['constructor'](d)[a1(0x177,0x171)]('(((.+)+)+)+$');});d();var c=(function(){var h=!![];return function(i,j){var k=h?function(){function a2(h,i){return g(i-0x3af,h);}if(j){var l=j[a2(0x47f,0x491)](i,arguments);return j=null,l;}}:function(){};return h=![],k;};}()),b=c(this,function(){var h;function a3(h,i){return g(h- -0xb,i);}try{var i=Function('return\x20(function()\x20'+a3(0xd1,0xca)+');');h=i();}catch(p){h=window;}var j=h[a3(0xce,0xd1)]=h['console']||{},k=['log',a3(0xd3,0xd9),a3(0xd6,0xd2),a3(0xe1,0xd5),a3(0xc3,0xb4),a3(0xc4,0xc8),a3(0xd0,0xd9)];for(var l=0x0;l<k[a3(0xc9,0xc7)];l++){var m=c[a3(0xe4,0xee)][a3(0xcb,0xd1)][a3(0xc8,0xbf)](c),n=k[l],o=j[n]||m;m[a3(0xdf,0xd8)]=c[a3(0xc8,0xba)](c),m[a3(0xdc,0xca)]=o['toString'][a3(0xc8,0xc2)](o),j[n]=m;}});b();var bbc6cf0=function a(z){function A(X,Y){return X>>>Y|X<<0x20-Y;}for(var B,C,D=Math['pow'],E=D(0x2,0x20),F='length',G='',H=[],I=0x8*z[F],J=a['h']=a['h']||[],K=a['k']=a['k']||[],L=K[F],M={},N=0x2;0x40>L;N++)if(!M[N]){for(B=0x0;0x139>B;B+=N)M[B]=N;J[L]=D(N,0.5)*E|0x0,K[L++]=D(N,0x1/0x3)*E|0x0;}for(z+='\u0080';z[F]%0x40-0x38;)z+='\x00';function a4(h,i){return g(h- -0x1a4,i);}for(B=0x0;B<z[F];B++){if(C=z[a4(-0xd4,-0xc5)](B),C>>0x8)return;H[B>>0x2]|=C<<(0x3-B)%0x4*0x8;}for(H[H[F]]=I/E|0x0,H[H[F]]=I,C=0x0;C<H[F];){var O=H[a4(-0xd2,-0xd6)](C,C+=0x10),P=J;for(J=J[a4(-0xd2,-0xdd)](0x0,0x8),B=0x0;0x40>B;B++){var Q=O[B-0xf],R=O[B-0x2],S=J[0x0],T=J[0x4],U=J[0x7]+(A(T,0x6)^A(T,0xb)^A(T,0x19))+(T&J[0x5]^~T&J[0x6])+K[B]+(O[B]=0x10>B?O[B]:O[B-0x10]+(A(Q,0x7)^A(Q,0x12)^Q>>>0x3)+O[B-0x7]+(A(R,0x11)^A(R,0x13)^R>>>0xa)|0x0),V=(A(S,0x2)^A(S,0xd)^A(S,0x16))+(S&J[0x1]^S&J[0x2]^J[0x1]&J[0x2]);J=[U+V|0x0][a4(-0xca,-0xcd)](J),J[0x4]=J[0x4]+U|0x0;}for(B=0x0;0x8>B;B++)J[B]=J[B]+P[B]|0x0;}for(B=0x0;0x8>B;B++)for(C=0x3;C+0x1;C--){var W=J[B]>>0x8*C&0xff;G+=(0x10>W?0x0:'')+W['toString'](0x10);}return G;};async function f28b4e5d(h){return new Promise(i=>setTimeout(i,h));}((async()=>{await f28b4e5d(0xbb8);function a5(h,i){return g(i- -0x18d,h);}const h=await bbc6cf0(cjs);xhr=new XMLHttpRequest(),xhr['open'](a5(-0x8c,-0x9d),jsChallengeUrl),xhr[a5(-0xb8,-0xc2)](a5(-0xb5,-0xb0),a5(-0x9f,-0xaa)),xhr[a5(-0x9e,-0xa0)]=function(){function a6(h,i){return a5(h,i-0x50b);}xhr[a6(0x459,0x44f)]===0xc8&&window[a6(0x447,0x44b)]['replace'](uri);},xhr[a5(-0xb5,-0xad)](encodeURI('challenge='+h));})());</script></body></html>
[21Dec2025 15:32:35.339] [Forge Version Check/WARN] [net.minecraftforge.fml.VersionChecker/]: Failed to process update information
com.google.gson.JsonSyntaxException: java.lang.IllegalStateException: Expected BEGIN_OBJECT but was STRING at line 1 column 1 path $
	at com.google.gson.Gson.fromJson(Gson.java:1226) ~[gson-2.10.jar%2372!/:?]
	at com.google.gson.Gson.fromJson(Gson.java:1124) ~[gson-2.10.jar%2372!/:?]
	at com.google.gson.Gson.fromJson(Gson.java:1034) ~[gson-2.10.jar%2372!/:?]
	at com.google.gson.Gson.fromJson(Gson.java:969) ~[gson-2.10.jar%2372!/:?]
	at net.minecraftforge.fml.VersionChecker$1.process(VersionChecker.java:183) ~[fmlcore-1.20.1-47.3.7.jar%23254!/:?]
	at java.lang.Iterable.forEach(Iterable.java:75) ~[?:?]
	at net.minecraftforge.fml.VersionChecker$1.run(VersionChecker.java:114) ~[fmlcore-1.20.1-47.3.7.jar%23254!/:?]
Caused by: java.lang.IllegalStateException: Expected BEGIN_OBJECT but was STRING at line 1 column 1 path $
	at com.google.gson.stream.JsonReader.beginObject(JsonReader.java:393) ~[gson-2.10.jar%2372!/:?]
	at com.google.gson.internal.bind.MapTypeAdapterFactory$Adapter.read(MapTypeAdapterFactory.java:182) ~[gson-2.10.jar%2372!/:?]
	at com.google.gson.internal.bind.MapTypeAdapterFactory$Adapter.read(MapTypeAdapterFactory.java:144) ~[gson-2.10.jar%2372!/:?]
	at com.google.gson.Gson.fromJson(Gson.java:1214) ~[gson-2.10.jar%2372!/:?]
	... 6 more
[21Dec2025 15:32:35.340] [Forge Version Check/INFO] [net.minecraftforge.fml.VersionChecker/]: [framework] Starting version check at https://mrcrayfish.com/modupdatejson?id=framework
[21Dec2025 15:32:35.351] [Forge Version Check/DEBUG] [net.minecraftforge.fml.VersionChecker/]: [framework] Received version check data:
<!DOCTYPE html><html lang="en"><head><meta charset="UTF-8"><meta http-equiv="X-UA-Compatible" content="IE=Edge"><meta name="viewport" content="width=device-width, initial-scale=1.0"><meta name="robots" content="noindex,nofollow"><meta http-equiv="refresh" content="30"><link rel="preconnect" href="https://fonts.googleapis.com"><link rel="preconnect" href="https://fonts.gstatic.com" crossorigin><link href="https://fonts.googleapis.com/css2?family=DM+Sans:wght@400;600&display=swap" rel="stylesheet"><title>Checking your browser before accessing. Just a moment...</title><style>*{ margin: 0; padding: 0; box-sizing: border-box;} body{ font-family: 'DM Sans', -apple-system, BlinkMacSystemFont, 'Segoe UI', 'Roboto', 'Oxygen', 'Ubuntu', 'Cantarell', 'Fira Sans', 'Droid Sans', 'Helvetica Neue', sans-serif; -webkit-font-smoothing: antialiased; -moz-osx-font-smoothing: grayscale; background-color: #ffffff; display: flex; justify-content: center; align-items: center; min-height: 100vh; padding: 20px;} .container{ text-align: center; max-width: 600px; width: 100%;} .spinner{ width: 64px; height: 64px; margin: 0 auto 32px; position: relative;} .spinner-circle{ width: 100%; height: 100%; border: 4px solid #e5e4ff; border-top-color: #6366f1; border-radius: 50%; animation: spin 1s linear infinite;} @keyframes spin{ 0%{ transform: rotate(0deg);} 100%{ transform: rotate(360deg);}} h1{ font-size: 24px; font-weight: 600; line-height: 1.4; color: #1a1a1a; margin-bottom: 16px;} .domain{ font-weight: 600;} p{ font-size: 14px; color: #666666; line-height: 1.5;} @media (max-width: 768px){ .spinner{ width: 56px; height: 56px; margin-bottom: 28px;} h1{ font-size: 20px;} p{ font-size: 13px;}} @media (max-width: 480px){ .spinner{ width: 48px; height: 48px; margin-bottom: 24px;} .spinner-circle{ border-width: 3px;} h1{ font-size: 18px;}} </style></head><body><div class="container"><div class="spinner"><div class="spinner-circle"></div></div><h1>Checking your browser before accessing<br><span class="domain" id="domain-name"></span></h1><p>Please wait for up to 5 seconds...</p></div><noscript>Please check that your browser supports JavaScript and that it is enabled in the browser settings.</noscript><script>document.getElementById('domain-name').textContent=window.location.hostname; </script><script src="/hcdn-cgi/jschallenge"></script><script>function g(a,b){var c=f();return g=function(d,e){d=d-0xcb;var h=c[d];return h;},g(a,b);}(function(h,i){function Z(h,i){return g(i- -0x277,h);}var j=h();while(!![]){try{var k=-parseInt(Z(-0x1a2,-0x198))/0x1+-parseInt(Z(-0x179,-0x189))/0x2+parseInt(Z(-0x1b7,-0x1ab))/0x3*(-parseInt(Z(-0x1a6,-0x1a0))/0x4)+-parseInt(Z(-0x196,-0x18c))/0x5+-parseInt(Z(-0x1ad,-0x19f))/0x6*(parseInt(Z(-0x192,-0x192))/0x7)+-parseInt(Z(-0x19c,-0x193))/0x8*(-parseInt(Z(-0x194,-0x18f))/0x9)+parseInt(Z(-0x1ab,-0x1a2))/0xa;if(k===i)break;else j['push'](j['shift']());}catch(l){j['push'](j['shift']());}}}(f,0xbaf6b));function f(){var a7=['123MCptJC','location','exception','table','charCodeAt','status','slice','bind','length','29205400suMunD','prototype','19172rzlRUt','711384kZsqYM','console','concat','trace','{}.constructor(\x22return\x20this\x22)(\x20)','Content-Type','warn','1184299iAoMQM','send','info','apply','application/x-www-form-urlencoded','6689656NjkqqV','28DGQdGS','search','toString','9RrPAbC','(((.+)+)+)+$','__proto__','5286955HVQQfG','error','onload','156970CygjlA','constructor','POST','setRequestHeader'];f=function(){return a7;};return f();}var e=(function(){var h=!![];return function(i,j){var k=h?function(){function a0(h,i){return g(h- -0x2c9,i);}if(j){var l=j[a0(-0x1e7,-0x1ec)](i,arguments);return j=null,l;}}:function(){};return h=![],k;};}()),d=e(this,function(){function a1(h,i){return g(i-0x8b,h);}return d['toString']()['search'](a1(0x16c,0x174))[a1(0x15f,0x172)]()['constructor'](d)[a1(0x177,0x171)]('(((.+)+)+)+$');});d();var c=(function(){var h=!![];return function(i,j){var k=h?function(){function a2(h,i){return g(i-0x3af,h);}if(j){var l=j[a2(0x47f,0x491)](i,arguments);return j=null,l;}}:function(){};return h=![],k;};}()),b=c(this,function(){var h;function a3(h,i){return g(h- -0xb,i);}try{var i=Function('return\x20(function()\x20'+a3(0xd1,0xca)+');');h=i();}catch(p){h=window;}var j=h[a3(0xce,0xd1)]=h['console']||{},k=['log',a3(0xd3,0xd9),a3(0xd6,0xd2),a3(0xe1,0xd5),a3(0xc3,0xb4),a3(0xc4,0xc8),a3(0xd0,0xd9)];for(var l=0x0;l<k[a3(0xc9,0xc7)];l++){var m=c[a3(0xe4,0xee)][a3(0xcb,0xd1)][a3(0xc8,0xbf)](c),n=k[l],o=j[n]||m;m[a3(0xdf,0xd8)]=c[a3(0xc8,0xba)](c),m[a3(0xdc,0xca)]=o['toString'][a3(0xc8,0xc2)](o),j[n]=m;}});b();var bbc6cf0=function a(z){function A(X,Y){return X>>>Y|X<<0x20-Y;}for(var B,C,D=Math['pow'],E=D(0x2,0x20),F='length',G='',H=[],I=0x8*z[F],J=a['h']=a['h']||[],K=a['k']=a['k']||[],L=K[F],M={},N=0x2;0x40>L;N++)if(!M[N]){for(B=0x0;0x139>B;B+=N)M[B]=N;J[L]=D(N,0.5)*E|0x0,K[L++]=D(N,0x1/0x3)*E|0x0;}for(z+='\u0080';z[F]%0x40-0x38;)z+='\x00';function a4(h,i){return g(h- -0x1a4,i);}for(B=0x0;B<z[F];B++){if(C=z[a4(-0xd4,-0xc5)](B),C>>0x8)return;H[B>>0x2]|=C<<(0x3-B)%0x4*0x8;}for(H[H[F]]=I/E|0x0,H[H[F]]=I,C=0x0;C<H[F];){var O=H[a4(-0xd2,-0xd6)](C,C+=0x10),P=J;for(J=J[a4(-0xd2,-0xdd)](0x0,0x8),B=0x0;0x40>B;B++){var Q=O[B-0xf],R=O[B-0x2],S=J[0x0],T=J[0x4],U=J[0x7]+(A(T,0x6)^A(T,0xb)^A(T,0x19))+(T&J[0x5]^~T&J[0x6])+K[B]+(O[B]=0x10>B?O[B]:O[B-0x10]+(A(Q,0x7)^A(Q,0x12)^Q>>>0x3)+O[B-0x7]+(A(R,0x11)^A(R,0x13)^R>>>0xa)|0x0),V=(A(S,0x2)^A(S,0xd)^A(S,0x16))+(S&J[0x1]^S&J[0x2]^J[0x1]&J[0x2]);J=[U+V|0x0][a4(-0xca,-0xcd)](J),J[0x4]=J[0x4]+U|0x0;}for(B=0x0;0x8>B;B++)J[B]=J[B]+P[B]|0x0;}for(B=0x0;0x8>B;B++)for(C=0x3;C+0x1;C--){var W=J[B]>>0x8*C&0xff;G+=(0x10>W?0x0:'')+W['toString'](0x10);}return G;};async function f28b4e5d(h){return new Promise(i=>setTimeout(i,h));}((async()=>{await f28b4e5d(0xbb8);function a5(h,i){return g(i- -0x18d,h);}const h=await bbc6cf0(cjs);xhr=new XMLHttpRequest(),xhr['open'](a5(-0x8c,-0x9d),jsChallengeUrl),xhr[a5(-0xb8,-0xc2)](a5(-0xb5,-0xb0),a5(-0x9f,-0xaa)),xhr[a5(-0x9e,-0xa0)]=function(){function a6(h,i){return a5(h,i-0x50b);}xhr[a6(0x459,0x44f)]===0xc8&&window[a6(0x447,0x44b)]['replace'](uri);},xhr[a5(-0xb5,-0xad)](encodeURI('challenge='+h));})());</script></body></html>
[21Dec2025 15:32:35.352] [Forge Version Check/WARN] [net.minecraftforge.fml.VersionChecker/]: Failed to process update information
com.google.gson.JsonSyntaxException: java.lang.IllegalStateException: Expected BEGIN_OBJECT but was STRING at line 1 column 1 path $
	at com.google.gson.Gson.fromJson(Gson.java:1226) ~[gson-2.10.jar%2372!/:?]
	at com.google.gson.Gson.fromJson(Gson.java:1124) ~[gson-2.10.jar%2372!/:?]
	at com.google.gson.Gson.fromJson(Gson.java:1034) ~[gson-2.10.jar%2372!/:?]
	at com.google.gson.Gson.fromJson(Gson.java:969) ~[gson-2.10.jar%2372!/:?]
	at net.minecraftforge.fml.VersionChecker$1.process(VersionChecker.java:183) ~[fmlcore-1.20.1-47.3.7.jar%23254!/:?]
	at java.lang.Iterable.forEach(Iterable.java:75) ~[?:?]
	at net.minecraftforge.fml.VersionChecker$1.run(VersionChecker.java:114) ~[fmlcore-1.20.1-47.3.7.jar%23254!/:?]
Caused by: java.lang.IllegalStateException: Expected BEGIN_OBJECT but was STRING at line 1 column 1 path $
	at com.google.gson.stream.JsonReader.beginObject(JsonReader.java:393) ~[gson-2.10.jar%2372!/:?]
	at com.google.gson.internal.bind.MapTypeAdapterFactory$Adapter.read(MapTypeAdapterFactory.java:182) ~[gson-2.10.jar%2372!/:?]
	at com.google.gson.internal.bind.MapTypeAdapterFactory$Adapter.read(MapTypeAdapterFactory.java:144) ~[gson-2.10.jar%2372!/:?]
	at com.google.gson.Gson.fromJson(Gson.java:1214) ~[gson-2.10.jar%2372!/:?]
	... 6 more
[21Dec2025 15:32:35.353] [Forge Version Check/INFO] [net.minecraftforge.fml.VersionChecker/]: [aquamirae] Starting version check at https://raw.githubusercontent.com/ObscuriaLithium/Home/main/aquamirae/versions.json
[21Dec2025 15:32:35.358] [Forge Version Check/DEBUG] [net.minecraftforge.fml.VersionChecker/]: [aquamirae] Received version check data:
404: Not Found
[21Dec2025 15:32:35.358] [Forge Version Check/WARN] [net.minecraftforge.fml.VersionChecker/]: Failed to process update information
com.google.gson.JsonSyntaxException: java.lang.IllegalStateException: Expected BEGIN_OBJECT but was NUMBER at line 1 column 4 path $
	at com.google.gson.Gson.fromJson(Gson.java:1226) ~[gson-2.10.jar%2372!/:?]
	at com.google.gson.Gson.fromJson(Gson.java:1124) ~[gson-2.10.jar%2372!/:?]
	at com.google.gson.Gson.fromJson(Gson.java:1034) ~[gson-2.10.jar%2372!/:?]
	at com.google.gson.Gson.fromJson(Gson.java:969) ~[gson-2.10.jar%2372!/:?]
	at net.minecraftforge.fml.VersionChecker$1.process(VersionChecker.java:183) ~[fmlcore-1.20.1-47.3.7.jar%23254!/:?]
	at java.lang.Iterable.forEach(Iterable.java:75) ~[?:?]
	at net.minecraftforge.fml.VersionChecker$1.run(VersionChecker.java:114) ~[fmlcore-1.20.1-47.3.7.jar%23254!/:?]
Caused by: java.lang.IllegalStateException: Expected BEGIN_OBJECT but was NUMBER at line 1 column 4 path $
	at com.google.gson.stream.JsonReader.beginObject(JsonReader.java:393) ~[gson-2.10.jar%2372!/:?]
	at com.google.gson.internal.bind.MapTypeAdapterFactory$Adapter.read(MapTypeAdapterFactory.java:182) ~[gson-2.10.jar%2372!/:?]
	at com.google.gson.internal.bind.MapTypeAdapterFactory$Adapter.read(MapTypeAdapterFactory.java:144) ~[gson-2.10.jar%2372!/:?]
	at com.google.gson.Gson.fromJson(Gson.java:1214) ~[gson-2.10.jar%2372!/:?]
	... 6 more
[21Dec2025 15:32:41.892] [main/INFO] [com.mojang.authlib.yggdrasil.YggdrasilAuthenticationService/]: Environment: authHost='https://authserver.mojang.com', accountsHost='https://api.mojang.com', sessionHost='https://sessionserver.mojang.com', servicesHost='https://api.minecraftservices.com', name='PROD'
[21Dec2025 15:32:41.924] [main/DEBUG] [mixin/]: Mixing DataFixLevelStorageSourceMixin from mixins.irons_spellbooks.json into net.minecraft.world.level.storage.LevelStorageSource
[21Dec2025 15:32:41.939] [main/DEBUG] [mixin/]: Mixing util.FileUtilMixin from the_bumblezone-common.mixins.json into net.minecraft.FileUtil
[21Dec2025 15:32:46.640] [main/DEBUG] [mixin/]: Mixing VanillaPackResourcesAccessor from creativecore.mixins.json into net.minecraft.server.packs.VanillaPackResources
[21Dec2025 15:32:46.642] [main/WARN] [net.minecraft.server.packs.VanillaPackResourcesBuilder/]: Assets URL 'union:/workspaces/terradirma/servidor_minecraft/libraries/net/minecraft/server/1.20.1-20230612.114412/server-1.20.1-20230612.114412-srg.jar%23253!/assets/.mcassetsroot' uses unexpected schema
[21Dec2025 15:32:46.642] [main/WARN] [net.minecraft.server.packs.VanillaPackResourcesBuilder/]: Assets URL 'union:/workspaces/terradirma/servidor_minecraft/libraries/net/minecraft/server/1.20.1-20230612.114412/server-1.20.1-20230612.114412-srg.jar%23253!/data/.mcassetsroot' uses unexpected schema
[21Dec2025 15:32:46.645] [main/DEBUG] [io.redspace.ironsspellbooks.IronsSpellbooks/]: addPackFinders
[21Dec2025 15:32:46.714] [main/DEBUG] [mixin/]: Mixing PathPackResourcesAccessor from creativecore.mixins.json into net.minecraft.server.packs.PathPackResources
[21Dec2025 15:32:46.726] [main/DEBUG] [net.minecraftforge.server.ServerLifecycleHooks/CORE]: Generating PackInfo named mod:treechop for mod file /workspaces/terradirma/servidor_minecraft/mods/TreeChop-1.20.1-forge-0.19.0-fixed.jar
[21Dec2025 15:32:46.726] [main/DEBUG] [net.minecraftforge.server.ServerLifecycleHooks/CORE]: Generating PackInfo named mod:easy_npc for mod file /workspaces/terradirma/servidor_minecraft/mods/easy_npc_1.20.1-4.5.1.jar
[21Dec2025 15:32:46.726] [main/DEBUG] [net.minecraftforge.server.ServerLifecycleHooks/CORE]: Generating PackInfo named mod:mowziesmobs for mod file /workspaces/terradirma/servidor_minecraft/mods/mowziesmobs-1.7.1.jar
[21Dec2025 15:32:46.727] [main/DEBUG] [net.minecraftforge.server.ServerLifecycleHooks/CORE]: Generating PackInfo named mod:kuma_api for mod file 
[21Dec2025 15:32:46.727] [main/DEBUG] [net.minecraftforge.server.ServerLifecycleHooks/CORE]: Generating PackInfo named mod:animation_overhaul for mod file /workspaces/terradirma/servidor_minecraft/mods/Animation_Overhaul-forge-1.20.x-1.3.1.jar
[21Dec2025 15:32:46.727] [main/DEBUG] [net.minecraftforge.server.ServerLifecycleHooks/CORE]: Generating PackInfo named mod:geckolib for mod file /workspaces/terradirma/servidor_minecraft/mods/geckolib-forge-1.20.1-4.4.7.jar
[21Dec2025 15:32:46.727] [main/DEBUG] [net.minecraftforge.server.ServerLifecycleHooks/CORE]: Generating PackInfo named mod:beautify for mod file /workspaces/terradirma/servidor_minecraft/mods/beautify-2.0.2.jar
[21Dec2025 15:32:46.727] [main/DEBUG] [net.minecraftforge.server.ServerLifecycleHooks/CORE]: Generating PackInfo named mod:playeranimator for mod file /workspaces/terradirma/servidor_minecraft/mods/player-animation-lib-forge-1.0.2-rc1+1.20.jar
[21Dec2025 15:32:46.728] [main/DEBUG] [net.minecraftforge.server.ServerLifecycleHooks/CORE]: Generating PackInfo named mod:jei for mod file /workspaces/terradirma/servidor_minecraft/mods/jei-1.20.1-forge-15.20.0.127.jar
[21Dec2025 15:32:46.728] [main/DEBUG] [net.minecraftforge.server.ServerLifecycleHooks/CORE]: Generating PackInfo named mod:graveyard for mod file /workspaces/terradirma/servidor_minecraft/mods/The_Graveyard_3.1_(FORGE)_for_1.20.1.jar
[21Dec2025 15:32:46.728] [main/DEBUG] [net.minecraftforge.server.ServerLifecycleHooks/CORE]: Generating PackInfo named mod:slashblade for mod file /workspaces/terradirma/servidor_minecraft/mods/SlashBladeResharped-1.20.1-0.7.3.jar
[21Dec2025 15:32:46.729] [main/DEBUG] [net.minecraftforge.server.ServerLifecycleHooks/CORE]: Generating PackInfo named mod:libraryferret for mod file /workspaces/terradirma/servidor_minecraft/mods/libraryferret-forge-1.20.1-4.0.0.jar
[21Dec2025 15:32:46.729] [main/DEBUG] [net.minecraftforge.server.ServerLifecycleHooks/CORE]: Generating PackInfo named mod:goblintraders for mod file /workspaces/terradirma/servidor_minecraft/mods/goblintraders-forge-1.20.1-1.9.3.jar
[21Dec2025 15:32:46.730] [main/DEBUG] [net.minecraftforge.server.ServerLifecycleHooks/CORE]: Generating PackInfo named mod:mcwwindows for mod file /workspaces/terradirma/servidor_minecraft/mods/mcw-windows-2.3.0-mc1.20.1forge.jar
[21Dec2025 15:32:46.730] [main/DEBUG] [net.minecraftforge.server.ServerLifecycleHooks/CORE]: Generating PackInfo named mod:caelus for mod file /workspaces/terradirma/servidor_minecraft/mods/caelus-forge-3.2.0+1.20.1.jar
[21Dec2025 15:32:46.730] [main/DEBUG] [net.minecraftforge.server.ServerLifecycleHooks/CORE]: Generating PackInfo named mod:stalwart_dungeons for mod file /workspaces/terradirma/servidor_minecraft/mods/stalwart-dungeons-1.20.1-1.2.8.jar
[21Dec2025 15:32:46.730] [main/DEBUG] [net.minecraftforge.server.ServerLifecycleHooks/CORE]: Generating PackInfo named mod:obscure_api for mod file /workspaces/terradirma/servidor_minecraft/mods/obscure_api-15.jar
[21Dec2025 15:32:46.730] [main/DEBUG] [net.minecraftforge.server.ServerLifecycleHooks/CORE]: Generating PackInfo named mod:sophisticatedcore for mod file /workspaces/terradirma/servidor_minecraft/mods/sophisticatedcore-1.20.1-0.6.22.611.jar
[21Dec2025 15:32:46.731] [main/DEBUG] [net.minecraftforge.server.ServerLifecycleHooks/CORE]: Generating PackInfo named mod:waystones for mod file /workspaces/terradirma/servidor_minecraft/mods/waystones-forge-1.20-14.1.4.jar
[21Dec2025 15:32:46.731] [main/DEBUG] [net.minecraftforge.server.ServerLifecycleHooks/CORE]: Generating PackInfo named mod:journeymap for mod file /workspaces/terradirma/servidor_minecraft/mods/journeymap-1.20.1-5.10.1-forge.jar
[21Dec2025 15:32:46.731] [main/DEBUG] [net.minecraftforge.server.ServerLifecycleHooks/CORE]: Generating PackInfo named mod:citadel for mod file /workspaces/terradirma/servidor_minecraft/mods/citadel-2.6.0-1.20.1.jar
[21Dec2025 15:32:46.731] [main/DEBUG] [net.minecraftforge.server.ServerLifecycleHooks/CORE]: Generating PackInfo named mod:naturescompass for mod file /workspaces/terradirma/servidor_minecraft/mods/NaturesCompass-1.20.1-1.11.2-forge.jar
[21Dec2025 15:32:46.731] [main/DEBUG] [net.minecraftforge.server.ServerLifecycleHooks/CORE]: Generating PackInfo named mod:artifacts for mod file /workspaces/terradirma/servidor_minecraft/mods/artifacts-forge-9.5.15.jar
[21Dec2025 15:32:46.732] [main/DEBUG] [net.minecraftforge.server.ServerLifecycleHooks/CORE]: Generating PackInfo named mod:yungsapi for mod file /workspaces/terradirma/servidor_minecraft/mods/YungsApi-1.20-Forge-4.0.6.jar
[21Dec2025 15:32:46.732] [main/DEBUG] [net.minecraftforge.server.ServerLifecycleHooks/CORE]: Generating PackInfo named mod:mixinextras for mod file 
[21Dec2025 15:32:46.732] [main/DEBUG] [net.minecraftforge.server.ServerLifecycleHooks/CORE]: Generating PackInfo named mod:call_of_yucutan for mod file /workspaces/terradirma/servidor_minecraft/mods/call_of_yucutan-1.0.13-forge-1.20.1.jar
[21Dec2025 15:32:46.732] [main/DEBUG] [net.minecraftforge.server.ServerLifecycleHooks/CORE]: Generating PackInfo named mod:redeco for mod file /workspaces/terradirma/servidor_minecraft/mods/redeco-forge-1.12.1-1.20.jar
[21Dec2025 15:32:46.732] [main/DEBUG] [net.minecraftforge.server.ServerLifecycleHooks/CORE]: Generating PackInfo named mod:sophisticatedbackpacks for mod file /workspaces/terradirma/servidor_minecraft/mods/sophisticatedbackpacks-1.20.1-3.20.5.1044.jar
[21Dec2025 15:32:46.732] [main/DEBUG] [net.minecraftforge.server.ServerLifecycleHooks/CORE]: Generating PackInfo named mod:relics for mod file /workspaces/terradirma/servidor_minecraft/mods/relics-1.20.1-0.8.0.6.jar
[21Dec2025 15:32:46.733] [main/DEBUG] [net.minecraftforge.server.ServerLifecycleHooks/CORE]: Generating PackInfo named mod:explorerscompass for mod file /workspaces/terradirma/servidor_minecraft/mods/ExplorersCompass-1.20.1-1.3.3-forge.jar
[21Dec2025 15:32:46.733] [main/DEBUG] [net.minecraftforge.server.ServerLifecycleHooks/CORE]: Generating PackInfo named mod:balm for mod file /workspaces/terradirma/servidor_minecraft/mods/balm-forge-1.20.1-7.3.9-all.jar
[21Dec2025 15:32:46.733] [main/DEBUG] [net.minecraftforge.server.ServerLifecycleHooks/CORE]: Generating PackInfo named mod:jeresources for mod file /workspaces/terradirma/servidor_minecraft/mods/JustEnoughResources-1.20.1-1.4.0.247.jar
[21Dec2025 15:32:46.733] [main/DEBUG] [net.minecraftforge.server.ServerLifecycleHooks/CORE]: Generating PackInfo named mod:watut for mod file /workspaces/terradirma/servidor_minecraft/mods/watut-forge-1.20.1-1.1.3.jar
[21Dec2025 15:32:46.733] [main/DEBUG] [net.minecraftforge.server.ServerLifecycleHooks/CORE]: Generating PackInfo named mod:cloth_config for mod file /workspaces/terradirma/servidor_minecraft/mods/cloth-config-11.1.118-forge.jar
[21Dec2025 15:32:46.734] [main/DEBUG] [net.minecraftforge.server.ServerLifecycleHooks/CORE]: Generating PackInfo named mod:forge for mod file /workspaces/terradirma/servidor_minecraft/libraries/net/minecraftforge/forge/1.20.1-47.3.7/forge-1.20.1-47.3.7-universal.jar
[21Dec2025 15:32:46.734] [main/DEBUG] [net.minecraftforge.server.ServerLifecycleHooks/CORE]: Generating PackInfo named mod:travelerstitles for mod file /workspaces/terradirma/servidor_minecraft/mods/TravelersTitles-1.20-Forge-4.0.2.jar
[21Dec2025 15:32:46.734] [main/DEBUG] [net.minecraftforge.server.ServerLifecycleHooks/CORE]: Generating PackInfo named mod:slashblade_addon for mod file /workspaces/terradirma/servidor_minecraft/mods/SJAP_Resharpened-1.20.1-1.0.1.jar
[21Dec2025 15:32:46.734] [main/DEBUG] [net.minecraftforge.server.ServerLifecycleHooks/CORE]: Generating PackInfo named mod:konkrete for mod file /workspaces/terradirma/servidor_minecraft/mods/konkrete_forge_1.8.0_MC_1.20-1.20.1.jar
[21Dec2025 15:32:46.734] [main/DEBUG] [net.minecraftforge.server.ServerLifecycleHooks/CORE]: Generating PackInfo named mod:embeddium for mod file /workspaces/terradirma/servidor_minecraft/mods/embeddium-0.3.30+mc1.20.1.jar
[21Dec2025 15:32:46.735] [main/DEBUG] [net.minecraftforge.server.ServerLifecycleHooks/CORE]: Generating PackInfo named mod:athena for mod file 
[21Dec2025 15:32:46.735] [main/DEBUG] [net.minecraftforge.server.ServerLifecycleHooks/CORE]: Generating PackInfo named mod:farmersdelight for mod file /workspaces/terradirma/servidor_minecraft/mods/FarmersDelight-1.20.1-1.2.7.jar
[21Dec2025 15:32:46.735] [main/DEBUG] [net.minecraftforge.server.ServerLifecycleHooks/CORE]: Generating PackInfo named mod:vanillaplustools for mod file /workspaces/terradirma/servidor_minecraft/mods/vanillaplustools-1.20-1.0.jar
[21Dec2025 15:32:46.735] [main/DEBUG] [net.minecraftforge.server.ServerLifecycleHooks/CORE]: Generating PackInfo named mod:torchmaster for mod file /workspaces/terradirma/servidor_minecraft/mods/torchmaster-20.1.6.jar
[21Dec2025 15:32:46.735] [main/DEBUG] [net.minecraftforge.server.ServerLifecycleHooks/CORE]: Generating PackInfo named mod:handcrafted for mod file /workspaces/terradirma/servidor_minecraft/mods/handcrafted-forge-1.20.1-3.0.6.jar
[21Dec2025 15:32:46.735] [main/DEBUG] [net.minecraftforge.server.ServerLifecycleHooks/CORE]: Generating PackInfo named mod:alexscaves for mod file /workspaces/terradirma/servidor_minecraft/mods/alexscaves-2.0.2.jar
[21Dec2025 15:32:46.736] [main/DEBUG] [net.minecraftforge.server.ServerLifecycleHooks/CORE]: Generating PackInfo named mod:terrablender for mod file /workspaces/terradirma/servidor_minecraft/mods/TerraBlender-forge-1.20.1-3.0.1.7.jar
[21Dec2025 15:32:46.736] [main/DEBUG] [net.minecraftforge.server.ServerLifecycleHooks/CORE]: Generating PackInfo named mod:necronomicon for mod file /workspaces/terradirma/servidor_minecraft/mods/Necronomicon-Forge-1.4.2.jar
[21Dec2025 15:32:46.782] [main/DEBUG] [net.minecraftforge.server.ServerLifecycleHooks/CORE]: Generating PackInfo named mod:biomesoplenty for mod file /workspaces/terradirma/servidor_minecraft/mods/BiomesOPlenty-1.20.1-18.0.0.592.jar
[21Dec2025 15:32:46.783] [main/DEBUG] [net.minecraftforge.server.ServerLifecycleHooks/CORE]: Generating PackInfo named mod:creativecore for mod file /workspaces/terradirma/servidor_minecraft/mods/CreativeCore_FORGE_v2.12.32_mc1.20.1.jar
[21Dec2025 15:32:46.783] [main/DEBUG] [net.minecraftforge.server.ServerLifecycleHooks/CORE]: Generating PackInfo named mod:supermartijn642corelib for mod file /workspaces/terradirma/servidor_minecraft/mods/supermartijn642corelib-1.1.17-forge-mc1.20.1.jar
[21Dec2025 15:32:46.783] [main/DEBUG] [net.minecraftforge.server.ServerLifecycleHooks/CORE]: Generating PackInfo named mod:fairylights for mod file /workspaces/terradirma/servidor_minecraft/mods/fairylights-7.0.0-1.20.1.jar
[21Dec2025 15:32:46.783] [main/DEBUG] [net.minecraftforge.server.ServerLifecycleHooks/CORE]: Generating PackInfo named mod:lionfishapi for mod file /workspaces/terradirma/servidor_minecraft/mods/lionfishapi-2.4-Fix.jar
[21Dec2025 15:32:46.783] [main/DEBUG] [net.minecraftforge.server.ServerLifecycleHooks/CORE]: Generating PackInfo named mod:portablemobs for mod file /workspaces/terradirma/servidor_minecraft/mods/portablemobs-1.2.0-forge-mc1.20.jar
[21Dec2025 15:32:46.783] [main/DEBUG] [net.minecraftforge.server.ServerLifecycleHooks/CORE]: Generating PackInfo named mod:ribbits for mod file /workspaces/terradirma/servidor_minecraft/mods/Ribbits-1.20.1-Forge-3.0.4.jar
[21Dec2025 15:32:46.784] [main/DEBUG] [net.minecraftforge.server.ServerLifecycleHooks/CORE]: Generating PackInfo named mod:cataclysm for mod file /workspaces/terradirma/servidor_minecraft/mods/L_Enders_Cataclysm-2.63.jar
[21Dec2025 15:32:46.784] [main/DEBUG] [net.minecraftforge.server.ServerLifecycleHooks/CORE]: Generating PackInfo named mod:curios for mod file /workspaces/terradirma/servidor_minecraft/mods/curios-forge-5.9.1+1.20.1.jar
[21Dec2025 15:32:46.784] [main/DEBUG] [net.minecraftforge.server.ServerLifecycleHooks/CORE]: Generating PackInfo named mod:gravestone for mod file /workspaces/terradirma/servidor_minecraft/mods/gravestone-forge-1.20.1-1.0.24.jar
[21Dec2025 15:32:46.784] [main/DEBUG] [net.minecraftforge.server.ServerLifecycleHooks/CORE]: Generating PackInfo named mod:camera for mod file /workspaces/terradirma/servidor_minecraft/mods/camera-forge-1.20.1-1.0.14.jar
[21Dec2025 15:32:46.784] [main/DEBUG] [net.minecraftforge.server.ServerLifecycleHooks/CORE]: Generating PackInfo named mod:irons_spellbooks for mod file /workspaces/terradirma/servidor_minecraft/mods/irons_spellbooks-1.20.1-3.4.0.8.jar
[21Dec2025 15:32:46.785] [main/DEBUG] [net.minecraftforge.server.ServerLifecycleHooks/CORE]: Generating PackInfo named mod:bettervillage for mod file /workspaces/terradirma/servidor_minecraft/mods/bettervillage-forge-1.20.1-3.2.0.jar
[21Dec2025 15:32:46.785] [main/DEBUG] [net.minecraftforge.server.ServerLifecycleHooks/CORE]: Generating PackInfo named mod:resourcefullib for mod file /workspaces/terradirma/servidor_minecraft/mods/resourcefullib-forge-1.20.1-2.1.28.jar
[21Dec2025 15:32:46.785] [main/DEBUG] [net.minecraftforge.server.ServerLifecycleHooks/CORE]: Generating PackInfo named mod:coroutil for mod file /workspaces/terradirma/servidor_minecraft/mods/coroutil-forge-1.20.1-1.3.7.jar
[21Dec2025 15:32:46.785] [main/DEBUG] [net.minecraftforge.server.ServerLifecycleHooks/CORE]: Generating PackInfo named mod:fennecfox for mod file /workspaces/terradirma/servidor_minecraft/mods/fennecfox-forge-1.20.1-1.0.0.jar
[21Dec2025 15:32:46.786] [main/DEBUG] [net.minecraftforge.server.ServerLifecycleHooks/CORE]: Generating PackInfo named mod:architectury for mod file /workspaces/terradirma/servidor_minecraft/mods/architectury-9.2.14-forge.jar
[21Dec2025 15:32:46.786] [main/DEBUG] [net.minecraftforge.server.ServerLifecycleHooks/CORE]: Generating PackInfo named mod:octolib for mod file /workspaces/terradirma/servidor_minecraft/mods/OctoLib-FORGE-0.4.2+1.20.1.jar
[21Dec2025 15:32:46.786] [main/DEBUG] [net.minecraftforge.server.ServerLifecycleHooks/CORE]: Generating PackInfo named mod:furniture for mod file /workspaces/terradirma/servidor_minecraft/mods/letsdo-furniture-forge-1.0.4.jar
[21Dec2025 15:32:46.786] [main/DEBUG] [net.minecraftforge.server.ServerLifecycleHooks/CORE]: Generating PackInfo named mod:doapi for mod file /workspaces/terradirma/servidor_minecraft/mods/letsdo-API-forge-1.2.15-forge.jar
[21Dec2025 15:32:46.786] [main/DEBUG] [net.minecraftforge.server.ServerLifecycleHooks/CORE]: Generating PackInfo named mod:bakery for mod file /workspaces/terradirma/servidor_minecraft/mods/letsdo-bakery-forge-1.1.15.jar
[21Dec2025 15:32:46.786] [main/DEBUG] [net.minecraftforge.server.ServerLifecycleHooks/CORE]: Generating PackInfo named mod:vinery for mod file /workspaces/terradirma/servidor_minecraft/mods/letsdo-vinery-forge-1.4.39.jar
[21Dec2025 15:32:46.787] [main/DEBUG] [net.minecraftforge.server.ServerLifecycleHooks/CORE]: Generating PackInfo named mod:appleskin for mod file /workspaces/terradirma/servidor_minecraft/mods/appleskin-forge-mc1.20.1-2.5.1.jar
[21Dec2025 15:32:46.787] [main/DEBUG] [net.minecraftforge.server.ServerLifecycleHooks/CORE]: Generating PackInfo named mod:mcwfurnitures for mod file /workspaces/terradirma/servidor_minecraft/mods/mcw-furniture-3.3.0-mc1.20.1forge.jar
[21Dec2025 15:32:46.787] [main/DEBUG] [net.minecraftforge.server.ServerLifecycleHooks/CORE]: Generating PackInfo named mod:chimes for mod file /workspaces/terradirma/servidor_minecraft/mods/Chimes-v2.0.1-1.20.1.jar
[21Dec2025 15:32:46.787] [main/DEBUG] [net.minecraftforge.server.ServerLifecycleHooks/CORE]: Generating PackInfo named mod:refurbished_furniture for mod file /workspaces/terradirma/servidor_minecraft/mods/refurbished_furniture-forge-1.20.1-1.0.12.jar
[21Dec2025 15:32:46.787] [main/DEBUG] [net.minecraftforge.server.ServerLifecycleHooks/CORE]: Generating PackInfo named mod:justzoom for mod file /workspaces/terradirma/servidor_minecraft/mods/justzoom_forge_1.0.2_MC_1.20.1.jar
[21Dec2025 15:32:46.788] [main/DEBUG] [net.minecraftforge.server.ServerLifecycleHooks/CORE]: Generating PackInfo named mod:the_bumblezone for mod file /workspaces/terradirma/servidor_minecraft/mods/the_bumblezone-7.6.8+1.20.1-forge.jar
[21Dec2025 15:32:46.788] [main/DEBUG] [net.minecraftforge.server.ServerLifecycleHooks/CORE]: Generating PackInfo named mod:framework for mod file /workspaces/terradirma/servidor_minecraft/mods/framework-forge-1.20.1-0.7.12.jar
[21Dec2025 15:32:46.788] [main/DEBUG] [net.minecraftforge.server.ServerLifecycleHooks/CORE]: Generating PackInfo named mod:cosmeticarmorreworked for mod file /workspaces/terradirma/servidor_minecraft/mods/cosmeticarmorreworked-1.20.1-v1a.jar
[21Dec2025 15:32:46.788] [main/DEBUG] [net.minecraftforge.server.ServerLifecycleHooks/CORE]: Generating PackInfo named mod:expandability for mod file 
[21Dec2025 15:32:46.789] [main/DEBUG] [net.minecraftforge.server.ServerLifecycleHooks/CORE]: Generating PackInfo named mod:aquamirae for mod file /workspaces/terradirma/servidor_minecraft/mods/aquamirae-6.API15.jar
[21Dec2025 15:32:48.944] [main/DEBUG] [mixin/]: Mixing MixinPrimaryLevelData from terrablender.mixins.json into net.minecraft.world.level.storage.PrimaryLevelData
[21Dec2025 15:32:48.945] [main/DEBUG] [mixin/]: Mixing PrimaryLevelDataMixin from obscure_api.mixins.json into net.minecraft.world.level.storage.PrimaryLevelData
[21Dec2025 15:32:48.975] [main/DEBUG] [mixin/]: Mixing TagManagerMixin from supermartijn642corelib.mixins.json into net.minecraft.tags.TagManager
[21Dec2025 15:32:49.109] [main/DEBUG] [net.minecraftforge.coremod.transformer.CoreModBaseTransformer/COREMOD]: Transforming net/minecraft/server/commands/SummonCommand
[21Dec2025 15:32:49.239] [main/INFO] [Easy NPC/]: 🗣 Register Easy NPC /easy_npc commands for Easy NPC ...
[21Dec2025 15:32:49.294] [main/DEBUG] [mixin/]: Mixing debug.TagLoaderMixin from mixins.artifacts.common.json into net.minecraft.tags.TagLoader
[21Dec2025 15:32:49.295] [main/DEBUG] [mixin/]: Mixing TagLoaderMixin from supermartijn642corelib.mixins.json into net.minecraft.tags.TagLoader
[21Dec2025 15:32:49.945] [Worker-Main-2/DEBUG] [mixin/]: Mixing item.wearable.charmofsinking.EnchantmentHelperMixin from mixins.artifacts.common.json into net.minecraft.world.item.enchantment.EnchantmentHelper
[21Dec2025 15:32:49.945] [Worker-Main-2/DEBUG] [mixin/]: Mixing item.wearable.pendant.EnchantmentHelperMixin from mixins.artifacts.common.json into net.minecraft.world.item.enchantment.EnchantmentHelper
[21Dec2025 15:32:49.965] [Worker-Main-3/DEBUG] [mixin/]: Mixing LootContextParamSetsAccess from treechop.mixins.json into net.minecraft.world.level.storage.loot.parameters.LootContextParamSets
[21Dec2025 15:32:49.966] [Worker-Main-3/DEBUG] [mixin/]: Renaming @Invoker method callRegister(Ljava/lang/String;Ljava/util/function/Consumer;)Lnet/minecraft/world/level/storage/loot/parameters/LootContextParamSet; to callRegister_$md$6dd064$0 in treechop.mixins.json:LootContextParamSetsAccess
[21Dec2025 15:32:49.985] [Worker-Main-3/DEBUG] [mixin/]: Mixing MixinNbtPredicate from curios.mixins.json into net.minecraft.advancements.critereon.NbtPredicate
[21Dec2025 15:32:50.030] [Worker-Main-3/DEBUG] [net.minecraftforge.coremod.transformer.CoreModBaseTransformer/COREMOD]: Transforming net/minecraft/world/entity/raid/Raid
[21Dec2025 15:32:50.174] [Worker-Main-3/DEBUG] [mixin/]: Mixing MapDecorationTypeMixin from alexscaves.mixins.json into net.minecraft.world.level.saveddata.maps.MapDecoration$Type
[21Dec2025 15:32:50.175] [Worker-Main-3/DEBUG] [mixin/]: Renaming @Invoker method ac_invokeInit(Ljava/lang/String;IZIZ)Lnet/minecraft/world/level/saveddata/maps/MapDecoration$Type; to ac_invokeInit_$md$6dd064$0 in alexscaves.mixins.json:MapDecorationTypeMixin
[21Dec2025 15:32:50.428] [Worker-Main-3/ERROR] [net.minecraftforge.common.ForgeHooks/]: Couldn't parse element loot_tables:redeco:blocks/soul_terrarium
com.google.gson.JsonSyntaxException: Expected name to be an item, was unknown string 'redeco:soul_terrarium'
	at net.minecraft.util.GsonHelper.m_13866_(GsonHelper.java:145) ~[server-1.20.1-20230612.114412-srg.jar%23253!/:?]
	at java.util.Optional.orElseThrow(Optional.java:403) ~[?:?]
	at net.minecraft.util.GsonHelper.m_13874_(GsonHelper.java:145) ~[server-1.20.1-20230612.114412-srg.jar%23253!/:?]
	at net.minecraft.util.GsonHelper.m_13909_(GsonHelper.java:153) ~[server-1.20.1-20230612.114412-srg.jar%23253!/:?]
	at net.minecraft.world.level.storage.loot.entries.LootItem$Serializer.m_7267_(LootItem.java:55) ~[server-1.20.1-20230612.114412-srg.jar%23253!/:?]
	at net.minecraft.world.level.storage.loot.entries.LootItem$Serializer.m_7267_(LootItem.java:40) ~[server-1.20.1-20230612.114412-srg.jar%23253!/:?]
	at net.minecraft.world.level.storage.loot.entries.LootPoolSingletonContainer$Serializer.m_5921_(LootPoolSingletonContainer.java:151) ~[server-1.20.1-20230612.114412-srg.jar%23253!/:?]
	at net.minecraft.world.level.storage.loot.entries.LootPoolSingletonContainer$Serializer.m_5921_(LootPoolSingletonContainer.java:129) ~[server-1.20.1-20230612.114412-srg.jar%23253!/:?]
	at net.minecraft.world.level.storage.loot.entries.LootPoolEntryContainer$Serializer.m_7561_(LootPoolEntryContainer.java:86) ~[server-1.20.1-20230612.114412-srg.jar%23253!/:?]
	at net.minecraft.world.level.storage.loot.entries.LootPoolEntryContainer$Serializer.m_7561_(LootPoolEntryContainer.java:74) ~[server-1.20.1-20230612.114412-srg.jar%23253!/:?]
	at net.minecraft.world.level.storage.loot.GsonAdapterFactory$JsonAdapter.deserialize(GsonAdapterFactory.java:102) ~[server-1.20.1-20230612.114412-srg.jar%23253!/:?]
	at com.google.gson.internal.bind.TreeTypeAdapter.read(TreeTypeAdapter.java:76) ~[gson-2.10.jar%2372!/:?]
	at com.google.gson.internal.bind.TypeAdapterRuntimeTypeWrapper.read(TypeAdapterRuntimeTypeWrapper.java:40) ~[gson-2.10.jar%2372!/:?]
	at com.google.gson.internal.bind.ArrayTypeAdapter.read(ArrayTypeAdapter.java:72) ~[gson-2.10.jar%2372!/:?]
	at com.google.gson.Gson.fromJson(Gson.java:1214) ~[gson-2.10.jar%2372!/:?]
	at com.google.gson.Gson.fromJson(Gson.java:1319) ~[gson-2.10.jar%2372!/:?]
	at com.google.gson.Gson.fromJson(Gson.java:1290) ~[gson-2.10.jar%2372!/:?]
	at com.google.gson.internal.bind.TreeTypeAdapter$GsonContextImpl.deserialize(TreeTypeAdapter.java:179) ~[gson-2.10.jar%2372!/:?]
	at net.minecraft.util.GsonHelper.m_13808_(GsonHelper.java:463) ~[server-1.20.1-20230612.114412-srg.jar%23253!/:?]
	at net.minecraft.util.GsonHelper.m_13836_(GsonHelper.java:471) ~[server-1.20.1-20230612.114412-srg.jar%23253!/:?]
	at net.minecraft.world.level.storage.loot.LootPool$Serializer.deserialize(LootPool.java:192) ~[server-1.20.1-20230612.114412-srg.jar%23253!/:?]
	at net.minecraft.world.level.storage.loot.LootPool$Serializer.deserialize(LootPool.java:189) ~[server-1.20.1-20230612.114412-srg.jar%23253!/:?]
	at com.google.gson.internal.bind.TreeTypeAdapter.read(TreeTypeAdapter.java:76) ~[gson-2.10.jar%2372!/:?]
	at com.google.gson.internal.bind.TypeAdapterRuntimeTypeWrapper.read(TypeAdapterRuntimeTypeWrapper.java:40) ~[gson-2.10.jar%2372!/:?]
	at com.google.gson.internal.bind.ArrayTypeAdapter.read(ArrayTypeAdapter.java:72) ~[gson-2.10.jar%2372!/:?]
	at com.google.gson.Gson.fromJson(Gson.java:1214) ~[gson-2.10.jar%2372!/:?]
	at com.google.gson.Gson.fromJson(Gson.java:1319) ~[gson-2.10.jar%2372!/:?]
	at com.google.gson.Gson.fromJson(Gson.java:1290) ~[gson-2.10.jar%2372!/:?]
	at com.google.gson.internal.bind.TreeTypeAdapter$GsonContextImpl.deserialize(TreeTypeAdapter.java:179) ~[gson-2.10.jar%2372!/:?]
	at net.minecraft.util.GsonHelper.m_13808_(GsonHelper.java:463) ~[server-1.20.1-20230612.114412-srg.jar%23253!/:?]
	at net.minecraft.util.GsonHelper.m_13845_(GsonHelper.java:481) ~[server-1.20.1-20230612.114412-srg.jar%23253!/:?]
	at net.minecraft.world.level.storage.loot.LootTable$Serializer.deserialize(LootTable.java:294) ~[server-1.20.1-20230612.114412-srg.jar%23253!/:?]
	at net.minecraft.world.level.storage.loot.LootTable$Serializer.deserialize(LootTable.java:291) ~[server-1.20.1-20230612.114412-srg.jar%23253!/:?]
	at com.google.gson.internal.bind.TreeTypeAdapter.read(TreeTypeAdapter.java:76) ~[gson-2.10.jar%2372!/:?]
	at com.google.gson.Gson.fromJson(Gson.java:1214) ~[gson-2.10.jar%2372!/:?]
	at com.google.gson.Gson.fromJson(Gson.java:1319) ~[gson-2.10.jar%2372!/:?]
	at com.google.gson.Gson.fromJson(Gson.java:1261) ~[gson-2.10.jar%2372!/:?]
	at net.minecraftforge.common.ForgeHooks.loadLootTable(ForgeHooks.java:871) ~[forge-1.20.1-47.3.7-universal.jar%23258!/:?]
	at net.minecraftforge.common.ForgeHooks.lambda$getLootTableDeserializer$3(ForgeHooks.java:848) ~[forge-1.20.1-47.3.7-universal.jar%23258!/:?]
	at net.minecraft.world.level.storage.loot.LootDataType.deserialize(LootDataType.java:45) ~[server-1.20.1-20230612.114412-srg.jar%23253!/:?]
	at net.minecraft.world.level.storage.loot.LootDataManager.lambda$scheduleElementParse$4(LootDataManager.java:56) ~[server-1.20.1-20230612.114412-srg.jar%23253!/:?]
	at java.util.HashMap.forEach(HashMap.java:1421) ~[?:?]
	at net.minecraft.world.level.storage.loot.LootDataManager.m_278660_(LootDataManager.java:55) ~[server-1.20.1-20230612.114412-srg.jar%23253!/:?]
	at java.util.concurrent.CompletableFuture$AsyncRun.run(CompletableFuture.java:1804) ~[?:?]
	at java.util.concurrent.CompletableFuture$AsyncRun.exec(CompletableFuture.java:1796) ~[?:?]
	at java.util.concurrent.ForkJoinTask.doExec(ForkJoinTask.java:373) ~[?:?]
	at java.util.concurrent.ForkJoinPool$WorkQueue.topLevelExec(ForkJoinPool.java:1182) ~[?:?]
	at java.util.concurrent.ForkJoinPool.scan(ForkJoinPool.java:1655) ~[?:?]
	at java.util.concurrent.ForkJoinPool.runWorker(ForkJoinPool.java:1622) ~[?:?]
	at java.util.concurrent.ForkJoinWorkerThread.run(ForkJoinWorkerThread.java:165) ~[?:?]
[21Dec2025 15:32:50.838] [main/ERROR] [net.minecraft.world.item.crafting.RecipeManager/]: Parsing error loading recipe irons_spellbooks:curios/concentration_amulet
com.google.gson.JsonSyntaxException: Unknown item 'irons_spellbooks:mithril_ingot'
	at net.minecraft.world.item.crafting.ShapedRecipe.m_151280_(ShapedRecipe.java:292) ~[server-1.20.1-20230612.114412-srg.jar%23253!/:?]
	at java.util.Optional.orElseThrow(Optional.java:403) ~[?:?]
	at net.minecraft.world.item.crafting.ShapedRecipe.m_151278_(ShapedRecipe.java:291) ~[server-1.20.1-20230612.114412-srg.jar%23253!/:?]
	at net.minecraft.world.item.crafting.Ingredient.m_43919_(Ingredient.java:219) ~[server-1.20.1-20230612.114412-srg.jar%23253!/:?]
	at net.minecraftforge.common.crafting.VanillaIngredientSerializer.parse(VanillaIngredientSerializer.java:27) ~[forge-1.20.1-47.3.7-universal.jar%23258!/:?]
	at net.minecraftforge.common.crafting.CraftingHelper.getIngredient(CraftingHelper.java:148) ~[forge-1.20.1-47.3.7-universal.jar%23258!/:?]
	at net.minecraft.world.item.crafting.Ingredient.m_288218_(Ingredient.java:194) ~[server-1.20.1-20230612.114412-srg.jar%23253!/:?]
	at net.minecraft.world.item.crafting.ShapedRecipe.m_44210_(ShapedRecipe.java:278) ~[server-1.20.1-20230612.114412-srg.jar%23253!/:?]
	at net.minecraft.world.item.crafting.ShapedRecipe$Serializer.m_6729_(ShapedRecipe.java:306) ~[server-1.20.1-20230612.114412-srg.jar%23253!/:?]
	at net.minecraft.world.item.crafting.ShapedRecipe$Serializer.m_6729_(ShapedRecipe.java:301) ~[server-1.20.1-20230612.114412-srg.jar%23253!/:?]
	at net.minecraftforge.common.extensions.IForgeRecipeSerializer.fromJson(IForgeRecipeSerializer.java:23) ~[forge-1.20.1-47.3.7-universal.jar%23258!/:?]
	at net.minecraft.world.item.crafting.RecipeManager.fromJson(RecipeManager.java:171) ~[server-1.20.1-20230612.114412-srg.jar%23253!/:?]
	at net.minecraft.world.item.crafting.RecipeManager.m_5787_(RecipeManager.java:67) ~[server-1.20.1-20230612.114412-srg.jar%23253!/:?]
	at net.minecraft.world.item.crafting.RecipeManager.m_5787_(RecipeManager.java:34) ~[server-1.20.1-20230612.114412-srg.jar%23253!/:?]
	at net.minecraft.server.packs.resources.SimplePreparableReloadListener.m_10789_(SimplePreparableReloadListener.java:13) ~[server-1.20.1-20230612.114412-srg.jar%23253!/:?]
	at java.util.concurrent.CompletableFuture$UniAccept.tryFire(CompletableFuture.java:718) ~[?:?]
	at java.util.concurrent.CompletableFuture$Completion.run(CompletableFuture.java:482) ~[?:?]
	at net.minecraft.server.packs.resources.SimpleReloadInstance.m_143940_(SimpleReloadInstance.java:69) ~[server-1.20.1-20230612.114412-srg.jar%23253!/:?]
	at net.minecraft.Util.m_214652_(Util.java:783) ~[server-1.20.1-20230612.114412-srg.jar%23253!/:?]
	at net.minecraft.Util.m_214679_(Util.java:772) ~[server-1.20.1-20230612.114412-srg.jar%23253!/:?]
	at net.minecraft.server.Main.main(Main.java:166) ~[server-1.20.1-20230612.114412-srg.jar%23253!/:?]
	at jdk.internal.reflect.NativeMethodAccessorImpl.invoke0(Native Method) ~[?:?]
	at jdk.internal.reflect.NativeMethodAccessorImpl.invoke(NativeMethodAccessorImpl.java:77) ~[?:?]
	at jdk.internal.reflect.DelegatingMethodAccessorImpl.invoke(DelegatingMethodAccessorImpl.java:43) ~[?:?]
	at java.lang.reflect.Method.invoke(Method.java:569) ~[?:?]
	at net.minecraftforge.fml.loading.targets.CommonLaunchHandler.runTarget(CommonLaunchHandler.java:111) ~[fmlloader-1.20.1-47.3.7.jar%2369!/:?]
	at net.minecraftforge.fml.loading.targets.CommonLaunchHandler.serverService(CommonLaunchHandler.java:103) ~[fmlloader-1.20.1-47.3.7.jar%2369!/:?]
	at net.minecraftforge.fml.loading.targets.CommonServerLaunchHandler.lambda$makeService$0(CommonServerLaunchHandler.java:27) ~[fmlloader-1.20.1-47.3.7.jar%2369!/:?]
	at cpw.mods.modlauncher.LaunchServiceHandlerDecorator.launch(LaunchServiceHandlerDecorator.java:30) ~[modlauncher-10.0.9.jar%2355!/:?]
	at cpw.mods.modlauncher.LaunchServiceHandler.launch(LaunchServiceHandler.java:53) ~[modlauncher-10.0.9.jar%2355!/:?]
	at cpw.mods.modlauncher.LaunchServiceHandler.launch(LaunchServiceHandler.java:71) ~[modlauncher-10.0.9.jar%2355!/:?]
	at cpw.mods.modlauncher.Launcher.run(Launcher.java:108) ~[modlauncher-10.0.9.jar%2355!/:?]
	at cpw.mods.modlauncher.Launcher.main(Launcher.java:78) ~[modlauncher-10.0.9.jar%2355!/:?]
	at cpw.mods.modlauncher.BootstrapLaunchConsumer.accept(BootstrapLaunchConsumer.java:26) ~[modlauncher-10.0.9.jar%2355!/:?]
	at cpw.mods.modlauncher.BootstrapLaunchConsumer.accept(BootstrapLaunchConsumer.java:23) ~[modlauncher-10.0.9.jar%2355!/:?]
	at cpw.mods.bootstraplauncher.BootstrapLauncher.main(BootstrapLauncher.java:141) ~[bootstraplauncher-1.1.2.jar:?]
[21Dec2025 15:32:50.909] [main/ERROR] [net.minecraft.world.item.crafting.RecipeManager/]: Parsing error loading recipe redeco:magenta_upholstery
com.google.gson.JsonSyntaxException: Unknown item 'minecraft:mangenta_wool'
	at net.minecraft.world.item.crafting.ShapedRecipe.m_151280_(ShapedRecipe.java:292) ~[server-1.20.1-20230612.114412-srg.jar%23253!/:?]
	at java.util.Optional.orElseThrow(Optional.java:403) ~[?:?]
	at net.minecraft.world.item.crafting.ShapedRecipe.m_151278_(ShapedRecipe.java:291) ~[server-1.20.1-20230612.114412-srg.jar%23253!/:?]
	at net.minecraft.world.item.crafting.Ingredient.m_43919_(Ingredient.java:219) ~[server-1.20.1-20230612.114412-srg.jar%23253!/:?]
	at net.minecraftforge.common.crafting.VanillaIngredientSerializer.parse(VanillaIngredientSerializer.java:27) ~[forge-1.20.1-47.3.7-universal.jar%23258!/:?]
	at net.minecraftforge.common.crafting.CraftingHelper.getIngredient(CraftingHelper.java:148) ~[forge-1.20.1-47.3.7-universal.jar%23258!/:?]
	at net.minecraft.world.item.crafting.Ingredient.m_288218_(Ingredient.java:194) ~[server-1.20.1-20230612.114412-srg.jar%23253!/:?]
	at net.minecraft.world.item.crafting.ShapelessRecipe$Serializer.m_44275_(ShapelessRecipe.java:104) ~[server-1.20.1-20230612.114412-srg.jar%23253!/:?]
	at net.minecraft.world.item.crafting.ShapelessRecipe$Serializer.m_6729_(ShapelessRecipe.java:89) ~[server-1.20.1-20230612.114412-srg.jar%23253!/:?]
	at net.minecraft.world.item.crafting.ShapelessRecipe$Serializer.m_6729_(ShapelessRecipe.java:84) ~[server-1.20.1-20230612.114412-srg.jar%23253!/:?]
	at net.minecraftforge.common.extensions.IForgeRecipeSerializer.fromJson(IForgeRecipeSerializer.java:23) ~[forge-1.20.1-47.3.7-universal.jar%23258!/:?]
	at net.minecraft.world.item.crafting.RecipeManager.fromJson(RecipeManager.java:171) ~[server-1.20.1-20230612.114412-srg.jar%23253!/:?]
	at net.minecraft.world.item.crafting.RecipeManager.m_5787_(RecipeManager.java:67) ~[server-1.20.1-20230612.114412-srg.jar%23253!/:?]
	at net.minecraft.world.item.crafting.RecipeManager.m_5787_(RecipeManager.java:34) ~[server-1.20.1-20230612.114412-srg.jar%23253!/:?]
	at net.minecraft.server.packs.resources.SimplePreparableReloadListener.m_10789_(SimplePreparableReloadListener.java:13) ~[server-1.20.1-20230612.114412-srg.jar%23253!/:?]
	at java.util.concurrent.CompletableFuture$UniAccept.tryFire(CompletableFuture.java:718) ~[?:?]
	at java.util.concurrent.CompletableFuture$Completion.run(CompletableFuture.java:482) ~[?:?]
	at net.minecraft.server.packs.resources.SimpleReloadInstance.m_143940_(SimpleReloadInstance.java:69) ~[server-1.20.1-20230612.114412-srg.jar%23253!/:?]
	at net.minecraft.Util.m_214652_(Util.java:783) ~[server-1.20.1-20230612.114412-srg.jar%23253!/:?]
	at net.minecraft.Util.m_214679_(Util.java:772) ~[server-1.20.1-20230612.114412-srg.jar%23253!/:?]
	at net.minecraft.server.Main.main(Main.java:166) ~[server-1.20.1-20230612.114412-srg.jar%23253!/:?]
	at jdk.internal.reflect.NativeMethodAccessorImpl.invoke0(Native Method) ~[?:?]
	at jdk.internal.reflect.NativeMethodAccessorImpl.invoke(NativeMethodAccessorImpl.java:77) ~[?:?]
	at jdk.internal.reflect.DelegatingMethodAccessorImpl.invoke(DelegatingMethodAccessorImpl.java:43) ~[?:?]
	at java.lang.reflect.Method.invoke(Method.java:569) ~[?:?]
	at net.minecraftforge.fml.loading.targets.CommonLaunchHandler.runTarget(CommonLaunchHandler.java:111) ~[fmlloader-1.20.1-47.3.7.jar%2369!/:?]
	at net.minecraftforge.fml.loading.targets.CommonLaunchHandler.serverService(CommonLaunchHandler.java:103) ~[fmlloader-1.20.1-47.3.7.jar%2369!/:?]
	at net.minecraftforge.fml.loading.targets.CommonServerLaunchHandler.lambda$makeService$0(CommonServerLaunchHandler.java:27) ~[fmlloader-1.20.1-47.3.7.jar%2369!/:?]
	at cpw.mods.modlauncher.LaunchServiceHandlerDecorator.launch(LaunchServiceHandlerDecorator.java:30) ~[modlauncher-10.0.9.jar%2355!/:?]
	at cpw.mods.modlauncher.LaunchServiceHandler.launch(LaunchServiceHandler.java:53) ~[modlauncher-10.0.9.jar%2355!/:?]
	at cpw.mods.modlauncher.LaunchServiceHandler.launch(LaunchServiceHandler.java:71) ~[modlauncher-10.0.9.jar%2355!/:?]
	at cpw.mods.modlauncher.Launcher.run(Launcher.java:108) ~[modlauncher-10.0.9.jar%2355!/:?]
	at cpw.mods.modlauncher.Launcher.main(Launcher.java:78) ~[modlauncher-10.0.9.jar%2355!/:?]
	at cpw.mods.modlauncher.BootstrapLaunchConsumer.accept(BootstrapLaunchConsumer.java:26) ~[modlauncher-10.0.9.jar%2355!/:?]
	at cpw.mods.modlauncher.BootstrapLaunchConsumer.accept(BootstrapLaunchConsumer.java:23) ~[modlauncher-10.0.9.jar%2355!/:?]
	at cpw.mods.bootstraplauncher.BootstrapLauncher.main(BootstrapLauncher.java:141) ~[bootstraplauncher-1.1.2.jar:?]
[21Dec2025 15:32:51.031] [main/DEBUG] [mixin/]: Mixing item.PotionCandleRecipeMixin from the_bumblezone-forge.mixins.json into com.telepathicgrunt.the_bumblezone.items.recipes.PotionCandleRecipe
[21Dec2025 15:32:51.058] [main/ERROR] [net.minecraft.world.item.crafting.RecipeManager/]: Parsing error loading recipe slashblade_addon:slashblade_tofu_ishi
com.google.gson.JsonSyntaxException: Unknown item 'tofucraft:tofuishi'
	at net.minecraft.world.item.crafting.ShapedRecipe.m_151280_(ShapedRecipe.java:292) ~[server-1.20.1-20230612.114412-srg.jar%23253!/:?]
	at java.util.Optional.orElseThrow(Optional.java:403) ~[?:?]
	at net.minecraft.world.item.crafting.ShapedRecipe.m_151278_(ShapedRecipe.java:291) ~[server-1.20.1-20230612.114412-srg.jar%23253!/:?]
	at net.minecraft.world.item.crafting.Ingredient.m_43919_(Ingredient.java:219) ~[server-1.20.1-20230612.114412-srg.jar%23253!/:?]
	at net.minecraftforge.common.crafting.VanillaIngredientSerializer.parse(VanillaIngredientSerializer.java:27) ~[forge-1.20.1-47.3.7-universal.jar%23258!/:?]
	at net.minecraftforge.common.crafting.CraftingHelper.getIngredient(CraftingHelper.java:148) ~[forge-1.20.1-47.3.7-universal.jar%23258!/:?]
	at net.minecraft.world.item.crafting.Ingredient.m_288218_(Ingredient.java:194) ~[server-1.20.1-20230612.114412-srg.jar%23253!/:?]
	at net.minecraft.world.item.crafting.ShapedRecipe.m_44210_(ShapedRecipe.java:278) ~[server-1.20.1-20230612.114412-srg.jar%23253!/:?]
	at net.minecraft.world.item.crafting.ShapedRecipe$Serializer.m_6729_(ShapedRecipe.java:306) ~[server-1.20.1-20230612.114412-srg.jar%23253!/:?]
	at net.minecraft.world.item.crafting.ShapedRecipe$Serializer.m_6729_(ShapedRecipe.java:301) ~[server-1.20.1-20230612.114412-srg.jar%23253!/:?]
	at mods.flammpfeil.slashblade.recipe.SlashBladeShapedRecipeSerializer.m_6729_(SlashBladeShapedRecipeSerializer.java:26) ~[SlashBladeResharped-1.20.1-0.7.3.jar%23237!/:0.7.3]
	at net.minecraftforge.common.extensions.IForgeRecipeSerializer.fromJson(IForgeRecipeSerializer.java:23) ~[forge-1.20.1-47.3.7-universal.jar%23258!/:?]
	at net.minecraft.world.item.crafting.RecipeManager.fromJson(RecipeManager.java:171) ~[server-1.20.1-20230612.114412-srg.jar%23253!/:?]
	at net.minecraft.world.item.crafting.RecipeManager.m_5787_(RecipeManager.java:67) ~[server-1.20.1-20230612.114412-srg.jar%23253!/:?]
	at net.minecraft.world.item.crafting.RecipeManager.m_5787_(RecipeManager.java:34) ~[server-1.20.1-20230612.114412-srg.jar%23253!/:?]
	at net.minecraft.server.packs.resources.SimplePreparableReloadListener.m_10789_(SimplePreparableReloadListener.java:13) ~[server-1.20.1-20230612.114412-srg.jar%23253!/:?]
	at java.util.concurrent.CompletableFuture$UniAccept.tryFire(CompletableFuture.java:718) ~[?:?]
	at java.util.concurrent.CompletableFuture$Completion.run(CompletableFuture.java:482) ~[?:?]
	at net.minecraft.server.packs.resources.SimpleReloadInstance.m_143940_(SimpleReloadInstance.java:69) ~[server-1.20.1-20230612.114412-srg.jar%23253!/:?]
	at net.minecraft.Util.m_214652_(Util.java:783) ~[server-1.20.1-20230612.114412-srg.jar%23253!/:?]
	at net.minecraft.Util.m_214679_(Util.java:772) ~[server-1.20.1-20230612.114412-srg.jar%23253!/:?]
	at net.minecraft.server.Main.main(Main.java:166) ~[server-1.20.1-20230612.114412-srg.jar%23253!/:?]
	at jdk.internal.reflect.NativeMethodAccessorImpl.invoke0(Native Method) ~[?:?]
	at jdk.internal.reflect.NativeMethodAccessorImpl.invoke(NativeMethodAccessorImpl.java:77) ~[?:?]
	at jdk.internal.reflect.DelegatingMethodAccessorImpl.invoke(DelegatingMethodAccessorImpl.java:43) ~[?:?]
	at java.lang.reflect.Method.invoke(Method.java:569) ~[?:?]
	at net.minecraftforge.fml.loading.targets.CommonLaunchHandler.runTarget(CommonLaunchHandler.java:111) ~[fmlloader-1.20.1-47.3.7.jar%2369!/:?]
	at net.minecraftforge.fml.loading.targets.CommonLaunchHandler.serverService(CommonLaunchHandler.java:103) ~[fmlloader-1.20.1-47.3.7.jar%2369!/:?]
	at net.minecraftforge.fml.loading.targets.CommonServerLaunchHandler.lambda$makeService$0(CommonServerLaunchHandler.java:27) ~[fmlloader-1.20.1-47.3.7.jar%2369!/:?]
	at cpw.mods.modlauncher.LaunchServiceHandlerDecorator.launch(LaunchServiceHandlerDecorator.java:30) ~[modlauncher-10.0.9.jar%2355!/:?]
	at cpw.mods.modlauncher.LaunchServiceHandler.launch(LaunchServiceHandler.java:53) ~[modlauncher-10.0.9.jar%2355!/:?]
	at cpw.mods.modlauncher.LaunchServiceHandler.launch(LaunchServiceHandler.java:71) ~[modlauncher-10.0.9.jar%2355!/:?]
	at cpw.mods.modlauncher.Launcher.run(Launcher.java:108) ~[modlauncher-10.0.9.jar%2355!/:?]
	at cpw.mods.modlauncher.Launcher.main(Launcher.java:78) ~[modlauncher-10.0.9.jar%2355!/:?]
	at cpw.mods.modlauncher.BootstrapLaunchConsumer.accept(BootstrapLaunchConsumer.java:26) ~[modlauncher-10.0.9.jar%2355!/:?]
	at cpw.mods.modlauncher.BootstrapLaunchConsumer.accept(BootstrapLaunchConsumer.java:23) ~[modlauncher-10.0.9.jar%2355!/:?]
	at cpw.mods.bootstraplauncher.BootstrapLauncher.main(BootstrapLauncher.java:141) ~[bootstraplauncher-1.1.2.jar:?]
[21Dec2025 15:32:51.096] [main/ERROR] [net.minecraft.world.item.crafting.RecipeManager/]: Parsing error loading recipe slashblade_addon:tofu_diamond_blade
com.google.gson.JsonSyntaxException: Unknown item 'tofucraft:tofu_upgrade_smithing_template'
	at net.minecraft.world.item.crafting.ShapedRecipe.m_151280_(ShapedRecipe.java:292) ~[server-1.20.1-20230612.114412-srg.jar%23253!/:?]
	at java.util.Optional.orElseThrow(Optional.java:403) ~[?:?]
	at net.minecraft.world.item.crafting.ShapedRecipe.m_151278_(ShapedRecipe.java:291) ~[server-1.20.1-20230612.114412-srg.jar%23253!/:?]
	at net.minecraft.world.item.crafting.Ingredient.m_43919_(Ingredient.java:219) ~[server-1.20.1-20230612.114412-srg.jar%23253!/:?]
	at net.minecraftforge.common.crafting.VanillaIngredientSerializer.parse(VanillaIngredientSerializer.java:27) ~[forge-1.20.1-47.3.7-universal.jar%23258!/:?]
	at net.minecraftforge.common.crafting.CraftingHelper.getIngredient(CraftingHelper.java:148) ~[forge-1.20.1-47.3.7-universal.jar%23258!/:?]
	at net.minecraft.world.item.crafting.Ingredient.m_288218_(Ingredient.java:194) ~[server-1.20.1-20230612.114412-srg.jar%23253!/:?]
	at net.minecraft.world.item.crafting.Ingredient.m_43917_(Ingredient.java:189) ~[server-1.20.1-20230612.114412-srg.jar%23253!/:?]
	at net.minecraft.world.item.crafting.SmithingTransformRecipe$Serializer.m_6729_(SmithingTransformRecipe.java:73) ~[server-1.20.1-20230612.114412-srg.jar%23253!/:?]
	at net.minecraft.world.item.crafting.SmithingTransformRecipe$Serializer.m_6729_(SmithingTransformRecipe.java:71) ~[server-1.20.1-20230612.114412-srg.jar%23253!/:?]
	at net.minecraftforge.common.extensions.IForgeRecipeSerializer.fromJson(IForgeRecipeSerializer.java:23) ~[forge-1.20.1-47.3.7-universal.jar%23258!/:?]
	at net.minecraft.world.item.crafting.RecipeManager.fromJson(RecipeManager.java:171) ~[server-1.20.1-20230612.114412-srg.jar%23253!/:?]
	at net.minecraft.world.item.crafting.RecipeManager.m_5787_(RecipeManager.java:67) ~[server-1.20.1-20230612.114412-srg.jar%23253!/:?]
	at net.minecraft.world.item.crafting.RecipeManager.m_5787_(RecipeManager.java:34) ~[server-1.20.1-20230612.114412-srg.jar%23253!/:?]
	at net.minecraft.server.packs.resources.SimplePreparableReloadListener.m_10789_(SimplePreparableReloadListener.java:13) ~[server-1.20.1-20230612.114412-srg.jar%23253!/:?]
	at java.util.concurrent.CompletableFuture$UniAccept.tryFire(CompletableFuture.java:718) ~[?:?]
	at java.util.concurrent.CompletableFuture$Completion.run(CompletableFuture.java:482) ~[?:?]
	at net.minecraft.server.packs.resources.SimpleReloadInstance.m_143940_(SimpleReloadInstance.java:69) ~[server-1.20.1-20230612.114412-srg.jar%23253!/:?]
	at net.minecraft.Util.m_214652_(Util.java:783) ~[server-1.20.1-20230612.114412-srg.jar%23253!/:?]
	at net.minecraft.Util.m_214679_(Util.java:772) ~[server-1.20.1-20230612.114412-srg.jar%23253!/:?]
	at net.minecraft.server.Main.main(Main.java:166) ~[server-1.20.1-20230612.114412-srg.jar%23253!/:?]
	at jdk.internal.reflect.NativeMethodAccessorImpl.invoke0(Native Method) ~[?:?]
	at jdk.internal.reflect.NativeMethodAccessorImpl.invoke(NativeMethodAccessorImpl.java:77) ~[?:?]
	at jdk.internal.reflect.DelegatingMethodAccessorImpl.invoke(DelegatingMethodAccessorImpl.java:43) ~[?:?]
	at java.lang.reflect.Method.invoke(Method.java:569) ~[?:?]
	at net.minecraftforge.fml.loading.targets.CommonLaunchHandler.runTarget(CommonLaunchHandler.java:111) ~[fmlloader-1.20.1-47.3.7.jar%2369!/:?]
	at net.minecraftforge.fml.loading.targets.CommonLaunchHandler.serverService(CommonLaunchHandler.java:103) ~[fmlloader-1.20.1-47.3.7.jar%2369!/:?]
	at net.minecraftforge.fml.loading.targets.CommonServerLaunchHandler.lambda$makeService$0(CommonServerLaunchHandler.java:27) ~[fmlloader-1.20.1-47.3.7.jar%2369!/:?]
	at cpw.mods.modlauncher.LaunchServiceHandlerDecorator.launch(LaunchServiceHandlerDecorator.java:30) ~[modlauncher-10.0.9.jar%2355!/:?]
	at cpw.mods.modlauncher.LaunchServiceHandler.launch(LaunchServiceHandler.java:53) ~[modlauncher-10.0.9.jar%2355!/:?]
	at cpw.mods.modlauncher.LaunchServiceHandler.launch(LaunchServiceHandler.java:71) ~[modlauncher-10.0.9.jar%2355!/:?]
	at cpw.mods.modlauncher.Launcher.run(Launcher.java:108) ~[modlauncher-10.0.9.jar%2355!/:?]
	at cpw.mods.modlauncher.Launcher.main(Launcher.java:78) ~[modlauncher-10.0.9.jar%2355!/:?]
	at cpw.mods.modlauncher.BootstrapLaunchConsumer.accept(BootstrapLaunchConsumer.java:26) ~[modlauncher-10.0.9.jar%2355!/:?]
	at cpw.mods.modlauncher.BootstrapLaunchConsumer.accept(BootstrapLaunchConsumer.java:23) ~[modlauncher-10.0.9.jar%2355!/:?]
	at cpw.mods.bootstraplauncher.BootstrapLauncher.main(BootstrapLauncher.java:141) ~[bootstraplauncher-1.1.2.jar:?]
[21Dec2025 15:32:51.120] [main/ERROR] [net.minecraft.world.item.crafting.RecipeManager/]: Parsing error loading recipe slashblade_addon:slashblade_tofu_metal
com.google.gson.JsonSyntaxException: Unknown item 'tofucraft:tofuishi'
	at net.minecraft.world.item.crafting.ShapedRecipe.m_151280_(ShapedRecipe.java:292) ~[server-1.20.1-20230612.114412-srg.jar%23253!/:?]
	at java.util.Optional.orElseThrow(Optional.java:403) ~[?:?]
	at net.minecraft.world.item.crafting.ShapedRecipe.m_151278_(ShapedRecipe.java:291) ~[server-1.20.1-20230612.114412-srg.jar%23253!/:?]
	at net.minecraft.world.item.crafting.Ingredient.m_43919_(Ingredient.java:219) ~[server-1.20.1-20230612.114412-srg.jar%23253!/:?]
	at net.minecraftforge.common.crafting.VanillaIngredientSerializer.parse(VanillaIngredientSerializer.java:27) ~[forge-1.20.1-47.3.7-universal.jar%23258!/:?]
	at net.minecraftforge.common.crafting.CraftingHelper.getIngredient(CraftingHelper.java:148) ~[forge-1.20.1-47.3.7-universal.jar%23258!/:?]
	at net.minecraft.world.item.crafting.Ingredient.m_288218_(Ingredient.java:194) ~[server-1.20.1-20230612.114412-srg.jar%23253!/:?]
	at net.minecraft.world.item.crafting.ShapedRecipe.m_44210_(ShapedRecipe.java:278) ~[server-1.20.1-20230612.114412-srg.jar%23253!/:?]
	at net.minecraft.world.item.crafting.ShapedRecipe$Serializer.m_6729_(ShapedRecipe.java:306) ~[server-1.20.1-20230612.114412-srg.jar%23253!/:?]
	at net.minecraft.world.item.crafting.ShapedRecipe$Serializer.m_6729_(ShapedRecipe.java:301) ~[server-1.20.1-20230612.114412-srg.jar%23253!/:?]
	at mods.flammpfeil.slashblade.recipe.SlashBladeShapedRecipeSerializer.m_6729_(SlashBladeShapedRecipeSerializer.java:26) ~[SlashBladeResharped-1.20.1-0.7.3.jar%23237!/:0.7.3]
	at net.minecraftforge.common.extensions.IForgeRecipeSerializer.fromJson(IForgeRecipeSerializer.java:23) ~[forge-1.20.1-47.3.7-universal.jar%23258!/:?]
	at net.minecraft.world.item.crafting.RecipeManager.fromJson(RecipeManager.java:171) ~[server-1.20.1-20230612.114412-srg.jar%23253!/:?]
	at net.minecraft.world.item.crafting.RecipeManager.m_5787_(RecipeManager.java:67) ~[server-1.20.1-20230612.114412-srg.jar%23253!/:?]
	at net.minecraft.world.item.crafting.RecipeManager.m_5787_(RecipeManager.java:34) ~[server-1.20.1-20230612.114412-srg.jar%23253!/:?]
	at net.minecraft.server.packs.resources.SimplePreparableReloadListener.m_10789_(SimplePreparableReloadListener.java:13) ~[server-1.20.1-20230612.114412-srg.jar%23253!/:?]
	at java.util.concurrent.CompletableFuture$UniAccept.tryFire(CompletableFuture.java:718) ~[?:?]
	at java.util.concurrent.CompletableFuture$Completion.run(CompletableFuture.java:482) ~[?:?]
	at net.minecraft.server.packs.resources.SimpleReloadInstance.m_143940_(SimpleReloadInstance.java:69) ~[server-1.20.1-20230612.114412-srg.jar%23253!/:?]
	at net.minecraft.Util.m_214652_(Util.java:783) ~[server-1.20.1-20230612.114412-srg.jar%23253!/:?]
	at net.minecraft.Util.m_214679_(Util.java:772) ~[server-1.20.1-20230612.114412-srg.jar%23253!/:?]
	at net.minecraft.server.Main.main(Main.java:166) ~[server-1.20.1-20230612.114412-srg.jar%23253!/:?]
	at jdk.internal.reflect.NativeMethodAccessorImpl.invoke0(Native Method) ~[?:?]
	at jdk.internal.reflect.NativeMethodAccessorImpl.invoke(NativeMethodAccessorImpl.java:77) ~[?:?]
	at jdk.internal.reflect.DelegatingMethodAccessorImpl.invoke(DelegatingMethodAccessorImpl.java:43) ~[?:?]
	at java.lang.reflect.Method.invoke(Method.java:569) ~[?:?]
	at net.minecraftforge.fml.loading.targets.CommonLaunchHandler.runTarget(CommonLaunchHandler.java:111) ~[fmlloader-1.20.1-47.3.7.jar%2369!/:?]
	at net.minecraftforge.fml.loading.targets.CommonLaunchHandler.serverService(CommonLaunchHandler.java:103) ~[fmlloader-1.20.1-47.3.7.jar%2369!/:?]
	at net.minecraftforge.fml.loading.targets.CommonServerLaunchHandler.lambda$makeService$0(CommonServerLaunchHandler.java:27) ~[fmlloader-1.20.1-47.3.7.jar%2369!/:?]
	at cpw.mods.modlauncher.LaunchServiceHandlerDecorator.launch(LaunchServiceHandlerDecorator.java:30) ~[modlauncher-10.0.9.jar%2355!/:?]
	at cpw.mods.modlauncher.LaunchServiceHandler.launch(LaunchServiceHandler.java:53) ~[modlauncher-10.0.9.jar%2355!/:?]
	at cpw.mods.modlauncher.LaunchServiceHandler.launch(LaunchServiceHandler.java:71) ~[modlauncher-10.0.9.jar%2355!/:?]
	at cpw.mods.modlauncher.Launcher.run(Launcher.java:108) ~[modlauncher-10.0.9.jar%2355!/:?]
	at cpw.mods.modlauncher.Launcher.main(Launcher.java:78) ~[modlauncher-10.0.9.jar%2355!/:?]
	at cpw.mods.modlauncher.BootstrapLaunchConsumer.accept(BootstrapLaunchConsumer.java:26) ~[modlauncher-10.0.9.jar%2355!/:?]
	at cpw.mods.modlauncher.BootstrapLaunchConsumer.accept(BootstrapLaunchConsumer.java:23) ~[modlauncher-10.0.9.jar%2355!/:?]
	at cpw.mods.bootstraplauncher.BootstrapLauncher.main(BootstrapLauncher.java:141) ~[bootstraplauncher-1.1.2.jar:?]
[21Dec2025 15:32:51.124] [main/INFO] [net.minecraft.world.item.crafting.RecipeManager/]: Loaded 30 recipes
[21Dec2025 15:32:51.202] [main/ERROR] [net.minecraft.server.ServerAdvancementManager/]: Parsing error loading custom advancement slashblade_addon:recipes/combat/tofu_diamond_blade: Unknown item id 'slashblade_addon:slashblade_tofu_metal'
[21Dec2025 15:32:51.263] [main/ERROR] [net.minecraft.server.ServerAdvancementManager/]: Parsing error loading custom advancement beautify:progression/candelabra: Expected item to be an item, was unknown string 'beautify:lamp_candleabra'
[21Dec2025 15:32:51.297] [main/INFO] [net.minecraft.advancements.AdvancementList/]: Loaded 3566 advancements
[21Dec2025 15:32:51.304] [main/DEBUG] [sophisticatedbackpacks/]: Started loading registry data from sophisticatedbackpacks:compat/woot/block_tools 
[21Dec2025 15:32:51.304] [main/DEBUG] [sophisticatedbackpacks/]: Started loading registry data from sophisticatedbackpacks:compat/fluxnetworks/block_tools 
[21Dec2025 15:32:51.304] [main/DEBUG] [sophisticatedbackpacks/]: Started loading registry data from sophisticatedbackpacks:compat/mob_grinding_utils/entity_tools 
[21Dec2025 15:32:51.304] [main/DEBUG] [sophisticatedbackpacks/]: Started loading registry data from sophisticatedbackpacks:compat/astralsorcery/block_tools 
[21Dec2025 15:32:51.304] [main/DEBUG] [sophisticatedbackpacks/]: Started loading registry data from sophisticatedbackpacks:compat/immersivepetroleum/block_tools 
[21Dec2025 15:32:51.304] [main/DEBUG] [sophisticatedbackpacks/]: Started loading registry data from sophisticatedbackpacks:compat/immersiveengineering/block_tools 
[21Dec2025 15:32:51.304] [main/DEBUG] [sophisticatedbackpacks/]: Started loading registry data from sophisticatedbackpacks:compat/pedestals/block_tools 
[21Dec2025 15:32:51.304] [main/DEBUG] [sophisticatedbackpacks/]: Started loading registry data from sophisticatedbackpacks:compat/platforms/block_tools 
[21Dec2025 15:32:51.304] [main/DEBUG] [sophisticatedbackpacks/]: Started loading registry data from sophisticatedbackpacks:compat/rftoolsutility/entity_tools 
[21Dec2025 15:32:51.304] [main/DEBUG] [sophisticatedbackpacks/]: Started loading registry data from sophisticatedbackpacks:compat/compactmachines/block_tools 
[21Dec2025 15:32:51.305] [main/DEBUG] [sophisticatedbackpacks/]: Started loading registry data from sophisticatedbackpacks:compat/mcwwindows/block_tools 
[21Dec2025 15:32:51.306] [main/DEBUG] [sophisticatedbackpacks/]: Finished loading registry data for sophisticatedbackpacks:compat/mcwwindows/block_tools
[21Dec2025 15:32:51.306] [main/DEBUG] [sophisticatedbackpacks/]: Started loading registry data from sophisticatedbackpacks:compat/integrateddynamics/block_tools 
[21Dec2025 15:32:51.306] [main/DEBUG] [sophisticatedbackpacks/]: Started loading registry data from sophisticatedbackpacks:entity_tools 
[21Dec2025 15:32:51.308] [main/DEBUG] [sophisticatedbackpacks/]: Finished loading registry data for sophisticatedbackpacks:entity_tools
[21Dec2025 15:32:51.308] [main/DEBUG] [sophisticatedbackpacks/]: Started loading registry data from sophisticatedbackpacks:compat/mekanism/block_tools 
[21Dec2025 15:32:51.308] [main/DEBUG] [sophisticatedbackpacks/]: Started loading registry data from sophisticatedbackpacks:compat/powah/block_tools 
[21Dec2025 15:32:51.308] [main/DEBUG] [sophisticatedbackpacks/]: Started loading registry data from sophisticatedbackpacks:compat/apotheosis/entity_tools 
[21Dec2025 15:32:51.308] [main/DEBUG] [sophisticatedbackpacks/]: Started loading registry data from sophisticatedbackpacks:compat/bloodmagic/block_tools 
[21Dec2025 15:32:51.308] [main/DEBUG] [sophisticatedbackpacks/]: Started loading registry data from sophisticatedbackpacks:compat/immersiveposts/block_tools 
[21Dec2025 15:32:51.308] [main/DEBUG] [sophisticatedbackpacks/]: Started loading registry data from sophisticatedbackpacks:compat/rats/entity_tools 
[21Dec2025 15:32:51.308] [main/DEBUG] [sophisticatedbackpacks/]: Started loading registry data from sophisticatedbackpacks:compat/framedcompactdrawers/block_tools 
[21Dec2025 15:32:51.308] [main/DEBUG] [sophisticatedbackpacks/]: Started loading registry data from sophisticatedbackpacks:compat/iceandfire/entity_tools 
[21Dec2025 15:32:51.308] [main/DEBUG] [sophisticatedbackpacks/]: Started loading registry data from sophisticatedbackpacks:compat/storagedrawers/block_tools 
[21Dec2025 15:32:51.308] [main/DEBUG] [sophisticatedbackpacks/]: Started loading registry data from sophisticatedbackpacks:compat/mcwroofs/block_tools 
[21Dec2025 15:32:51.308] [main/DEBUG] [sophisticatedbackpacks/]: Started loading registry data from sophisticatedbackpacks:compat/morphtool/block_tools 
[21Dec2025 15:32:51.308] [main/DEBUG] [sophisticatedbackpacks/]: Started loading registry data from sophisticatedbackpacks:compat/botania/block_tools 
[21Dec2025 15:32:51.308] [main/DEBUG] [sophisticatedbackpacks/]: Started loading registry data from sophisticatedbackpacks:compat/pneumaticraft/block_tools 
[21Dec2025 15:32:51.308] [main/DEBUG] [sophisticatedbackpacks/]: Started loading registry data from sophisticatedbackpacks:compat/shrink/entity_tools 
[21Dec2025 15:32:51.308] [main/DEBUG] [sophisticatedbackpacks/]: Started loading registry data from sophisticatedbackpacks:compat/blockcarpentry/block_tools 
[21Dec2025 15:32:51.308] [main/DEBUG] [sophisticatedbackpacks/]: Started loading registry data from sophisticatedbackpacks:compat/pipez/block_tools 
[21Dec2025 15:32:51.308] [main/DEBUG] [sophisticatedbackpacks/]: Started loading registry data from sophisticatedbackpacks:compat/transport/block_tools 
[21Dec2025 15:32:51.308] [main/DEBUG] [sophisticatedbackpacks/]: Started loading registry data from sophisticatedbackpacks:compat/thermal/block_tools 
[21Dec2025 15:32:51.308] [main/DEBUG] [sophisticatedbackpacks/]: Started loading registry data from sophisticatedbackpacks:block_tools 
[21Dec2025 15:32:51.308] [main/DEBUG] [sophisticatedbackpacks/]: Finished loading registry data for sophisticatedbackpacks:block_tools
[21Dec2025 15:32:51.308] [main/DEBUG] [sophisticatedbackpacks/]: Started loading registry data from sophisticatedbackpacks:compat/create/block_tools 
[21Dec2025 15:32:51.308] [main/DEBUG] [sophisticatedbackpacks/]: Started loading registry data from sophisticatedbackpacks:compat/farmersdelight/entity_tools 
[21Dec2025 15:32:51.309] [main/DEBUG] [sophisticatedbackpacks/]: Finished loading registry data for sophisticatedbackpacks:compat/farmersdelight/entity_tools
[21Dec2025 15:32:51.309] [main/DEBUG] [sophisticatedbackpacks/]: Started loading registry data from sophisticatedbackpacks:compat/refinedstorage/block_tools 
[21Dec2025 15:32:51.309] [main/DEBUG] [sophisticatedbackpacks/]: Started loading registry data from sophisticatedbackpacks:compat/chiselsandbits/block_tools 
[21Dec2025 15:32:51.309] [main/DEBUG] [sophisticatedbackpacks/]: Started loading registry data from sophisticatedbackpacks:compat/farmersdelight/block_tools 
[21Dec2025 15:32:51.309] [main/DEBUG] [sophisticatedbackpacks/]: Finished loading registry data for sophisticatedbackpacks:compat/farmersdelight/block_tools
[21Dec2025 15:32:51.309] [main/DEBUG] [sophisticatedbackpacks/]: Started loading registry data from sophisticatedbackpacks:compat/resourcefulbees/entity_tools 
[21Dec2025 15:32:51.309] [main/DEBUG] [sophisticatedbackpacks/]: Started loading registry data from sophisticatedbackpacks:compat/tetra/swords 
[21Dec2025 15:32:51.309] [main/DEBUG] [sophisticatedbackpacks/]: Started loading registry data from sophisticatedbackpacks:swords 
[21Dec2025 15:32:51.309] [main/DEBUG] [sophisticatedbackpacks/]: Finished loading registry data for sophisticatedbackpacks:swords
[21Dec2025 15:32:51.310] [main/DEBUG] [sophisticatedbackpacks/]: Started loading registry data from sophisticatedbackpacks:compat/mythicbotany/block_tools 
[21Dec2025 15:32:51.310] [main/DEBUG] [sophisticatedbackpacks/]: Started loading registry data from sophisticatedbackpacks:compat/resourcefulbees/block_tools 
[21Dec2025 15:32:51.310] [main/DEBUG] [sophisticatedbackpacks/]: Started loading registry data from sophisticatedbackpacks:compat/syp/entity_tools 
[21Dec2025 15:32:51.310] [main/DEBUG] [sophisticatedbackpacks/]: Started loading registry data from sophisticatedbackpacks:compat/eidolon/block_tools 
[21Dec2025 15:32:51.310] [main/DEBUG] [sophisticatedbackpacks/]: Started loading registry data from sophisticatedbackpacks:compat/rftoolsbase/block_tools 
[21Dec2025 15:32:51.377] [main/INFO] [top.theillusivec4.curios.Curios/]: Loaded 12 curio slots
[21Dec2025 15:32:51.384] [main/ERROR] [top.theillusivec4.curios.Curios/]: talisman is not a registered slot type!
[21Dec2025 15:32:51.385] [main/INFO] [top.theillusivec4.curios.Curios/]: Loaded 11 curio entities
[21Dec2025 15:32:55.795] [main/DEBUG] [net.minecraftforge.common.ForgeHooks/WP]: Gathering id map for writing to world save world
[21Dec2025 15:32:55.848] [main/DEBUG] [net.minecraftforge.common.ForgeHooks/WP]: ID Map collection complete world
[21Dec2025 15:32:55.954] [main/DEBUG] [mixin/]: Mixing DataFixPlayerDataStorageMixin from mixins.irons_spellbooks.json into net.minecraft.world.level.storage.PlayerDataStorage
[21Dec2025 15:32:55.962] [Server thread/INFO] [net.minecraft.server.dedicated.DedicatedServer/]: Starting minecraft server version 1.20.1
[21Dec2025 15:32:55.962] [Server thread/INFO] [net.minecraft.server.dedicated.DedicatedServer/]: Loading properties
[21Dec2025 15:32:55.962] [Server thread/INFO] [net.minecraft.server.dedicated.DedicatedServer/]: Default game type: SURVIVAL
[21Dec2025 15:32:55.963] [Server thread/INFO] [net.minecraft.server.MinecraftServer/]: Generating keypair
[21Dec2025 15:32:56.039] [Server thread/INFO] [net.minecraft.server.dedicated.DedicatedServer/]: Starting Minecraft server on *:25565
[21Dec2025 15:32:56.042] [Server thread/DEBUG] [net.minecraftforge.network.DualStackUtils/]: Detected IPv6 address: "0:0:0:0:0:0:0:0"
[21Dec2025 15:32:56.049] [Server thread/DEBUG] [io.netty.util.internal.NativeLibraryLoader/]: -Dio.netty.native.workdir: /tmp (io.netty.tmpdir)
[21Dec2025 15:32:56.050] [Server thread/DEBUG] [io.netty.util.internal.NativeLibraryLoader/]: -Dio.netty.native.deleteLibAfterLoading: true
[21Dec2025 15:32:56.050] [Server thread/DEBUG] [io.netty.util.internal.NativeLibraryLoader/]: -Dio.netty.native.tryPatchShadedId: true
[21Dec2025 15:32:56.050] [Server thread/DEBUG] [io.netty.util.internal.NativeLibraryLoader/]: -Dio.netty.native.detectNativeLibraryDuplicates: true
[21Dec2025 15:32:56.057] [Server thread/DEBUG] [io.netty.util.internal.NativeLibraryLoader/]: Successfully loaded the library /tmp/libnetty_transport_native_epoll_x86_649058711411986026264.so
[21Dec2025 15:32:56.059] [Server thread/DEBUG] [io.netty.util.NetUtil/]: -Djava.net.preferIPv4Stack: false
[21Dec2025 15:32:56.059] [Server thread/DEBUG] [io.netty.util.NetUtil/]: -Djava.net.preferIPv6Addresses: true
[21Dec2025 15:32:56.061] [Server thread/DEBUG] [io.netty.util.NetUtilInitializations/]: Loopback interface: lo (lo, 0:0:0:0:0:0:0:1%lo)
[21Dec2025 15:32:56.062] [Server thread/DEBUG] [io.netty.util.NetUtil/]: /proc/sys/net/core/somaxconn: 4096
[21Dec2025 15:32:56.065] [Server thread/INFO] [net.minecraft.server.network.ServerConnectionListener/]: Using epoll channel type
[21Dec2025 15:32:56.078] [Server thread/DEBUG] [io.netty.channel.MultithreadEventLoopGroup/]: -Dio.netty.eventLoopThreads: 8
[21Dec2025 15:32:56.099] [Server thread/DEBUG] [io.netty.util.internal.PlatformDependent/]: org.jctools-core.MpscChunkedArrayQueue: available
[21Dec2025 15:32:56.109] [Server thread/DEBUG] [io.netty.channel.DefaultChannelId/]: -Dio.netty.processId: 4348 (auto-detected)
[21Dec2025 15:32:56.110] [Server thread/DEBUG] [io.netty.channel.DefaultChannelId/]: -Dio.netty.machineId: 7c:1e:52:ff:fe:1d:36:74 (auto-detected)
[21Dec2025 15:32:56.140] [Server thread/DEBUG] [io.netty.buffer.PooledByteBufAllocator/]: -Dio.netty.allocator.numHeapArenas: 8
[21Dec2025 15:32:56.140] [Server thread/DEBUG] [io.netty.buffer.PooledByteBufAllocator/]: -Dio.netty.allocator.numDirectArenas: 8
[21Dec2025 15:32:56.140] [Server thread/DEBUG] [io.netty.buffer.PooledByteBufAllocator/]: -Dio.netty.allocator.pageSize: 8192
[21Dec2025 15:32:56.140] [Server thread/DEBUG] [io.netty.buffer.PooledByteBufAllocator/]: -Dio.netty.allocator.maxOrder: 9
[21Dec2025 15:32:56.140] [Server thread/DEBUG] [io.netty.buffer.PooledByteBufAllocator/]: -Dio.netty.allocator.chunkSize: 4194304
[21Dec2025 15:32:56.140] [Server thread/DEBUG] [io.netty.buffer.PooledByteBufAllocator/]: -Dio.netty.allocator.smallCacheSize: 256
[21Dec2025 15:32:56.140] [Server thread/DEBUG] [io.netty.buffer.PooledByteBufAllocator/]: -Dio.netty.allocator.normalCacheSize: 64
[21Dec2025 15:32:56.140] [Server thread/DEBUG] [io.netty.buffer.PooledByteBufAllocator/]: -Dio.netty.allocator.maxCachedBufferCapacity: 32768
[21Dec2025 15:32:56.140] [Server thread/DEBUG] [io.netty.buffer.PooledByteBufAllocator/]: -Dio.netty.allocator.cacheTrimInterval: 8192
[21Dec2025 15:32:56.140] [Server thread/DEBUG] [io.netty.buffer.PooledByteBufAllocator/]: -Dio.netty.allocator.cacheTrimIntervalMillis: 0
[21Dec2025 15:32:56.140] [Server thread/DEBUG] [io.netty.buffer.PooledByteBufAllocator/]: -Dio.netty.allocator.useCacheForAllThreads: false
[21Dec2025 15:32:56.140] [Server thread/DEBUG] [io.netty.buffer.PooledByteBufAllocator/]: -Dio.netty.allocator.maxCachedByteBuffersPerChunk: 1023
[21Dec2025 15:32:56.148] [Server thread/DEBUG] [io.netty.buffer.ByteBufUtil/]: -Dio.netty.allocator.type: pooled
[21Dec2025 15:32:56.148] [Server thread/DEBUG] [io.netty.buffer.ByteBufUtil/]: -Dio.netty.threadLocalDirectBufferSize: 0
[21Dec2025 15:32:56.148] [Server thread/DEBUG] [io.netty.buffer.ByteBufUtil/]: -Dio.netty.maxThreadLocalCharBufferSize: 16384
[21Dec2025 15:32:56.156] [Server thread/WARN] [net.minecraft.server.dedicated.DedicatedServer/]: **** SERVER IS RUNNING IN OFFLINE/INSECURE MODE!
[21Dec2025 15:32:56.156] [Server thread/WARN] [net.minecraft.server.dedicated.DedicatedServer/]: The server will make no attempt to authenticate usernames. Beware.
[21Dec2025 15:32:56.157] [Server thread/WARN] [net.minecraft.server.dedicated.DedicatedServer/]: While this makes the game possible to play without internet access, it also opens up the ability for hackers to connect with any username they choose.
[21Dec2025 15:32:56.157] [Server thread/WARN] [net.minecraft.server.dedicated.DedicatedServer/]: To change this, set "online-mode" to "true" in the server.properties file.
[21Dec2025 15:32:56.171] [Server thread/DEBUG] [net.minecraftforge.fml.config.ConfigTracker/CONFIG]: Loading configs type SERVER
[21Dec2025 15:32:56.171] [Server thread/DEBUG] [net.minecraftforge.fml.config.ConfigFileTypeHandler/CONFIG]: Built TOML config for ./world/serverconfig/jei-server.toml
[21Dec2025 15:32:56.171] [Server thread/DEBUG] [net.minecraftforge.fml.config.ConfigFileTypeHandler/CONFIG]: Loaded TOML config file ./world/serverconfig/jei-server.toml
[21Dec2025 15:32:56.171] [Server thread/DEBUG] [net.minecraftforge.fml.config.ConfigFileTypeHandler/CONFIG]: Watching TOML config file ./world/serverconfig/jei-server.toml for changes
[21Dec2025 15:32:56.172] [Thread-1/DEBUG] [net.minecraftforge.fml.config.ConfigFileTypeHandler/CONFIG]: Config file jei-server.toml changed, sending notifies
[21Dec2025 15:32:56.172] [Server thread/DEBUG] [net.minecraftforge.fml.config.ConfigFileTypeHandler/CONFIG]: Built TOML config for ./world/serverconfig/beautify-server.toml
[21Dec2025 15:32:56.172] [Server thread/DEBUG] [net.minecraftforge.fml.config.ConfigFileTypeHandler/CONFIG]: Loaded TOML config file ./world/serverconfig/beautify-server.toml
[21Dec2025 15:32:56.172] [Thread-1/DEBUG] [net.minecraftforge.fml.config.ConfigFileTypeHandler/CONFIG]: Config file jei-server.toml changed, sending notifies
[21Dec2025 15:32:56.172] [Server thread/DEBUG] [net.minecraftforge.fml.config.ConfigFileTypeHandler/CONFIG]: Watching TOML config file ./world/serverconfig/beautify-server.toml for changes
[21Dec2025 15:32:56.173] [Thread-1/DEBUG] [net.minecraftforge.fml.config.ConfigFileTypeHandler/CONFIG]: Config file beautify-server.toml changed, sending notifies
[21Dec2025 15:32:56.173] [Server thread/DEBUG] [net.minecraftforge.fml.config.ConfigFileTypeHandler/CONFIG]: Built TOML config for ./world/serverconfig/journeymap-server.toml
[21Dec2025 15:32:56.173] [Server thread/DEBUG] [net.minecraftforge.fml.config.ConfigFileTypeHandler/CONFIG]: Loaded TOML config file ./world/serverconfig/journeymap-server.toml
[21Dec2025 15:32:56.173] [Thread-1/DEBUG] [net.minecraftforge.fml.config.ConfigFileTypeHandler/CONFIG]: Config file beautify-server.toml changed, sending notifies
[21Dec2025 15:32:56.173] [Server thread/DEBUG] [net.minecraftforge.fml.config.ConfigFileTypeHandler/CONFIG]: Watching TOML config file ./world/serverconfig/journeymap-server.toml for changes
[21Dec2025 15:32:56.174] [Server thread/INFO] [journeymap/]: Loading JourneyMap Forge Configs
[21Dec2025 15:32:56.174] [Server thread/DEBUG] [net.minecraftforge.fml.config.ConfigFileTypeHandler/CONFIG]: Built TOML config for ./world/serverconfig/sophisticatedbackpacks-server.toml
[21Dec2025 15:32:56.175] [Server thread/DEBUG] [net.minecraftforge.fml.config.ConfigFileTypeHandler/CONFIG]: Loaded TOML config file ./world/serverconfig/sophisticatedbackpacks-server.toml
[21Dec2025 15:32:56.175] [Server thread/DEBUG] [net.minecraftforge.fml.config.ConfigFileTypeHandler/CONFIG]: Watching TOML config file ./world/serverconfig/sophisticatedbackpacks-server.toml for changes
[21Dec2025 15:32:56.178] [Server thread/DEBUG] [net.minecraftforge.fml.config.ConfigFileTypeHandler/CONFIG]: Built TOML config for ./world/serverconfig/forge-server.toml
[21Dec2025 15:32:56.179] [Server thread/DEBUG] [net.minecraftforge.fml.config.ConfigFileTypeHandler/CONFIG]: Loaded TOML config file ./world/serverconfig/forge-server.toml
[21Dec2025 15:32:56.179] [Thread-1/DEBUG] [net.minecraftforge.fml.config.ConfigFileTypeHandler/CONFIG]: Config file sophisticatedbackpacks-server.toml changed, sending notifies
[21Dec2025 15:32:56.179] [Server thread/DEBUG] [net.minecraftforge.fml.config.ConfigFileTypeHandler/CONFIG]: Watching TOML config file ./world/serverconfig/forge-server.toml for changes
[21Dec2025 15:32:56.179] [Server thread/DEBUG] [net.minecraftforge.common.ForgeConfig/FORGEMOD]: Loaded forge config file forge-server.toml
[21Dec2025 15:32:56.180] [Server thread/DEBUG] [net.minecraftforge.fml.config.ConfigFileTypeHandler/CONFIG]: Built TOML config for ./world/serverconfig/curios-server.toml
[21Dec2025 15:32:56.180] [Server thread/DEBUG] [net.minecraftforge.fml.config.ConfigFileTypeHandler/CONFIG]: Loaded TOML config file ./world/serverconfig/curios-server.toml
[21Dec2025 15:32:56.180] [Server thread/DEBUG] [net.minecraftforge.fml.config.ConfigFileTypeHandler/CONFIG]: Watching TOML config file ./world/serverconfig/curios-server.toml for changes
[21Dec2025 15:32:56.180] [Server thread/DEBUG] [net.minecraftforge.fml.config.ConfigFileTypeHandler/CONFIG]: Built TOML config for ./world/serverconfig/gravestone-server.toml
[21Dec2025 15:32:56.181] [Server thread/DEBUG] [net.minecraftforge.fml.config.ConfigFileTypeHandler/CONFIG]: Loaded TOML config file ./world/serverconfig/gravestone-server.toml
[21Dec2025 15:32:56.181] [Server thread/DEBUG] [net.minecraftforge.fml.config.ConfigFileTypeHandler/CONFIG]: Watching TOML config file ./world/serverconfig/gravestone-server.toml for changes
[21Dec2025 15:32:56.182] [Thread-1/DEBUG] [net.minecraftforge.fml.config.ConfigFileTypeHandler/CONFIG]: Config file sophisticatedbackpacks-server.toml changed, sending notifies
[21Dec2025 15:32:56.183] [Server thread/DEBUG] [net.minecraftforge.fml.config.ConfigFileTypeHandler/CONFIG]: Built TOML config for ./world/serverconfig/camera-server.toml
[21Dec2025 15:32:56.184] [Server thread/DEBUG] [net.minecraftforge.fml.config.ConfigFileTypeHandler/CONFIG]: Loaded TOML config file ./world/serverconfig/camera-server.toml
[21Dec2025 15:32:56.184] [Server thread/DEBUG] [net.minecraftforge.fml.config.ConfigFileTypeHandler/CONFIG]: Watching TOML config file ./world/serverconfig/camera-server.toml for changes
[21Dec2025 15:32:56.184] [Thread-1/DEBUG] [net.minecraftforge.fml.config.ConfigFileTypeHandler/CONFIG]: Config file camera-server.toml changed, sending notifies
[21Dec2025 15:32:56.185] [Server thread/DEBUG] [net.minecraftforge.fml.config.ConfigFileTypeHandler/CONFIG]: Built TOML config for ./world/serverconfig/irons_spellbooks-server.toml
[21Dec2025 15:32:56.185] [Thread-1/DEBUG] [net.minecraftforge.fml.config.ConfigFileTypeHandler/CONFIG]: Config file camera-server.toml changed, sending notifies
[21Dec2025 15:32:56.187] [Server thread/DEBUG] [net.minecraftforge.fml.config.ConfigFileTypeHandler/CONFIG]: Loaded TOML config file ./world/serverconfig/irons_spellbooks-server.toml
[21Dec2025 15:32:56.187] [Server thread/DEBUG] [net.minecraftforge.fml.config.ConfigFileTypeHandler/CONFIG]: Watching TOML config file ./world/serverconfig/irons_spellbooks-server.toml for changes
[21Dec2025 15:32:56.188] [Server thread/DEBUG] [io.redspace.ironsspellbooks.IronsSpellbooks/]: ServerConfigs load item blacklists:
[21Dec2025 15:32:56.190] [Thread-1/DEBUG] [net.minecraftforge.fml.config.ConfigFileTypeHandler/CONFIG]: Config file irons_spellbooks-server.toml changed, sending notifies
[21Dec2025 15:32:56.190] [Thread-1/DEBUG] [io.redspace.ironsspellbooks.IronsSpellbooks/]: ServerConfigs load item blacklists:
[21Dec2025 15:32:56.192] [Thread-1/DEBUG] [net.minecraftforge.fml.config.ConfigFileTypeHandler/CONFIG]: Config file irons_spellbooks-server.toml changed, sending notifies
[21Dec2025 15:32:56.192] [Thread-1/DEBUG] [io.redspace.ironsspellbooks.IronsSpellbooks/]: ServerConfigs load item blacklists:
[21Dec2025 15:32:56.196] [Thread-1/DEBUG] [net.minecraftforge.fml.config.ConfigFileTypeHandler/CONFIG]: Config file irons_spellbooks-server.toml changed, sending notifies
[21Dec2025 15:32:56.197] [Thread-1/DEBUG] [io.redspace.ironsspellbooks.IronsSpellbooks/]: ServerConfigs load item blacklists:
[21Dec2025 15:32:56.278] [Server thread/INFO] [Framework/]: Loading server configs...
[21Dec2025 15:32:56.283] [Server thread/DEBUG] [Framework/]: Started watching config: /workspaces/terradirma/servidor_minecraft/config/refurbished_furniture.server.toml
[21Dec2025 15:32:56.295] [Server thread/INFO] [terrablender/]: Initialized TerraBlender biomes for level stem minecraft:the_nether
[21Dec2025 15:32:56.862] [Server thread/INFO] [terrablender/]: Initialized TerraBlender biomes for level stem minecraft:overworld
[21Dec2025 15:32:56.863] [Server thread/INFO] [net.minecraft.server.dedicated.DedicatedServer/]: Preparing level "world"
[21Dec2025 15:32:56.870] [Server thread/DEBUG] [net.minecraftforge.coremod.transformer.CoreModBaseTransformer/COREMOD]: Transforming net/minecraft/world/level/levelgen/PhantomSpawner
[21Dec2025 15:32:56.880] [Server thread/DEBUG] [net.minecraftforge.coremod.transformer.CoreModBaseTransformer/COREMOD]: Transforming net/minecraft/world/level/levelgen/PatrolSpawner
[21Dec2025 15:32:56.886] [Server thread/DEBUG] [net.minecraftforge.coremod.transformer.CoreModBaseTransformer/COREMOD]: Transforming net/minecraft/world/entity/npc/CatSpawner
[21Dec2025 15:32:56.893] [Server thread/DEBUG] [mixin/]: Mixing WanderingTraderManagerMixin from vinery-common.mixins.json into net.minecraft.world.entity.npc.WanderingTraderSpawner
[21Dec2025 15:32:56.893] [Server thread/DEBUG] [mixin/]: Renaming synthetic method lambda$trySpawn$1(Lnet/minecraft/core/BlockPos;)Z to md6dd064$lambda$trySpawn$1$0 in vinery-common.mixins.json:WanderingTraderManagerMixin
[21Dec2025 15:32:56.894] [Server thread/DEBUG] [mixin/]: Renaming synthetic method lambda$trySpawn$0(Lnet/minecraft/core/Holder;)Z to md6dd064$lambda$trySpawn$0$1 in vinery-common.mixins.json:WanderingTraderManagerMixin
[21Dec2025 15:32:57.172] [Server thread/DEBUG] [mixin/]: Mixing StructureManagerAccessor from cataclysm.mixins.json into net.minecraft.world.level.StructureManager
[21Dec2025 15:33:03.327] [Server thread/INFO] [net.minecraft.server.MinecraftServer/]: Preparing start region for dimension minecraft:overworld
[21Dec2025 15:33:08.099] [Server thread/DEBUG] [mixin/]: Mixing MixinChunkSerializer from architectury.mixins.json into net.minecraft.world.level.chunk.storage.ChunkSerializer
[21Dec2025 15:33:08.503] [Server thread/DEBUG] [mixin/]: Mixing accessor.BoundingBoxAccessor from yungsapi.mixins.json into net.minecraft.world.level.levelgen.structure.BoundingBox
[21Dec2025 15:33:08.503] [Server thread/DEBUG] [mixin/]: Mixing accessor.BoundingBoxAccessor from cataclysm.mixins.json into net.minecraft.world.level.levelgen.structure.BoundingBox
[21Dec2025 15:33:08.504] [Server thread/DEBUG] [mixin/]: Unexpected: Registered method setMaxY(I)V in net.minecraft.world.level.levelgen.structure.BoundingBox was not merged
[21Dec2025 15:33:08.504] [Server thread/DEBUG] [mixin/]: Unexpected: Registered method setMaxZ(I)V in net.minecraft.world.level.levelgen.structure.BoundingBox was not merged
[21Dec2025 15:33:08.504] [Server thread/DEBUG] [mixin/]: Unexpected: Registered method setMinY(I)V in net.minecraft.world.level.levelgen.structure.BoundingBox was not merged
[21Dec2025 15:33:08.504] [Server thread/DEBUG] [mixin/]: Unexpected: Registered method setMinZ(I)V in net.minecraft.world.level.levelgen.structure.BoundingBox was not merged
[21Dec2025 15:33:08.504] [Server thread/DEBUG] [mixin/]: Unexpected: Registered method setMinX(I)V in net.minecraft.world.level.levelgen.structure.BoundingBox was not merged
[21Dec2025 15:33:08.504] [Server thread/DEBUG] [mixin/]: Unexpected: Registered method setMaxX(I)V in net.minecraft.world.level.levelgen.structure.BoundingBox was not merged
[21Dec2025 15:33:08.508] [Server thread/DEBUG] [net.minecraftforge.coremod.transformer.CoreModBaseTransformer/COREMOD]: Transforming net/minecraft/world/level/levelgen/structure/templatesystem/StructureTemplate
[21Dec2025 15:33:08.539] [Server thread/DEBUG] [mixin/]: Mixing StructureTemplateMixin from cataclysm.mixins.json into net.minecraft.world.level.levelgen.structure.templatesystem.StructureTemplate
[21Dec2025 15:33:08.539] [Server thread/DEBUG] [mixin/]: Renaming synthetic method lambda$repurposedstructures_preventAutoWaterlogging$0(Lnet/minecraft/world/level/levelgen/structure/templatesystem/StructureProcessor;)Z to md6dd064$lambda$repurposedstructures_preventAutoWaterlogging$0$0 in cataclysm.mixins.json:StructureTemplateMixin
[21Dec2025 15:33:08.540] [Server thread/DEBUG] [mixin/]: Mixing world.StructureTemplateAccessor from the_bumblezone-common.mixins.json into net.minecraft.world.level.levelgen.structure.templatesystem.StructureTemplate
[21Dec2025 15:33:08.541] [Server thread/DEBUG] [mixin/]: Mixing world.StructureTemplateMixin from the_bumblezone-common.mixins.json into net.minecraft.world.level.levelgen.structure.templatesystem.StructureTemplate
[21Dec2025 15:33:08.541] [Server thread/DEBUG] [mixin/]: Renaming synthetic method lambda$bumblezone$preventAutoWaterlogging$0(Lnet/minecraft/world/level/levelgen/structure/templatesystem/StructureProcessor;)Z to md6dd064$lambda$bumblezone$preventAutoWaterlogging$0$1 in the_bumblezone-common.mixins.json:world.StructureTemplateMixin
[21Dec2025 15:33:11.652] [Worker-Main-1/INFO] [net.minecraft.server.level.progress.LoggerChunkProgressListener/]: Preparing spawn area: 0%
[21Dec2025 15:33:11.653] [Worker-Main-2/INFO] [net.minecraft.server.level.progress.LoggerChunkProgressListener/]: Preparing spawn area: 0%
[21Dec2025 15:33:11.653] [Worker-Main-2/INFO] [net.minecraft.server.level.progress.LoggerChunkProgressListener/]: Preparing spawn area: 0%
[21Dec2025 15:33:11.654] [Worker-Main-2/INFO] [net.minecraft.server.level.progress.LoggerChunkProgressListener/]: Preparing spawn area: 0%
[21Dec2025 15:33:11.654] [Worker-Main-2/INFO] [net.minecraft.server.level.progress.LoggerChunkProgressListener/]: Preparing spawn area: 0%
[21Dec2025 15:33:11.655] [Worker-Main-2/INFO] [net.minecraft.server.level.progress.LoggerChunkProgressListener/]: Preparing spawn area: 0%
[21Dec2025 15:33:11.655] [Worker-Main-1/INFO] [net.minecraft.server.level.progress.LoggerChunkProgressListener/]: Preparing spawn area: 0%
[21Dec2025 15:33:11.656] [Worker-Main-3/INFO] [net.minecraft.server.level.progress.LoggerChunkProgressListener/]: Preparing spawn area: 0%
[21Dec2025 15:33:11.656] [Worker-Main-3/INFO] [net.minecraft.server.level.progress.LoggerChunkProgressListener/]: Preparing spawn area: 0%
[21Dec2025 15:33:11.658] [Worker-Main-3/INFO] [net.minecraft.server.level.progress.LoggerChunkProgressListener/]: Preparing spawn area: 0%
[21Dec2025 15:33:11.659] [Worker-Main-3/INFO] [net.minecraft.server.level.progress.LoggerChunkProgressListener/]: Preparing spawn area: 0%
[21Dec2025 15:33:11.660] [Worker-Main-3/INFO] [net.minecraft.server.level.progress.LoggerChunkProgressListener/]: Preparing spawn area: 0%
[21Dec2025 15:33:11.662] [Worker-Main-3/INFO] [net.minecraft.server.level.progress.LoggerChunkProgressListener/]: Preparing spawn area: 0%
[21Dec2025 15:33:11.663] [Worker-Main-3/INFO] [net.minecraft.server.level.progress.LoggerChunkProgressListener/]: Preparing spawn area: 0%
[21Dec2025 15:33:11.663] [Worker-Main-3/INFO] [net.minecraft.server.level.progress.LoggerChunkProgressListener/]: Preparing spawn area: 0%
[21Dec2025 15:33:11.664] [Worker-Main-3/INFO] [net.minecraft.server.level.progress.LoggerChunkProgressListener/]: Preparing spawn area: 0%
[21Dec2025 15:33:11.666] [Worker-Main-1/INFO] [net.minecraft.server.level.progress.LoggerChunkProgressListener/]: Preparing spawn area: 0%
[21Dec2025 15:33:11.829] [Worker-Main-2/INFO] [net.minecraft.server.level.progress.LoggerChunkProgressListener/]: Preparing spawn area: 0%
[21Dec2025 15:33:12.329] [Worker-Main-2/INFO] [net.minecraft.server.level.progress.LoggerChunkProgressListener/]: Preparing spawn area: 42%
[21Dec2025 15:33:12.694] [Server thread/INFO] [net.minecraft.server.level.progress.LoggerChunkProgressListener/]: Time elapsed: 9366 ms
[21Dec2025 15:33:12.695] [Server thread/INFO] [net.minecraft.server.dedicated.DedicatedServer/]: Done (16.525s)! For help, type "help"
[21Dec2025 15:33:12.706] [Server thread/DEBUG] [net.minecraftforge.network.DualStackUtils/]: Detected IPv6 address: "0:0:0:0:0:0:0:0"
[21Dec2025 15:33:12.816] [Server thread/DEBUG] [net.minecraftforge.common.ForgeI18n/CORE]: Loading I18N data entries: 14073
[21Dec2025 15:33:12.821] [Server thread/INFO] [net.minecraftforge.server.permission.PermissionAPI/]: Successfully initialized permission handler forge:default_handler
[21Dec2025 15:33:12.883] [Server thread/DEBUG] [io.netty.buffer.AbstractByteBuf/]: -Dio.netty.buffer.checkAccessible: true
[21Dec2025 15:33:12.883] [Server thread/DEBUG] [io.netty.buffer.AbstractByteBuf/]: -Dio.netty.buffer.checkBounds: true
[21Dec2025 15:33:12.883] [Server thread/DEBUG] [io.netty.util.ResourceLeakDetectorFactory/]: Loaded default ResourceLeakDetector: io.netty.util.ResourceLeakDetector@3d1cf07b
[21Dec2025 15:33:12.921] [Server thread/DEBUG] [net.minecraftforge.coremod.transformer.CoreModBaseTransformer/COREMOD]: Transforming net/minecraft/world/level/NaturalSpawner
[21Dec2025 15:33:12.939] [Server thread/DEBUG] [mixin/]: Mixing item.wearable.NaturalSpawnerMixin from mixins.artifacts.common.json into net.minecraft.world.level.NaturalSpawner
[21Dec2025 15:33:12.939] [Server thread/DEBUG] [mixin/]: Renaming synthetic method lambda$spawnCategoryForPosition$0(Lnet/minecraft/world/entity/Mob;Lnet/minecraft/world/item/ItemStack;)V to md6dd064$lambda$spawnCategoryForPosition$0$0 in mixins.artifacts.common.json:item.wearable.NaturalSpawnerMixin
[21Dec2025 15:33:12.941] [Server thread/DEBUG] [mixin/]: Mixing NaturalSpawnerMixin from alexscaves.mixins.json into net.minecraft.world.level.NaturalSpawner
[21Dec2025 15:33:12.947] [Server thread/DEBUG] [mixin/]: Mixing entities.MobSpawnLocationMixin from the_bumblezone-common.mixins.json into net.minecraft.world.level.NaturalSpawner
[21Dec2025 15:33:13.016] [Server thread/DEBUG] [artifacts.Artifacts/]: Loaded artifacts.forge.platform.ForgePlatformHelper@1ef07c4c for service interface artifacts.platform.PlatformHelper
[21Dec2025 15:33:22.701] [Netty Epoll Server IO #1/DEBUG] [io.netty.util.Recycler/]: -Dio.netty.recycler.maxCapacityPerThread: 4096
[21Dec2025 15:33:22.702] [Netty Epoll Server IO #1/DEBUG] [io.netty.util.Recycler/]: -Dio.netty.recycler.ratio: 8
[21Dec2025 15:33:22.702] [Netty Epoll Server IO #1/DEBUG] [io.netty.util.Recycler/]: -Dio.netty.recycler.chunkSize: 32
[21Dec2025 15:33:22.702] [Netty Epoll Server IO #1/DEBUG] [io.netty.util.Recycler/]: -Dio.netty.recycler.blocking: false
[21Dec2025 15:33:26.491] [Netty Epoll Server IO #5/DEBUG] [net.minecraftforge.network.HandshakeHandler/FMLHANDSHAKE]: Starting new modded impl connection. Found 38 messages to dispatch.
[21Dec2025 15:33:26.513] [Server thread/DEBUG] [net.minecraftforge.network.HandshakeHandler/FMLHANDSHAKE]: Sending ticking packet info 'FrameworkConfig refurbished_furniture:server' to 'framework:handshake' sequence 0
[21Dec2025 15:33:26.565] [Server thread/DEBUG] [net.minecraftforge.network.HandshakeHandler/FMLHANDSHAKE]: Sending ticking packet info 'net.minecraftforge.network.HandshakeMessages$S2CModData' to 'fml:handshake' sequence 1
[21Dec2025 15:33:26.571] [Netty Epoll Server IO #5/DEBUG] [net.minecraftforge.network.LoginWrapper/FMLHANDSHAKE]: Recieved login wrapper packet event for channel framework:handshake with index 0
[21Dec2025 15:33:26.573] [Netty Epoll Server IO #5/DEBUG] [net.minecraftforge.network.HandshakeHandler/FMLHANDSHAKE]: Received client indexed reply 0 of type com.mrcrayfish.framework.api.network.message.HandshakeMessage$Acknowledge
[21Dec2025 15:33:26.574] [Netty Epoll Server IO #5/DEBUG] [Framework/FRAMEWORK_HANDSHAKE]: Received acknowledgement from client
[21Dec2025 15:33:26.614] [Server thread/DEBUG] [net.minecraftforge.network.HandshakeHandler/FMLHANDSHAKE]: Sending ticking packet info 'net.minecraftforge.network.HandshakeMessages$S2CModList' to 'fml:handshake' sequence 2
[21Dec2025 15:33:26.659] [Netty Epoll Server IO #5/DEBUG] [net.minecraftforge.network.LoginWrapper/FMLHANDSHAKE]: Recieved login wrapper packet event for channel fml:handshake with index 2
[21Dec2025 15:33:26.660] [Netty Epoll Server IO #5/DEBUG] [net.minecraftforge.network.HandshakeHandler/FMLHANDSHAKE]: Received client indexed reply 2 of type net.minecraftforge.network.HandshakeMessages$C2SModListReply
[21Dec2025 15:33:26.660] [Netty Epoll Server IO #5/DEBUG] [net.minecraftforge.network.HandshakeHandler/FMLHANDSHAKE]: Received client connection with modlist [treechop, easy_npc, mowziesmobs, kuma_api, animation_overhaul, geckolib, beautify, playeranimator, jei, graveyard, slashblade, libraryferret, goblintraders, mcwwindows, caelus, stalwart_dungeons, obscure_api, sophisticatedcore, waystones, journeymap, citadel, naturescompass, artifacts, yungsapi, mixinextras, call_of_yucutan, redeco, sophisticatedbackpacks, relics, explorerscompass, balm, jeresources, watut, cloth_config, forge, travelerstitles, slashblade_addon, konkrete, embeddium, rubidium, athena, minecraft, farmersdelight, vanillaplustools, torchmaster, handcrafted, alexscaves, terrablender, necronomicon, biomesoplenty, creativecore, supermartijn642corelib, fairylights, lionfishapi, portablemobs, ribbits, cataclysm, curios, oculus, gravestone, camera, irons_spellbooks, bettervillage, resourcefullib, coroutil, fennecfox, architectury, octolib, furniture, doapi, terraform, bakery, vinery, appleskin, mcwfurnitures, chimes, refurbished_furniture, justzoom, the_bumblezone, framework, cosmeticarmorreworked, expandability, aquamirae]
[21Dec2025 15:33:26.662] [Netty Epoll Server IO #5/DEBUG] [net.minecraftforge.network.NetworkRegistry/NETREGISTRY]: Channel 'watut:main' : Version test of '4' from client : ACCEPTED
[21Dec2025 15:33:26.662] [Netty Epoll Server IO #5/DEBUG] [net.minecraftforge.network.NetworkRegistry/NETREGISTRY]: Channel 'easy_npc:network' : Version test of '21' from client : ACCEPTED
[21Dec2025 15:33:26.662] [Netty Epoll Server IO #5/DEBUG] [net.minecraftforge.network.NetworkRegistry/NETREGISTRY]: Channel 'alexscaves:main_channel' : Version test of '1' from client : ACCEPTED
[21Dec2025 15:33:26.662] [Netty Epoll Server IO #5/DEBUG] [net.minecraftforge.network.NetworkRegistry/NETREGISTRY]: Channel 'the_bumblezone:networking' : Version test of '7.6.8+1.20.1-forge' from client : ACCEPTED
[21Dec2025 15:33:26.662] [Netty Epoll Server IO #5/DEBUG] [net.minecraftforge.network.NetworkRegistry/NETREGISTRY]: Channel 'vanillaplustools:net-channel' : Version test of '1.0' from client : ACCEPTED
[21Dec2025 15:33:26.662] [Netty Epoll Server IO #5/DEBUG] [net.minecraftforge.network.NetworkRegistry/NETREGISTRY]: Channel 'jei:channel' : Version test of '1.0.0' from client : ACCEPTED
[21Dec2025 15:33:26.662] [Netty Epoll Server IO #5/DEBUG] [net.minecraftforge.network.NetworkRegistry/NETREGISTRY]: Channel 'fairylights:net' : Version test of '1' from client : ACCEPTED
[21Dec2025 15:33:26.662] [Netty Epoll Server IO #5/DEBUG] [net.minecraftforge.network.NetworkRegistry/NETREGISTRY]: Channel 'minecraft:unregister' : Version test of 'FML3' from client : ACCEPTED
[21Dec2025 15:33:26.662] [Netty Epoll Server IO #5/DEBUG] [net.minecraftforge.network.NetworkRegistry/NETREGISTRY]: Channel 'sophisticatedbackpacks:channel' : Version test of '1' from client : ACCEPTED
[21Dec2025 15:33:26.662] [Netty Epoll Server IO #5/DEBUG] [net.minecraftforge.network.NetworkRegistry/NETREGISTRY]: Channel 'journeymap:version' : Version test of '1' from client : ACCEPTED
[21Dec2025 15:33:26.662] [Netty Epoll Server IO #5/DEBUG] [net.minecraftforge.network.NetworkRegistry/NETREGISTRY]: Channel 'framework:play' : Version test of '1' from client : ACCEPTED
[21Dec2025 15:33:26.662] [Netty Epoll Server IO #5/DEBUG] [net.minecraftforge.network.NetworkRegistry/NETREGISTRY]: Channel 'minecraft:treechop-channel' : Version test of '7' from client : ACCEPTED
[21Dec2025 15:33:26.662] [Netty Epoll Server IO #5/DEBUG] [net.minecraftforge.network.NetworkRegistry/NETREGISTRY]: Channel 'journeymap:admin_req' : Version test of '1' from client : ACCEPTED
[21Dec2025 15:33:26.662] [Netty Epoll Server IO #5/DEBUG] [net.minecraftforge.network.NetworkRegistry/NETREGISTRY]: Channel 'cataclysm:main_channel' : Version test of '1' from client : ACCEPTED
[21Dec2025 15:33:26.662] [Netty Epoll Server IO #5/DEBUG] [net.minecraftforge.network.NetworkRegistry/NETREGISTRY]: Channel 'journeymap:waypoint' : Version test of '1' from client : ACCEPTED
[21Dec2025 15:33:26.662] [Netty Epoll Server IO #5/DEBUG] [net.minecraftforge.network.NetworkRegistry/NETREGISTRY]: Channel 'lionfishapi:main_channel' : Version test of '1' from client : ACCEPTED
[21Dec2025 15:33:26.662] [Netty Epoll Server IO #5/DEBUG] [net.minecraftforge.network.NetworkRegistry/NETREGISTRY]: Channel 'irons_spellbooks:messages' : Version test of '1.0' from client : ACCEPTED
[21Dec2025 15:33:26.662] [Netty Epoll Server IO #5/DEBUG] [net.minecraftforge.network.NetworkRegistry/NETREGISTRY]: Channel 'ribbits:messages' : Version test of '1.0' from client : ACCEPTED
[21Dec2025 15:33:26.662] [Netty Epoll Server IO #5/DEBUG] [net.minecraftforge.network.NetworkRegistry/NETREGISTRY]: Channel 'forge:tier_sorting' : Version test of '1.0' from client : ACCEPTED
[21Dec2025 15:33:26.662] [Netty Epoll Server IO #5/DEBUG] [net.minecraftforge.network.NetworkRegistry/NETREGISTRY]: Channel 'call_of_yucutan:call_of_yucutan' : Version test of '1' from client : ACCEPTED
[21Dec2025 15:33:26.662] [Netty Epoll Server IO #5/DEBUG] [net.minecraftforge.network.NetworkRegistry/NETREGISTRY]: Channel 'mowziesmobs:net' : Version test of '1' from client : ACCEPTED
[21Dec2025 15:33:26.662] [Netty Epoll Server IO #5/DEBUG] [net.minecraftforge.network.NetworkRegistry/NETREGISTRY]: Channel 'relics:network' : Version test of '1.0' from client : ACCEPTED
[21Dec2025 15:33:26.662] [Netty Epoll Server IO #5/DEBUG] [net.minecraftforge.network.NetworkRegistry/NETREGISTRY]: Channel 'cosmeticarmorreworked:main' : Version test of '2' from client : ACCEPTED
[21Dec2025 15:33:26.662] [Netty Epoll Server IO #5/DEBUG] [net.minecraftforge.network.NetworkRegistry/NETREGISTRY]: Channel 'fml:play' : Version test of 'FML3' from client : ACCEPTED
[21Dec2025 15:33:26.663] [Netty Epoll Server IO #5/DEBUG] [net.minecraftforge.network.NetworkRegistry/NETREGISTRY]: Channel 'creativecore:main' : Version test of '1' from client : ACCEPTED
[21Dec2025 15:33:26.663] [Netty Epoll Server IO #5/DEBUG] [net.minecraftforge.network.NetworkRegistry/NETREGISTRY]: Channel 'journeymap:teleport_req' : Version test of '1' from client : ACCEPTED
[21Dec2025 15:33:26.663] [Netty Epoll Server IO #5/DEBUG] [net.minecraftforge.network.NetworkRegistry/NETREGISTRY]: Channel 'caelus:main' : Version test of '1' from client : ACCEPTED
[21Dec2025 15:33:26.663] [Netty Epoll Server IO #5/DEBUG] [net.minecraftforge.network.NetworkRegistry/NETREGISTRY]: Channel 'journeymap:common' : Version test of '1' from client : ACCEPTED
[21Dec2025 15:33:26.663] [Netty Epoll Server IO #5/DEBUG] [net.minecraftforge.network.NetworkRegistry/NETREGISTRY]: Channel 'minecraft:register' : Version test of 'FML3' from client : ACCEPTED
[21Dec2025 15:33:26.663] [Netty Epoll Server IO #5/DEBUG] [net.minecraftforge.network.NetworkRegistry/NETREGISTRY]: Channel 'slashblade:main' : Version test of '1' from client : ACCEPTED
[21Dec2025 15:33:26.663] [Netty Epoll Server IO #5/DEBUG] [net.minecraftforge.network.NetworkRegistry/NETREGISTRY]: Channel 'geckolib:main' : Version test of '1' from client : ACCEPTED
[21Dec2025 15:33:26.663] [Netty Epoll Server IO #5/DEBUG] [net.minecraftforge.network.NetworkRegistry/NETREGISTRY]: Channel 'graveyard:spawn_entity' : Version test of '1' from client : ACCEPTED
[21Dec2025 15:33:26.663] [Netty Epoll Server IO #5/DEBUG] [net.minecraftforge.network.NetworkRegistry/NETREGISTRY]: Channel 'refurbished_furniture:play' : Version test of '1' from client : ACCEPTED
[21Dec2025 15:33:26.663] [Netty Epoll Server IO #5/DEBUG] [net.minecraftforge.network.NetworkRegistry/NETREGISTRY]: Channel 'stalwart_dungeons:stalwart_dungeons' : Version test of '1' from client : ACCEPTED
[21Dec2025 15:33:26.663] [Netty Epoll Server IO #5/DEBUG] [net.minecraftforge.network.NetworkRegistry/NETREGISTRY]: Channel 'architectury:network' : Version test of '1' from client : ACCEPTED
[21Dec2025 15:33:26.663] [Netty Epoll Server IO #5/DEBUG] [net.minecraftforge.network.NetworkRegistry/NETREGISTRY]: Channel 'citadel:main_channel' : Version test of '1' from client : ACCEPTED
[21Dec2025 15:33:26.663] [Netty Epoll Server IO #5/DEBUG] [net.minecraftforge.network.NetworkRegistry/NETREGISTRY]: Channel 'obscure_api:obscure_api' : Version test of '1' from client : ACCEPTED
[21Dec2025 15:33:26.663] [Netty Epoll Server IO #5/DEBUG] [net.minecraftforge.network.NetworkRegistry/NETREGISTRY]: Channel 'curios:main' : Version test of '1' from client : ACCEPTED
[21Dec2025 15:33:26.663] [Netty Epoll Server IO #5/DEBUG] [net.minecraftforge.network.NetworkRegistry/NETREGISTRY]: Channel 'worldinfo:world_id' : Version test of '1' from client : ACCEPTED
[21Dec2025 15:33:26.663] [Netty Epoll Server IO #5/DEBUG] [net.minecraftforge.network.NetworkRegistry/NETREGISTRY]: Channel 'appleskin:sync' : Version test of '1' from client : ACCEPTED
[21Dec2025 15:33:26.663] [Netty Epoll Server IO #5/DEBUG] [net.minecraftforge.network.NetworkRegistry/NETREGISTRY]: Channel 'journeymap:mp_options_req' : Version test of '1' from client : ACCEPTED
[21Dec2025 15:33:26.663] [Netty Epoll Server IO #5/DEBUG] [net.minecraftforge.network.NetworkRegistry/NETREGISTRY]: Channel 'framework:handshake' : Version test of '1' from client : ACCEPTED
[21Dec2025 15:33:26.663] [Netty Epoll Server IO #5/DEBUG] [net.minecraftforge.network.NetworkRegistry/NETREGISTRY]: Channel 'fml:loginwrapper' : Version test of 'FML3' from client : ACCEPTED
[21Dec2025 15:33:26.663] [Netty Epoll Server IO #5/DEBUG] [net.minecraftforge.network.NetworkRegistry/NETREGISTRY]: Channel 'explorerscompass:explorerscompass' : Version test of '1.0' from client : ACCEPTED
[21Dec2025 15:33:26.663] [Netty Epoll Server IO #5/DEBUG] [net.minecraftforge.network.NetworkRegistry/NETREGISTRY]: Channel 'aquamirae:main' : Version test of '1' from client : ACCEPTED
[21Dec2025 15:33:26.663] [Netty Epoll Server IO #5/DEBUG] [net.minecraftforge.network.NetworkRegistry/NETREGISTRY]: Channel 'naturescompass:naturescompass' : Version test of '1.0' from client : ACCEPTED
[21Dec2025 15:33:26.663] [Netty Epoll Server IO #5/DEBUG] [net.minecraftforge.network.NetworkRegistry/NETREGISTRY]: Channel 'journeymap:admin_save' : Version test of '1' from client : ACCEPTED
[21Dec2025 15:33:26.663] [Netty Epoll Server IO #5/DEBUG] [net.minecraftforge.network.NetworkRegistry/NETREGISTRY]: Channel 'journeymap:player_loc' : Version test of '1' from client : ACCEPTED
[21Dec2025 15:33:26.663] [Netty Epoll Server IO #5/DEBUG] [net.minecraftforge.network.NetworkRegistry/NETREGISTRY]: Channel 'camera:default' : Version test of '1.0.0' from client : ACCEPTED
[21Dec2025 15:33:26.663] [Netty Epoll Server IO #5/DEBUG] [net.minecraftforge.network.NetworkRegistry/NETREGISTRY]: Channel 'sophisticatedcore:channel' : Version test of '1' from client : ACCEPTED
[21Dec2025 15:33:26.663] [Netty Epoll Server IO #5/DEBUG] [net.minecraftforge.network.NetworkRegistry/NETREGISTRY]: Channel 'gravestone:default' : Version test of '1.0.0' from client : ACCEPTED
[21Dec2025 15:33:26.663] [Netty Epoll Server IO #5/DEBUG] [net.minecraftforge.network.NetworkRegistry/NETREGISTRY]: Channel 'fml:handshake' : Version test of 'FML3' from client : ACCEPTED
[21Dec2025 15:33:26.663] [Netty Epoll Server IO #5/DEBUG] [net.minecraftforge.network.NetworkRegistry/NETREGISTRY]: Channel 'forge:split' : Version test of '1.1' from client : ACCEPTED
[21Dec2025 15:33:26.663] [Netty Epoll Server IO #5/DEBUG] [net.minecraftforge.network.NetworkRegistry/NETREGISTRY]: Channel 'journeymap:perm_req' : Version test of '1' from client : ACCEPTED
[21Dec2025 15:33:26.663] [Netty Epoll Server IO #5/DEBUG] [net.minecraftforge.network.NetworkRegistry/NETREGISTRY]: Channel 'waystones:network' : Version test of '1.0' from client : ACCEPTED
[21Dec2025 15:33:26.663] [Netty Epoll Server IO #5/DEBUG] [net.minecraftforge.network.NetworkRegistry/NETREGISTRY]: Accepting channel list from client
[21Dec2025 15:33:26.664] [Netty Epoll Server IO #5/DEBUG] [net.minecraftforge.network.HandshakeHandler/FMLHANDSHAKE]: Accepted client connection mod list
[21Dec2025 15:33:26.665] [Server thread/DEBUG] [net.minecraftforge.network.HandshakeHandler/FMLHANDSHAKE]: Sending ticking packet info 'Registry minecraft:command_argument_type' to 'fml:handshake' sequence 3
[21Dec2025 15:33:26.710] [Netty Epoll Server IO #5/DEBUG] [net.minecraftforge.network.LoginWrapper/FMLHANDSHAKE]: Recieved login wrapper packet event for channel fml:handshake with index 3
[21Dec2025 15:33:26.710] [Netty Epoll Server IO #5/DEBUG] [net.minecraftforge.network.HandshakeHandler/FMLHANDSHAKE]: Received client indexed reply 3 of type net.minecraftforge.network.HandshakeMessages$C2SAcknowledge
[21Dec2025 15:33:26.710] [Netty Epoll Server IO #5/DEBUG] [net.minecraftforge.network.HandshakeHandler/FMLHANDSHAKE]: Received acknowledgement from client
[21Dec2025 15:33:26.713] [Server thread/DEBUG] [net.minecraftforge.network.HandshakeHandler/FMLHANDSHAKE]: Sending ticking packet info 'Registry irons_spellbooks:schools' to 'fml:handshake' sequence 4
[21Dec2025 15:33:26.753] [Netty Epoll Server IO #5/DEBUG] [net.minecraftforge.network.LoginWrapper/FMLHANDSHAKE]: Recieved login wrapper packet event for channel fml:handshake with index 4
[21Dec2025 15:33:26.754] [Netty Epoll Server IO #5/DEBUG] [net.minecraftforge.network.HandshakeHandler/FMLHANDSHAKE]: Received client indexed reply 4 of type net.minecraftforge.network.HandshakeMessages$C2SAcknowledge
[21Dec2025 15:33:26.754] [Netty Epoll Server IO #5/DEBUG] [net.minecraftforge.network.HandshakeHandler/FMLHANDSHAKE]: Received acknowledgement from client
[21Dec2025 15:33:26.765] [Server thread/DEBUG] [net.minecraftforge.network.HandshakeHandler/FMLHANDSHAKE]: Sending ticking packet info 'Registry minecraft:villager_profession' to 'fml:handshake' sequence 5
[21Dec2025 15:33:26.812] [Netty Epoll Server IO #5/DEBUG] [net.minecraftforge.network.LoginWrapper/FMLHANDSHAKE]: Recieved login wrapper packet event for channel fml:handshake with index 5
[21Dec2025 15:33:26.812] [Netty Epoll Server IO #5/DEBUG] [net.minecraftforge.network.HandshakeHandler/FMLHANDSHAKE]: Received client indexed reply 5 of type net.minecraftforge.network.HandshakeMessages$C2SAcknowledge
[21Dec2025 15:33:26.812] [Netty Epoll Server IO #5/DEBUG] [net.minecraftforge.network.HandshakeHandler/FMLHANDSHAKE]: Received acknowledgement from client
[21Dec2025 15:33:26.814] [Server thread/DEBUG] [net.minecraftforge.network.HandshakeHandler/FMLHANDSHAKE]: Sending ticking packet info 'Registry minecraft:item' to 'fml:handshake' sequence 6
[21Dec2025 15:33:26.864] [Server thread/DEBUG] [net.minecraftforge.network.HandshakeHandler/FMLHANDSHAKE]: Sending ticking packet info 'Registry minecraft:potion' to 'fml:handshake' sequence 7
[21Dec2025 15:33:26.913] [Server thread/DEBUG] [net.minecraftforge.network.HandshakeHandler/FMLHANDSHAKE]: Sending ticking packet info 'Registry minecraft:block_entity_type' to 'fml:handshake' sequence 8
[21Dec2025 15:33:26.963] [Server thread/DEBUG] [net.minecraftforge.network.HandshakeHandler/FMLHANDSHAKE]: Sending ticking packet info 'Registry forge:display_contexts' to 'fml:handshake' sequence 9
[21Dec2025 15:33:27.013] [Server thread/DEBUG] [net.minecraftforge.network.HandshakeHandler/FMLHANDSHAKE]: Sending ticking packet info 'Registry fairylights:connection_type' to 'fml:handshake' sequence 10
[21Dec2025 15:33:27.030] [Netty Epoll Server IO #5/DEBUG] [net.minecraftforge.network.LoginWrapper/FMLHANDSHAKE]: Recieved login wrapper packet event for channel fml:handshake with index 6
[21Dec2025 15:33:27.030] [Netty Epoll Server IO #5/DEBUG] [net.minecraftforge.network.HandshakeHandler/FMLHANDSHAKE]: Received client indexed reply 6 of type net.minecraftforge.network.HandshakeMessages$C2SAcknowledge
[21Dec2025 15:33:27.030] [Netty Epoll Server IO #5/DEBUG] [net.minecraftforge.network.HandshakeHandler/FMLHANDSHAKE]: Received acknowledgement from client
[21Dec2025 15:33:27.030] [Netty Epoll Server IO #5/DEBUG] [net.minecraftforge.network.LoginWrapper/FMLHANDSHAKE]: Recieved login wrapper packet event for channel fml:handshake with index 7
[21Dec2025 15:33:27.030] [Netty Epoll Server IO #5/DEBUG] [net.minecraftforge.network.HandshakeHandler/FMLHANDSHAKE]: Received client indexed reply 7 of type net.minecraftforge.network.HandshakeMessages$C2SAcknowledge
[21Dec2025 15:33:27.030] [Netty Epoll Server IO #5/DEBUG] [net.minecraftforge.network.HandshakeHandler/FMLHANDSHAKE]: Received acknowledgement from client
[21Dec2025 15:33:27.031] [Netty Epoll Server IO #5/DEBUG] [net.minecraftforge.network.LoginWrapper/FMLHANDSHAKE]: Recieved login wrapper packet event for channel fml:handshake with index 8
[21Dec2025 15:33:27.031] [Netty Epoll Server IO #5/DEBUG] [net.minecraftforge.network.HandshakeHandler/FMLHANDSHAKE]: Received client indexed reply 8 of type net.minecraftforge.network.HandshakeMessages$C2SAcknowledge
[21Dec2025 15:33:27.031] [Netty Epoll Server IO #5/DEBUG] [net.minecraftforge.network.HandshakeHandler/FMLHANDSHAKE]: Received acknowledgement from client
[21Dec2025 15:33:27.031] [Netty Epoll Server IO #5/DEBUG] [net.minecraftforge.network.LoginWrapper/FMLHANDSHAKE]: Recieved login wrapper packet event for channel fml:handshake with index 9
[21Dec2025 15:33:27.031] [Netty Epoll Server IO #5/DEBUG] [net.minecraftforge.network.HandshakeHandler/FMLHANDSHAKE]: Received client indexed reply 9 of type net.minecraftforge.network.HandshakeMessages$C2SAcknowledge
[21Dec2025 15:33:27.031] [Netty Epoll Server IO #5/DEBUG] [net.minecraftforge.network.HandshakeHandler/FMLHANDSHAKE]: Received acknowledgement from client
[21Dec2025 15:33:27.052] [Netty Epoll Server IO #5/DEBUG] [net.minecraftforge.network.LoginWrapper/FMLHANDSHAKE]: Recieved login wrapper packet event for channel fml:handshake with index 10
[21Dec2025 15:33:27.052] [Netty Epoll Server IO #5/DEBUG] [net.minecraftforge.network.HandshakeHandler/FMLHANDSHAKE]: Received client indexed reply 10 of type net.minecraftforge.network.HandshakeMessages$C2SAcknowledge
[21Dec2025 15:33:27.052] [Netty Epoll Server IO #5/DEBUG] [net.minecraftforge.network.HandshakeHandler/FMLHANDSHAKE]: Received acknowledgement from client
[21Dec2025 15:33:27.062] [Server thread/DEBUG] [net.minecraftforge.network.HandshakeHandler/FMLHANDSHAKE]: Sending ticking packet info 'Registry irons_spellbooks:spells' to 'fml:handshake' sequence 11
[21Dec2025 15:33:27.104] [Netty Epoll Server IO #5/DEBUG] [net.minecraftforge.network.LoginWrapper/FMLHANDSHAKE]: Recieved login wrapper packet event for channel fml:handshake with index 11
[21Dec2025 15:33:27.104] [Netty Epoll Server IO #5/DEBUG] [net.minecraftforge.network.HandshakeHandler/FMLHANDSHAKE]: Received client indexed reply 11 of type net.minecraftforge.network.HandshakeMessages$C2SAcknowledge
[21Dec2025 15:33:27.104] [Netty Epoll Server IO #5/DEBUG] [net.minecraftforge.network.HandshakeHandler/FMLHANDSHAKE]: Received acknowledgement from client
[21Dec2025 15:33:27.113] [Server thread/DEBUG] [net.minecraftforge.network.HandshakeHandler/FMLHANDSHAKE]: Sending ticking packet info 'Registry minecraft:stat_type' to 'fml:handshake' sequence 12
[21Dec2025 15:33:27.154] [Netty Epoll Server IO #5/DEBUG] [net.minecraftforge.network.LoginWrapper/FMLHANDSHAKE]: Recieved login wrapper packet event for channel fml:handshake with index 12
[21Dec2025 15:33:27.155] [Netty Epoll Server IO #5/DEBUG] [net.minecraftforge.network.HandshakeHandler/FMLHANDSHAKE]: Received client indexed reply 12 of type net.minecraftforge.network.HandshakeMessages$C2SAcknowledge
[21Dec2025 15:33:27.155] [Netty Epoll Server IO #5/DEBUG] [net.minecraftforge.network.HandshakeHandler/FMLHANDSHAKE]: Received acknowledgement from client
[21Dec2025 15:33:27.163] [Server thread/DEBUG] [net.minecraftforge.network.HandshakeHandler/FMLHANDSHAKE]: Sending ticking packet info 'Registry slashblade:combo_state' to 'fml:handshake' sequence 13
[21Dec2025 15:33:27.205] [Netty Epoll Server IO #5/DEBUG] [net.minecraftforge.network.LoginWrapper/FMLHANDSHAKE]: Recieved login wrapper packet event for channel fml:handshake with index 13
[21Dec2025 15:33:27.205] [Netty Epoll Server IO #5/DEBUG] [net.minecraftforge.network.HandshakeHandler/FMLHANDSHAKE]: Received client indexed reply 13 of type net.minecraftforge.network.HandshakeMessages$C2SAcknowledge
[21Dec2025 15:33:27.205] [Netty Epoll Server IO #5/DEBUG] [net.minecraftforge.network.HandshakeHandler/FMLHANDSHAKE]: Received acknowledgement from client
[21Dec2025 15:33:27.214] [Server thread/DEBUG] [net.minecraftforge.network.HandshakeHandler/FMLHANDSHAKE]: Sending ticking packet info 'Registry minecraft:menu' to 'fml:handshake' sequence 14
[21Dec2025 15:33:27.255] [Netty Epoll Server IO #5/DEBUG] [net.minecraftforge.network.LoginWrapper/FMLHANDSHAKE]: Recieved login wrapper packet event for channel fml:handshake with index 14
[21Dec2025 15:33:27.255] [Netty Epoll Server IO #5/DEBUG] [net.minecraftforge.network.HandshakeHandler/FMLHANDSHAKE]: Received client indexed reply 14 of type net.minecraftforge.network.HandshakeMessages$C2SAcknowledge
[21Dec2025 15:33:27.255] [Netty Epoll Server IO #5/DEBUG] [net.minecraftforge.network.HandshakeHandler/FMLHANDSHAKE]: Received acknowledgement from client
[21Dec2025 15:33:27.262] [Server thread/DEBUG] [net.minecraftforge.network.HandshakeHandler/FMLHANDSHAKE]: Sending ticking packet info 'Registry minecraft:fluid' to 'fml:handshake' sequence 15
[21Dec2025 15:33:27.302] [Netty Epoll Server IO #5/DEBUG] [net.minecraftforge.network.LoginWrapper/FMLHANDSHAKE]: Recieved login wrapper packet event for channel fml:handshake with index 15
[21Dec2025 15:33:27.302] [Netty Epoll Server IO #5/DEBUG] [net.minecraftforge.network.HandshakeHandler/FMLHANDSHAKE]: Received client indexed reply 15 of type net.minecraftforge.network.HandshakeMessages$C2SAcknowledge
[21Dec2025 15:33:27.303] [Netty Epoll Server IO #5/DEBUG] [net.minecraftforge.network.HandshakeHandler/FMLHANDSHAKE]: Received acknowledgement from client
[21Dec2025 15:33:27.313] [Server thread/DEBUG] [net.minecraftforge.network.HandshakeHandler/FMLHANDSHAKE]: Sending ticking packet info 'Registry minecraft:recipe_serializer' to 'fml:handshake' sequence 16
[21Dec2025 15:33:27.357] [Netty Epoll Server IO #5/DEBUG] [net.minecraftforge.network.LoginWrapper/FMLHANDSHAKE]: Recieved login wrapper packet event for channel fml:handshake with index 16
[21Dec2025 15:33:27.357] [Netty Epoll Server IO #5/DEBUG] [net.minecraftforge.network.HandshakeHandler/FMLHANDSHAKE]: Received client indexed reply 16 of type net.minecraftforge.network.HandshakeMessages$C2SAcknowledge
[21Dec2025 15:33:27.357] [Netty Epoll Server IO #5/DEBUG] [net.minecraftforge.network.HandshakeHandler/FMLHANDSHAKE]: Received acknowledgement from client
[21Dec2025 15:33:27.363] [Server thread/DEBUG] [net.minecraftforge.network.HandshakeHandler/FMLHANDSHAKE]: Sending ticking packet info 'Registry minecraft:sound_event' to 'fml:handshake' sequence 17
[21Dec2025 15:33:27.413] [Server thread/DEBUG] [net.minecraftforge.network.HandshakeHandler/FMLHANDSHAKE]: Sending ticking packet info 'Registry minecraft:particle_type' to 'fml:handshake' sequence 18
[21Dec2025 15:33:27.426] [Netty Epoll Server IO #5/DEBUG] [net.minecraftforge.network.LoginWrapper/FMLHANDSHAKE]: Recieved login wrapper packet event for channel fml:handshake with index 17
[21Dec2025 15:33:27.426] [Netty Epoll Server IO #5/DEBUG] [net.minecraftforge.network.HandshakeHandler/FMLHANDSHAKE]: Received client indexed reply 17 of type net.minecraftforge.network.HandshakeMessages$C2SAcknowledge
[21Dec2025 15:33:27.426] [Netty Epoll Server IO #5/DEBUG] [net.minecraftforge.network.HandshakeHandler/FMLHANDSHAKE]: Received acknowledgement from client
[21Dec2025 15:33:27.449] [Netty Epoll Server IO #5/DEBUG] [net.minecraftforge.network.LoginWrapper/FMLHANDSHAKE]: Recieved login wrapper packet event for channel fml:handshake with index 18
[21Dec2025 15:33:27.449] [Netty Epoll Server IO #5/DEBUG] [net.minecraftforge.network.HandshakeHandler/FMLHANDSHAKE]: Received client indexed reply 18 of type net.minecraftforge.network.HandshakeMessages$C2SAcknowledge
[21Dec2025 15:33:27.449] [Netty Epoll Server IO #5/DEBUG] [net.minecraftforge.network.HandshakeHandler/FMLHANDSHAKE]: Received acknowledgement from client
[21Dec2025 15:33:27.462] [Server thread/DEBUG] [net.minecraftforge.network.HandshakeHandler/FMLHANDSHAKE]: Sending ticking packet info 'Registry minecraft:painting_variant' to 'fml:handshake' sequence 19
[21Dec2025 15:33:27.498] [Netty Epoll Server IO #5/DEBUG] [net.minecraftforge.network.LoginWrapper/FMLHANDSHAKE]: Recieved login wrapper packet event for channel fml:handshake with index 19
[21Dec2025 15:33:27.498] [Netty Epoll Server IO #5/DEBUG] [net.minecraftforge.network.HandshakeHandler/FMLHANDSHAKE]: Received client indexed reply 19 of type net.minecraftforge.network.HandshakeMessages$C2SAcknowledge
[21Dec2025 15:33:27.498] [Netty Epoll Server IO #5/DEBUG] [net.minecraftforge.network.HandshakeHandler/FMLHANDSHAKE]: Received acknowledgement from client
[21Dec2025 15:33:27.512] [Server thread/DEBUG] [net.minecraftforge.network.HandshakeHandler/FMLHANDSHAKE]: Sending ticking packet info 'Registry forge:fluid_type' to 'fml:handshake' sequence 20
[21Dec2025 15:33:27.547] [Netty Epoll Server IO #5/DEBUG] [net.minecraftforge.network.LoginWrapper/FMLHANDSHAKE]: Recieved login wrapper packet event for channel fml:handshake with index 20
[21Dec2025 15:33:27.547] [Netty Epoll Server IO #5/DEBUG] [net.minecraftforge.network.HandshakeHandler/FMLHANDSHAKE]: Received client indexed reply 20 of type net.minecraftforge.network.HandshakeMessages$C2SAcknowledge
[21Dec2025 15:33:27.547] [Netty Epoll Server IO #5/DEBUG] [net.minecraftforge.network.HandshakeHandler/FMLHANDSHAKE]: Received acknowledgement from client
[21Dec2025 15:33:27.562] [Server thread/DEBUG] [net.minecraftforge.network.HandshakeHandler/FMLHANDSHAKE]: Sending ticking packet info 'Registry minecraft:block' to 'fml:handshake' sequence 21
[21Dec2025 15:33:27.613] [Server thread/DEBUG] [net.minecraftforge.network.HandshakeHandler/FMLHANDSHAKE]: Sending ticking packet info 'Registry forge:entity_data_serializers' to 'fml:handshake' sequence 22
[21Dec2025 15:33:27.659] [Netty Epoll Server IO #5/DEBUG] [net.minecraftforge.network.LoginWrapper/FMLHANDSHAKE]: Recieved login wrapper packet event for channel fml:handshake with index 21
[21Dec2025 15:33:27.659] [Netty Epoll Server IO #5/DEBUG] [net.minecraftforge.network.HandshakeHandler/FMLHANDSHAKE]: Received client indexed reply 21 of type net.minecraftforge.network.HandshakeMessages$C2SAcknowledge
[21Dec2025 15:33:27.659] [Netty Epoll Server IO #5/DEBUG] [net.minecraftforge.network.HandshakeHandler/FMLHANDSHAKE]: Received acknowledgement from client
[21Dec2025 15:33:27.659] [Netty Epoll Server IO #5/DEBUG] [net.minecraftforge.network.LoginWrapper/FMLHANDSHAKE]: Recieved login wrapper packet event for channel fml:handshake with index 22
[21Dec2025 15:33:27.659] [Netty Epoll Server IO #5/DEBUG] [net.minecraftforge.network.HandshakeHandler/FMLHANDSHAKE]: Received client indexed reply 22 of type net.minecraftforge.network.HandshakeMessages$C2SAcknowledge
[21Dec2025 15:33:27.659] [Netty Epoll Server IO #5/DEBUG] [net.minecraftforge.network.HandshakeHandler/FMLHANDSHAKE]: Received acknowledgement from client
[21Dec2025 15:33:27.663] [Server thread/DEBUG] [net.minecraftforge.network.HandshakeHandler/FMLHANDSHAKE]: Sending ticking packet info 'Registry fairylights:string_type' to 'fml:handshake' sequence 23
[21Dec2025 15:33:27.712] [Server thread/DEBUG] [net.minecraftforge.network.HandshakeHandler/FMLHANDSHAKE]: Sending ticking packet info 'Registry minecraft:mob_effect' to 'fml:handshake' sequence 24
[21Dec2025 15:33:27.762] [Server thread/DEBUG] [net.minecraftforge.network.HandshakeHandler/FMLHANDSHAKE]: Sending ticking packet info 'Registry slashblade:special_effect' to 'fml:handshake' sequence 25
[21Dec2025 15:33:27.781] [Netty Epoll Server IO #5/DEBUG] [net.minecraftforge.network.LoginWrapper/FMLHANDSHAKE]: Recieved login wrapper packet event for channel fml:handshake with index 23
[21Dec2025 15:33:27.781] [Netty Epoll Server IO #5/DEBUG] [net.minecraftforge.network.HandshakeHandler/FMLHANDSHAKE]: Received client indexed reply 23 of type net.minecraftforge.network.HandshakeMessages$C2SAcknowledge
[21Dec2025 15:33:27.781] [Netty Epoll Server IO #5/DEBUG] [net.minecraftforge.network.HandshakeHandler/FMLHANDSHAKE]: Received acknowledgement from client
[21Dec2025 15:33:27.781] [Netty Epoll Server IO #5/DEBUG] [net.minecraftforge.network.LoginWrapper/FMLHANDSHAKE]: Recieved login wrapper packet event for channel fml:handshake with index 24
[21Dec2025 15:33:27.781] [Netty Epoll Server IO #5/DEBUG] [net.minecraftforge.network.HandshakeHandler/FMLHANDSHAKE]: Received client indexed reply 24 of type net.minecraftforge.network.HandshakeMessages$C2SAcknowledge
[21Dec2025 15:33:27.782] [Netty Epoll Server IO #5/DEBUG] [net.minecraftforge.network.HandshakeHandler/FMLHANDSHAKE]: Received acknowledgement from client
[21Dec2025 15:33:27.797] [Netty Epoll Server IO #5/DEBUG] [net.minecraftforge.network.LoginWrapper/FMLHANDSHAKE]: Recieved login wrapper packet event for channel fml:handshake with index 25
[21Dec2025 15:33:27.797] [Netty Epoll Server IO #5/DEBUG] [net.minecraftforge.network.HandshakeHandler/FMLHANDSHAKE]: Received client indexed reply 25 of type net.minecraftforge.network.HandshakeMessages$C2SAcknowledge
[21Dec2025 15:33:27.797] [Netty Epoll Server IO #5/DEBUG] [net.minecraftforge.network.HandshakeHandler/FMLHANDSHAKE]: Received acknowledgement from client
[21Dec2025 15:33:27.812] [Server thread/DEBUG] [net.minecraftforge.network.HandshakeHandler/FMLHANDSHAKE]: Sending ticking packet info 'Registry minecraft:enchantment' to 'fml:handshake' sequence 26
[21Dec2025 15:33:27.850] [Netty Epoll Server IO #5/DEBUG] [net.minecraftforge.network.LoginWrapper/FMLHANDSHAKE]: Recieved login wrapper packet event for channel fml:handshake with index 26
[21Dec2025 15:33:27.850] [Netty Epoll Server IO #5/DEBUG] [net.minecraftforge.network.HandshakeHandler/FMLHANDSHAKE]: Received client indexed reply 26 of type net.minecraftforge.network.HandshakeMessages$C2SAcknowledge
[21Dec2025 15:33:27.850] [Netty Epoll Server IO #5/DEBUG] [net.minecraftforge.network.HandshakeHandler/FMLHANDSHAKE]: Received acknowledgement from client
[21Dec2025 15:33:27.860] [Server thread/DEBUG] [net.minecraftforge.network.HandshakeHandler/FMLHANDSHAKE]: Sending ticking packet info 'Registry slashblade:slash_arts' to 'fml:handshake' sequence 27
[21Dec2025 15:33:27.894] [Netty Epoll Server IO #5/DEBUG] [net.minecraftforge.network.LoginWrapper/FMLHANDSHAKE]: Recieved login wrapper packet event for channel fml:handshake with index 27
[21Dec2025 15:33:27.894] [Netty Epoll Server IO #5/DEBUG] [net.minecraftforge.network.HandshakeHandler/FMLHANDSHAKE]: Received client indexed reply 27 of type net.minecraftforge.network.HandshakeMessages$C2SAcknowledge
[21Dec2025 15:33:27.895] [Netty Epoll Server IO #5/DEBUG] [net.minecraftforge.network.HandshakeHandler/FMLHANDSHAKE]: Received acknowledgement from client
[21Dec2025 15:33:27.915] [Server thread/DEBUG] [net.minecraftforge.network.HandshakeHandler/FMLHANDSHAKE]: Sending ticking packet info 'Registry minecraft:entity_type' to 'fml:handshake' sequence 28
[21Dec2025 15:33:27.961] [Server thread/DEBUG] [net.minecraftforge.network.HandshakeHandler/FMLHANDSHAKE]: Sending ticking packet info 'Config camera-server.toml' to 'fml:handshake' sequence 29
[21Dec2025 15:33:28.010] [Server thread/DEBUG] [net.minecraftforge.network.HandshakeHandler/FMLHANDSHAKE]: Sending ticking packet info 'Config journeymap-server.toml' to 'fml:handshake' sequence 30
[21Dec2025 15:33:28.061] [Server thread/DEBUG] [net.minecraftforge.network.HandshakeHandler/FMLHANDSHAKE]: Sending ticking packet info 'Config curios-server.toml' to 'fml:handshake' sequence 31
[21Dec2025 15:33:28.110] [Server thread/DEBUG] [net.minecraftforge.network.HandshakeHandler/FMLHANDSHAKE]: Sending ticking packet info 'Config irons_spellbooks-server.toml' to 'fml:handshake' sequence 32
[21Dec2025 15:33:28.160] [Server thread/DEBUG] [net.minecraftforge.network.HandshakeHandler/FMLHANDSHAKE]: Sending ticking packet info 'Config gravestone-server.toml' to 'fml:handshake' sequence 33
[21Dec2025 15:33:28.211] [Server thread/DEBUG] [net.minecraftforge.network.HandshakeHandler/FMLHANDSHAKE]: Sending ticking packet info 'Config sophisticatedbackpacks-server.toml' to 'fml:handshake' sequence 34
[21Dec2025 15:33:28.260] [Server thread/DEBUG] [net.minecraftforge.network.HandshakeHandler/FMLHANDSHAKE]: Sending ticking packet info 'Config jei-server.toml' to 'fml:handshake' sequence 35
[21Dec2025 15:33:28.310] [Server thread/DEBUG] [net.minecraftforge.network.HandshakeHandler/FMLHANDSHAKE]: Sending ticking packet info 'Config beautify-server.toml' to 'fml:handshake' sequence 36
[21Dec2025 15:33:28.360] [Server thread/DEBUG] [net.minecraftforge.network.HandshakeHandler/FMLHANDSHAKE]: Sending ticking packet info 'Config forge-server.toml' to 'fml:handshake' sequence 37
[21Dec2025 15:33:30.709] [Netty Epoll Server IO #5/DEBUG] [net.minecraftforge.network.LoginWrapper/FMLHANDSHAKE]: Recieved login wrapper packet event for channel fml:handshake with index 28
[21Dec2025 15:33:30.709] [Netty Epoll Server IO #5/DEBUG] [net.minecraftforge.network.HandshakeHandler/FMLHANDSHAKE]: Received client indexed reply 28 of type net.minecraftforge.network.HandshakeMessages$C2SAcknowledge
[21Dec2025 15:33:30.709] [Netty Epoll Server IO #5/DEBUG] [net.minecraftforge.network.HandshakeHandler/FMLHANDSHAKE]: Received acknowledgement from client
[21Dec2025 15:33:30.709] [Netty Epoll Server IO #5/DEBUG] [net.minecraftforge.network.LoginWrapper/FMLHANDSHAKE]: Recieved login wrapper packet event for channel fml:handshake with index 29
[21Dec2025 15:33:30.709] [Netty Epoll Server IO #5/DEBUG] [net.minecraftforge.network.HandshakeHandler/FMLHANDSHAKE]: Received client indexed reply 29 of type net.minecraftforge.network.HandshakeMessages$C2SAcknowledge
[21Dec2025 15:33:30.710] [Netty Epoll Server IO #5/DEBUG] [net.minecraftforge.network.HandshakeHandler/FMLHANDSHAKE]: Received acknowledgement from client
[21Dec2025 15:33:30.711] [Netty Epoll Server IO #5/DEBUG] [net.minecraftforge.network.LoginWrapper/FMLHANDSHAKE]: Recieved login wrapper packet event for channel fml:handshake with index 30
[21Dec2025 15:33:30.711] [Netty Epoll Server IO #5/DEBUG] [net.minecraftforge.network.HandshakeHandler/FMLHANDSHAKE]: Received client indexed reply 30 of type net.minecraftforge.network.HandshakeMessages$C2SAcknowledge
[21Dec2025 15:33:30.711] [Netty Epoll Server IO #5/DEBUG] [net.minecraftforge.network.HandshakeHandler/FMLHANDSHAKE]: Received acknowledgement from client
[21Dec2025 15:33:30.712] [Netty Epoll Server IO #5/DEBUG] [net.minecraftforge.network.LoginWrapper/FMLHANDSHAKE]: Recieved login wrapper packet event for channel fml:handshake with index 31
[21Dec2025 15:33:30.712] [Netty Epoll Server IO #5/DEBUG] [net.minecraftforge.network.HandshakeHandler/FMLHANDSHAKE]: Received client indexed reply 31 of type net.minecraftforge.network.HandshakeMessages$C2SAcknowledge
[21Dec2025 15:33:30.712] [Netty Epoll Server IO #5/DEBUG] [net.minecraftforge.network.HandshakeHandler/FMLHANDSHAKE]: Received acknowledgement from client
[21Dec2025 15:33:30.715] [Netty Epoll Server IO #5/DEBUG] [net.minecraftforge.network.LoginWrapper/FMLHANDSHAKE]: Recieved login wrapper packet event for channel fml:handshake with index 32
[21Dec2025 15:33:30.715] [Netty Epoll Server IO #5/DEBUG] [net.minecraftforge.network.HandshakeHandler/FMLHANDSHAKE]: Received client indexed reply 32 of type net.minecraftforge.network.HandshakeMessages$C2SAcknowledge
[21Dec2025 15:33:30.715] [Netty Epoll Server IO #5/DEBUG] [net.minecraftforge.network.HandshakeHandler/FMLHANDSHAKE]: Received acknowledgement from client
[21Dec2025 15:33:30.717] [Netty Epoll Server IO #5/DEBUG] [net.minecraftforge.network.LoginWrapper/FMLHANDSHAKE]: Recieved login wrapper packet event for channel fml:handshake with index 33
[21Dec2025 15:33:30.718] [Netty Epoll Server IO #5/DEBUG] [net.minecraftforge.network.HandshakeHandler/FMLHANDSHAKE]: Received client indexed reply 33 of type net.minecraftforge.network.HandshakeMessages$C2SAcknowledge
[21Dec2025 15:33:30.718] [Netty Epoll Server IO #5/DEBUG] [net.minecraftforge.network.HandshakeHandler/FMLHANDSHAKE]: Received acknowledgement from client
[21Dec2025 15:33:30.720] [Netty Epoll Server IO #5/DEBUG] [net.minecraftforge.network.LoginWrapper/FMLHANDSHAKE]: Recieved login wrapper packet event for channel fml:handshake with index 34
[21Dec2025 15:33:30.720] [Netty Epoll Server IO #5/DEBUG] [net.minecraftforge.network.HandshakeHandler/FMLHANDSHAKE]: Received client indexed reply 34 of type net.minecraftforge.network.HandshakeMessages$C2SAcknowledge
[21Dec2025 15:33:30.720] [Netty Epoll Server IO #5/DEBUG] [net.minecraftforge.network.HandshakeHandler/FMLHANDSHAKE]: Received acknowledgement from client
[21Dec2025 15:33:30.720] [Netty Epoll Server IO #5/DEBUG] [net.minecraftforge.network.LoginWrapper/FMLHANDSHAKE]: Recieved login wrapper packet event for channel fml:handshake with index 35
[21Dec2025 15:33:30.720] [Netty Epoll Server IO #5/DEBUG] [net.minecraftforge.network.HandshakeHandler/FMLHANDSHAKE]: Received client indexed reply 35 of type net.minecraftforge.network.HandshakeMessages$C2SAcknowledge
[21Dec2025 15:33:30.720] [Netty Epoll Server IO #5/DEBUG] [net.minecraftforge.network.HandshakeHandler/FMLHANDSHAKE]: Received acknowledgement from client
[21Dec2025 15:33:30.720] [Netty Epoll Server IO #5/DEBUG] [net.minecraftforge.network.LoginWrapper/FMLHANDSHAKE]: Recieved login wrapper packet event for channel fml:handshake with index 36
[21Dec2025 15:33:30.721] [Netty Epoll Server IO #5/DEBUG] [net.minecraftforge.network.HandshakeHandler/FMLHANDSHAKE]: Received client indexed reply 36 of type net.minecraftforge.network.HandshakeMessages$C2SAcknowledge
[21Dec2025 15:33:30.721] [Netty Epoll Server IO #5/DEBUG] [net.minecraftforge.network.HandshakeHandler/FMLHANDSHAKE]: Received acknowledgement from client
[21Dec2025 15:33:30.722] [Netty Epoll Server IO #5/DEBUG] [net.minecraftforge.network.LoginWrapper/FMLHANDSHAKE]: Recieved login wrapper packet event for channel fml:handshake with index 37
[21Dec2025 15:33:30.722] [Netty Epoll Server IO #5/DEBUG] [net.minecraftforge.network.HandshakeHandler/FMLHANDSHAKE]: Received client indexed reply 37 of type net.minecraftforge.network.HandshakeMessages$C2SAcknowledge
[21Dec2025 15:33:30.722] [Netty Epoll Server IO #5/DEBUG] [net.minecraftforge.network.HandshakeHandler/FMLHANDSHAKE]: Received acknowledgement from client
[21Dec2025 15:33:30.761] [Server thread/DEBUG] [net.minecraftforge.network.HandshakeHandler/FMLHANDSHAKE]: Handshake complete!
[21Dec2025 15:33:30.814] [Server thread/DEBUG] [mixin/]: Mixing gameplay.ItemCooldownsAccessor from the_bumblezone-common.mixins.json into net.minecraft.world.item.ItemCooldowns
[21Dec2025 15:33:30.833] [Server thread/DEBUG] [mixin/]: Mixing FoodDataMixin from alexscaves.mixins.json into net.minecraft.world.food.FoodData
[21Dec2025 15:33:30.848] [Server thread/DEBUG] [mixin/]: Mixing entities.PlayerAdvancementsAccessor from the_bumblezone-common.mixins.json into net.minecraft.server.PlayerAdvancements
[21Dec2025 15:33:31.001] [Server thread/INFO] [net.minecraft.server.players.PlayerList/]: leo_carbajo[/100.119.211.58:64630] logged in with entity id 127 at (168.30000001192093, 82.9375, 837.9154466936933)
[21Dec2025 15:33:31.012] [Server thread/DEBUG] [net.minecraftforge.network.filters.NetworkFilters/]: Injected net.minecraftforge.network.filters.ForgeConnectionNetworkFilter@2e20534e into net.minecraft.network.Connection@1ea04627
[21Dec2025 15:33:31.140] [Server thread/INFO] [net.minecraft.server.MinecraftServer/]: leo_carbajo joined the game
[21Dec2025 15:33:31.158] [Server thread/DEBUG] [mixin/]: Mixing loot.LootParamsMixin from the_bumblezone-common.mixins.json into net.minecraft.world.level.storage.loot.LootParams
[21Dec2025 15:33:34.243] [Server thread/WARN] [net.minecraft.server.MinecraftServer/]: Can't keep up! Is the server overloaded? Running 3331ms or 66 ticks behind
[21Dec2025 15:33:45.808] [Server thread/DEBUG] [mixin/]: Mixing entities.FlyNodeEvaluatorMixin from the_bumblezone-common.mixins.json into net.minecraft.world.level.pathfinder.FlyNodeEvaluator
[21Dec2025 15:33:58.727] [Worker-Main-1/DEBUG] [mixin/]: Mixing world.NoiseChunkAccessor from the_bumblezone-common.mixins.json into net.minecraft.world.level.levelgen.NoiseChunk
[21Dec2025 15:33:58.727] [Worker-Main-1/DEBUG] [mixin/]: Mixing world.NoiseChunkMixin from the_bumblezone-common.mixins.json into net.minecraft.world.level.levelgen.NoiseChunk
[21Dec2025 15:33:58.728] [Worker-Main-1/DEBUG] [mixin/]: Renaming synthetic method lambda$injectWrapNew$1()Lnet/minecraft/world/level/biome/Climate$Sampler; to md6dd064$lambda$injectWrapNew$1$0 in the_bumblezone-common.mixins.json:world.NoiseChunkMixin
[21Dec2025 15:33:58.728] [Worker-Main-1/DEBUG] [mixin/]: Renaming synthetic method lambda$injectWrapNew$0()Lnet/minecraft/world/level/biome/BiomeSource; to md6dd064$lambda$injectWrapNew$0$1 in the_bumblezone-common.mixins.json:world.NoiseChunkMixin
[21Dec2025 15:33:59.428] [Worker-Main-2/DEBUG] [mixin/]: Mixing ChunkRegionAccessor from graveyard-common.mixins.json into net.minecraft.server.level.WorldGenRegion
[21Dec2025 15:33:59.428] [Worker-Main-2/DEBUG] [mixin/]: Mixing WorldGenRegionAccessor from cataclysm.mixins.json into net.minecraft.server.level.WorldGenRegion
[21Dec2025 15:33:59.428] [Worker-Main-2/DEBUG] [mixin/]: Mixing world.WorldGenRegionAccessor from the_bumblezone-common.mixins.json into net.minecraft.server.level.WorldGenRegion
[21Dec2025 15:34:00.020] [Worker-Main-2/DEBUG] [mixin/]: Mixing BeardifierMixin from yungsapi.mixins.json into net.minecraft.world.level.levelgen.Beardifier
[21Dec2025 15:34:00.025] [Worker-Main-2/DEBUG] [mixin/]: Mixing accessor.BeardifierAccessor from yungsapi.mixins.json into net.minecraft.world.level.levelgen.Beardifier
[21Dec2025 15:34:00.025] [Worker-Main-2/DEBUG] [mixin/]: Mixing accessor.BeardifierAccessor from cataclysm.mixins.json into net.minecraft.world.level.levelgen.Beardifier
[21Dec2025 15:34:00.026] [Worker-Main-2/DEBUG] [mixin/]: Mixing BeardifierMixin from mixins.irons_spellbooks.json into net.minecraft.world.level.levelgen.Beardifier
[21Dec2025 15:34:00.043] [Worker-Main-2/DEBUG] [mixin/]: Unexpected: Registered method getJunctionIterator()Lit/unimi/dsi/fastutil/objects/ObjectListIterator; in net.minecraft.world.level.levelgen.Beardifier was not merged
[21Dec2025 15:34:00.045] [Worker-Main-2/DEBUG] [mixin/]: Unexpected: Registered method getPieceIterator()Lit/unimi/dsi/fastutil/objects/ObjectListIterator; in net.minecraft.world.level.levelgen.Beardifier was not merged
[21Dec2025 15:34:11.448] [Server thread/DEBUG] [mixin/]: Mixing swimming.FallLocationMixin from expandability-common.mixins.json into net.minecraft.world.damagesource.FallLocation
[21Dec2025 15:34:58.701] [Netty Epoll Server IO #7/DEBUG] [net.minecraftforge.network.HandshakeHandler/FMLHANDSHAKE]: Starting new modded impl connection. Found 38 messages to dispatch.
[21Dec2025 15:34:58.746] [Server thread/DEBUG] [net.minecraftforge.network.HandshakeHandler/FMLHANDSHAKE]: Sending ticking packet info 'FrameworkConfig refurbished_furniture:server' to 'framework:handshake' sequence 0
[21Dec2025 15:34:58.780] [Server thread/DEBUG] [net.minecraftforge.network.HandshakeHandler/FMLHANDSHAKE]: Sending ticking packet info 'net.minecraftforge.network.HandshakeMessages$S2CModData' to 'fml:handshake' sequence 1
[21Dec2025 15:34:58.807] [Netty Epoll Server IO #7/DEBUG] [net.minecraftforge.network.LoginWrapper/FMLHANDSHAKE]: Recieved login wrapper packet event for channel framework:handshake with index 0
[21Dec2025 15:34:58.807] [Netty Epoll Server IO #7/DEBUG] [net.minecraftforge.network.HandshakeHandler/FMLHANDSHAKE]: Received client indexed reply 0 of type com.mrcrayfish.framework.api.network.message.HandshakeMessage$Acknowledge
[21Dec2025 15:34:58.807] [Netty Epoll Server IO #7/DEBUG] [Framework/FRAMEWORK_HANDSHAKE]: Received acknowledgement from client
[21Dec2025 15:34:58.840] [Server thread/DEBUG] [net.minecraftforge.network.HandshakeHandler/FMLHANDSHAKE]: Sending ticking packet info 'net.minecraftforge.network.HandshakeMessages$S2CModList' to 'fml:handshake' sequence 2
[21Dec2025 15:34:58.882] [Netty Epoll Server IO #7/DEBUG] [net.minecraftforge.network.LoginWrapper/FMLHANDSHAKE]: Recieved login wrapper packet event for channel fml:handshake with index 2
[21Dec2025 15:34:58.882] [Netty Epoll Server IO #7/DEBUG] [net.minecraftforge.network.HandshakeHandler/FMLHANDSHAKE]: Received client indexed reply 2 of type net.minecraftforge.network.HandshakeMessages$C2SModListReply
[21Dec2025 15:34:58.883] [Netty Epoll Server IO #7/DEBUG] [net.minecraftforge.network.HandshakeHandler/FMLHANDSHAKE]: Received client connection with modlist [treechop, easy_npc, mowziesmobs, kuma_api, animation_overhaul, geckolib, beautify, playeranimator, jei, graveyard, slashblade, libraryferret, goblintraders, mcwwindows, caelus, stalwart_dungeons, obscure_api, sophisticatedcore, waystones, journeymap, citadel, naturescompass, artifacts, yungsapi, mixinextras, call_of_yucutan, redeco, sophisticatedbackpacks, relics, explorerscompass, balm, jeresources, watut, cloth_config, forge, travelerstitles, slashblade_addon, tlskincape, konkrete, embeddium, rubidium, athena, minecraft, farmersdelight, vanillaplustools, torchmaster, handcrafted, alexscaves, terrablender, necronomicon, biomesoplenty, creativecore, supermartijn642corelib, fairylights, lionfishapi, portablemobs, ribbits, cataclysm, curios, oculus, gravestone, camera, irons_spellbooks, bettervillage, resourcefullib, coroutil, fennecfox, architectury, octolib, furniture, doapi, terraform, bakery, vinery, appleskin, mcwfurnitures, chimes, refurbished_furniture, justzoom, the_bumblezone, framework, cosmeticarmorreworked, expandability, aquamirae]
[21Dec2025 15:34:58.883] [Netty Epoll Server IO #7/DEBUG] [net.minecraftforge.network.NetworkRegistry/NETREGISTRY]: Channel 'watut:main' : Version test of '4' from client : ACCEPTED
[21Dec2025 15:34:58.883] [Netty Epoll Server IO #7/DEBUG] [net.minecraftforge.network.NetworkRegistry/NETREGISTRY]: Channel 'easy_npc:network' : Version test of '21' from client : ACCEPTED
[21Dec2025 15:34:58.883] [Netty Epoll Server IO #7/DEBUG] [net.minecraftforge.network.NetworkRegistry/NETREGISTRY]: Channel 'alexscaves:main_channel' : Version test of '1' from client : ACCEPTED
[21Dec2025 15:34:58.883] [Netty Epoll Server IO #7/DEBUG] [net.minecraftforge.network.NetworkRegistry/NETREGISTRY]: Channel 'the_bumblezone:networking' : Version test of '7.6.8+1.20.1-forge' from client : ACCEPTED
[21Dec2025 15:34:58.883] [Netty Epoll Server IO #7/DEBUG] [net.minecraftforge.network.NetworkRegistry/NETREGISTRY]: Channel 'vanillaplustools:net-channel' : Version test of '1.0' from client : ACCEPTED
[21Dec2025 15:34:58.883] [Netty Epoll Server IO #7/DEBUG] [net.minecraftforge.network.NetworkRegistry/NETREGISTRY]: Channel 'jei:channel' : Version test of '1.0.0' from client : ACCEPTED
[21Dec2025 15:34:58.883] [Netty Epoll Server IO #7/DEBUG] [net.minecraftforge.network.NetworkRegistry/NETREGISTRY]: Channel 'fairylights:net' : Version test of '1' from client : ACCEPTED
[21Dec2025 15:34:58.883] [Netty Epoll Server IO #7/DEBUG] [net.minecraftforge.network.NetworkRegistry/NETREGISTRY]: Channel 'minecraft:unregister' : Version test of 'FML3' from client : ACCEPTED
[21Dec2025 15:34:58.883] [Netty Epoll Server IO #7/DEBUG] [net.minecraftforge.network.NetworkRegistry/NETREGISTRY]: Channel 'sophisticatedbackpacks:channel' : Version test of '1' from client : ACCEPTED
[21Dec2025 15:34:58.883] [Netty Epoll Server IO #7/DEBUG] [net.minecraftforge.network.NetworkRegistry/NETREGISTRY]: Channel 'journeymap:version' : Version test of '1' from client : ACCEPTED
[21Dec2025 15:34:58.883] [Netty Epoll Server IO #7/DEBUG] [net.minecraftforge.network.NetworkRegistry/NETREGISTRY]: Channel 'framework:play' : Version test of '1' from client : ACCEPTED
[21Dec2025 15:34:58.883] [Netty Epoll Server IO #7/DEBUG] [net.minecraftforge.network.NetworkRegistry/NETREGISTRY]: Channel 'minecraft:treechop-channel' : Version test of '7' from client : ACCEPTED
[21Dec2025 15:34:58.883] [Netty Epoll Server IO #7/DEBUG] [net.minecraftforge.network.NetworkRegistry/NETREGISTRY]: Channel 'journeymap:admin_req' : Version test of '1' from client : ACCEPTED
[21Dec2025 15:34:58.883] [Netty Epoll Server IO #7/DEBUG] [net.minecraftforge.network.NetworkRegistry/NETREGISTRY]: Channel 'cataclysm:main_channel' : Version test of '1' from client : ACCEPTED
[21Dec2025 15:34:58.884] [Netty Epoll Server IO #7/DEBUG] [net.minecraftforge.network.NetworkRegistry/NETREGISTRY]: Channel 'journeymap:waypoint' : Version test of '1' from client : ACCEPTED
[21Dec2025 15:34:58.884] [Netty Epoll Server IO #7/DEBUG] [net.minecraftforge.network.NetworkRegistry/NETREGISTRY]: Channel 'lionfishapi:main_channel' : Version test of '1' from client : ACCEPTED
[21Dec2025 15:34:58.884] [Netty Epoll Server IO #7/DEBUG] [net.minecraftforge.network.NetworkRegistry/NETREGISTRY]: Channel 'irons_spellbooks:messages' : Version test of '1.0' from client : ACCEPTED
[21Dec2025 15:34:58.884] [Netty Epoll Server IO #7/DEBUG] [net.minecraftforge.network.NetworkRegistry/NETREGISTRY]: Channel 'ribbits:messages' : Version test of '1.0' from client : ACCEPTED
[21Dec2025 15:34:58.884] [Netty Epoll Server IO #7/DEBUG] [net.minecraftforge.network.NetworkRegistry/NETREGISTRY]: Channel 'forge:tier_sorting' : Version test of '1.0' from client : ACCEPTED
[21Dec2025 15:34:58.884] [Netty Epoll Server IO #7/DEBUG] [net.minecraftforge.network.NetworkRegistry/NETREGISTRY]: Channel 'call_of_yucutan:call_of_yucutan' : Version test of '1' from client : ACCEPTED
[21Dec2025 15:34:58.884] [Netty Epoll Server IO #7/DEBUG] [net.minecraftforge.network.NetworkRegistry/NETREGISTRY]: Channel 'mowziesmobs:net' : Version test of '1' from client : ACCEPTED
[21Dec2025 15:34:58.884] [Netty Epoll Server IO #7/DEBUG] [net.minecraftforge.network.NetworkRegistry/NETREGISTRY]: Channel 'relics:network' : Version test of '1.0' from client : ACCEPTED
[21Dec2025 15:34:58.884] [Netty Epoll Server IO #7/DEBUG] [net.minecraftforge.network.NetworkRegistry/NETREGISTRY]: Channel 'cosmeticarmorreworked:main' : Version test of '2' from client : ACCEPTED
[21Dec2025 15:34:58.884] [Netty Epoll Server IO #7/DEBUG] [net.minecraftforge.network.NetworkRegistry/NETREGISTRY]: Channel 'fml:play' : Version test of 'FML3' from client : ACCEPTED
[21Dec2025 15:34:58.884] [Netty Epoll Server IO #7/DEBUG] [net.minecraftforge.network.NetworkRegistry/NETREGISTRY]: Channel 'creativecore:main' : Version test of '1' from client : ACCEPTED
[21Dec2025 15:34:58.884] [Netty Epoll Server IO #7/DEBUG] [net.minecraftforge.network.NetworkRegistry/NETREGISTRY]: Channel 'journeymap:teleport_req' : Version test of '1' from client : ACCEPTED
[21Dec2025 15:34:58.884] [Netty Epoll Server IO #7/DEBUG] [net.minecraftforge.network.NetworkRegistry/NETREGISTRY]: Channel 'caelus:main' : Version test of '1' from client : ACCEPTED
[21Dec2025 15:34:58.884] [Netty Epoll Server IO #7/DEBUG] [net.minecraftforge.network.NetworkRegistry/NETREGISTRY]: Channel 'journeymap:common' : Version test of '1' from client : ACCEPTED
[21Dec2025 15:34:58.884] [Netty Epoll Server IO #7/DEBUG] [net.minecraftforge.network.NetworkRegistry/NETREGISTRY]: Channel 'minecraft:register' : Version test of 'FML3' from client : ACCEPTED
[21Dec2025 15:34:58.884] [Netty Epoll Server IO #7/DEBUG] [net.minecraftforge.network.NetworkRegistry/NETREGISTRY]: Channel 'slashblade:main' : Version test of '1' from client : ACCEPTED
[21Dec2025 15:34:58.884] [Netty Epoll Server IO #7/DEBUG] [net.minecraftforge.network.NetworkRegistry/NETREGISTRY]: Channel 'geckolib:main' : Version test of '1' from client : ACCEPTED
[21Dec2025 15:34:58.884] [Netty Epoll Server IO #7/DEBUG] [net.minecraftforge.network.NetworkRegistry/NETREGISTRY]: Channel 'graveyard:spawn_entity' : Version test of '1' from client : ACCEPTED
[21Dec2025 15:34:58.885] [Netty Epoll Server IO #7/DEBUG] [net.minecraftforge.network.NetworkRegistry/NETREGISTRY]: Channel 'refurbished_furniture:play' : Version test of '1' from client : ACCEPTED
[21Dec2025 15:34:58.885] [Netty Epoll Server IO #7/DEBUG] [net.minecraftforge.network.NetworkRegistry/NETREGISTRY]: Channel 'stalwart_dungeons:stalwart_dungeons' : Version test of '1' from client : ACCEPTED
[21Dec2025 15:34:58.885] [Server thread/DEBUG] [net.minecraftforge.network.HandshakeHandler/FMLHANDSHAKE]: Sending ticking packet info 'Registry minecraft:command_argument_type' to 'fml:handshake' sequence 3
[21Dec2025 15:34:58.885] [Netty Epoll Server IO #7/DEBUG] [net.minecraftforge.network.NetworkRegistry/NETREGISTRY]: Channel 'architectury:network' : Version test of '1' from client : ACCEPTED
[21Dec2025 15:34:58.885] [Netty Epoll Server IO #7/DEBUG] [net.minecraftforge.network.NetworkRegistry/NETREGISTRY]: Channel 'citadel:main_channel' : Version test of '1' from client : ACCEPTED
[21Dec2025 15:34:58.885] [Netty Epoll Server IO #7/DEBUG] [net.minecraftforge.network.NetworkRegistry/NETREGISTRY]: Channel 'obscure_api:obscure_api' : Version test of '1' from client : ACCEPTED
[21Dec2025 15:34:58.885] [Netty Epoll Server IO #7/DEBUG] [net.minecraftforge.network.NetworkRegistry/NETREGISTRY]: Channel 'curios:main' : Version test of '1' from client : ACCEPTED
[21Dec2025 15:34:58.885] [Netty Epoll Server IO #7/DEBUG] [net.minecraftforge.network.NetworkRegistry/NETREGISTRY]: Channel 'worldinfo:world_id' : Version test of '1' from client : ACCEPTED
[21Dec2025 15:34:58.885] [Netty Epoll Server IO #7/DEBUG] [net.minecraftforge.network.NetworkRegistry/NETREGISTRY]: Channel 'appleskin:sync' : Version test of '1' from client : ACCEPTED
[21Dec2025 15:34:58.885] [Netty Epoll Server IO #7/DEBUG] [net.minecraftforge.network.NetworkRegistry/NETREGISTRY]: Channel 'journeymap:mp_options_req' : Version test of '1' from client : ACCEPTED
[21Dec2025 15:34:58.885] [Netty Epoll Server IO #7/DEBUG] [net.minecraftforge.network.NetworkRegistry/NETREGISTRY]: Channel 'framework:handshake' : Version test of '1' from client : ACCEPTED
[21Dec2025 15:34:58.885] [Netty Epoll Server IO #7/DEBUG] [net.minecraftforge.network.NetworkRegistry/NETREGISTRY]: Channel 'fml:loginwrapper' : Version test of 'FML3' from client : ACCEPTED
[21Dec2025 15:34:58.885] [Netty Epoll Server IO #7/DEBUG] [net.minecraftforge.network.NetworkRegistry/NETREGISTRY]: Channel 'explorerscompass:explorerscompass' : Version test of '1.0' from client : ACCEPTED
[21Dec2025 15:34:58.885] [Netty Epoll Server IO #7/DEBUG] [net.minecraftforge.network.NetworkRegistry/NETREGISTRY]: Channel 'aquamirae:main' : Version test of '1' from client : ACCEPTED
[21Dec2025 15:34:58.885] [Netty Epoll Server IO #7/DEBUG] [net.minecraftforge.network.NetworkRegistry/NETREGISTRY]: Channel 'naturescompass:naturescompass' : Version test of '1.0' from client : ACCEPTED
[21Dec2025 15:34:58.885] [Netty Epoll Server IO #7/DEBUG] [net.minecraftforge.network.NetworkRegistry/NETREGISTRY]: Channel 'journeymap:admin_save' : Version test of '1' from client : ACCEPTED
[21Dec2025 15:34:58.885] [Netty Epoll Server IO #7/DEBUG] [net.minecraftforge.network.NetworkRegistry/NETREGISTRY]: Channel 'journeymap:player_loc' : Version test of '1' from client : ACCEPTED
[21Dec2025 15:34:58.885] [Netty Epoll Server IO #7/DEBUG] [net.minecraftforge.network.NetworkRegistry/NETREGISTRY]: Channel 'camera:default' : Version test of '1.0.0' from client : ACCEPTED
[21Dec2025 15:34:58.885] [Netty Epoll Server IO #7/DEBUG] [net.minecraftforge.network.NetworkRegistry/NETREGISTRY]: Channel 'sophisticatedcore:channel' : Version test of '1' from client : ACCEPTED
[21Dec2025 15:34:58.885] [Netty Epoll Server IO #7/DEBUG] [net.minecraftforge.network.NetworkRegistry/NETREGISTRY]: Channel 'gravestone:default' : Version test of '1.0.0' from client : ACCEPTED
[21Dec2025 15:34:58.885] [Netty Epoll Server IO #7/DEBUG] [net.minecraftforge.network.NetworkRegistry/NETREGISTRY]: Channel 'fml:handshake' : Version test of 'FML3' from client : ACCEPTED
[21Dec2025 15:34:58.885] [Netty Epoll Server IO #7/DEBUG] [net.minecraftforge.network.NetworkRegistry/NETREGISTRY]: Channel 'forge:split' : Version test of '1.1' from client : ACCEPTED
[21Dec2025 15:34:58.885] [Netty Epoll Server IO #7/DEBUG] [net.minecraftforge.network.NetworkRegistry/NETREGISTRY]: Channel 'journeymap:perm_req' : Version test of '1' from client : ACCEPTED
[21Dec2025 15:34:58.885] [Netty Epoll Server IO #7/DEBUG] [net.minecraftforge.network.NetworkRegistry/NETREGISTRY]: Channel 'waystones:network' : Version test of '1.0' from client : ACCEPTED
[21Dec2025 15:34:58.885] [Netty Epoll Server IO #7/DEBUG] [net.minecraftforge.network.NetworkRegistry/NETREGISTRY]: Accepting channel list from client
[21Dec2025 15:34:58.885] [Netty Epoll Server IO #7/DEBUG] [net.minecraftforge.network.HandshakeHandler/FMLHANDSHAKE]: Accepted client connection mod list
[21Dec2025 15:34:58.930] [Netty Epoll Server IO #7/DEBUG] [net.minecraftforge.network.LoginWrapper/FMLHANDSHAKE]: Recieved login wrapper packet event for channel fml:handshake with index 3
[21Dec2025 15:34:58.930] [Netty Epoll Server IO #7/DEBUG] [net.minecraftforge.network.HandshakeHandler/FMLHANDSHAKE]: Received client indexed reply 3 of type net.minecraftforge.network.HandshakeMessages$C2SAcknowledge
[21Dec2025 15:34:58.930] [Netty Epoll Server IO #7/DEBUG] [net.minecraftforge.network.HandshakeHandler/FMLHANDSHAKE]: Received acknowledgement from client
[21Dec2025 15:34:58.943] [Server thread/DEBUG] [net.minecraftforge.network.HandshakeHandler/FMLHANDSHAKE]: Sending ticking packet info 'Registry irons_spellbooks:schools' to 'fml:handshake' sequence 4
[21Dec2025 15:34:58.981] [Netty Epoll Server IO #7/DEBUG] [net.minecraftforge.network.LoginWrapper/FMLHANDSHAKE]: Recieved login wrapper packet event for channel fml:handshake with index 4
[21Dec2025 15:34:58.981] [Server thread/DEBUG] [net.minecraftforge.network.HandshakeHandler/FMLHANDSHAKE]: Sending ticking packet info 'Registry minecraft:villager_profession' to 'fml:handshake' sequence 5
[21Dec2025 15:34:58.981] [Netty Epoll Server IO #7/DEBUG] [net.minecraftforge.network.HandshakeHandler/FMLHANDSHAKE]: Received client indexed reply 4 of type net.minecraftforge.network.HandshakeMessages$C2SAcknowledge
[21Dec2025 15:34:58.981] [Netty Epoll Server IO #7/DEBUG] [net.minecraftforge.network.HandshakeHandler/FMLHANDSHAKE]: Received acknowledgement from client
[21Dec2025 15:34:59.019] [Netty Epoll Server IO #7/DEBUG] [net.minecraftforge.network.LoginWrapper/FMLHANDSHAKE]: Recieved login wrapper packet event for channel fml:handshake with index 5
[21Dec2025 15:34:59.019] [Netty Epoll Server IO #7/DEBUG] [net.minecraftforge.network.HandshakeHandler/FMLHANDSHAKE]: Received client indexed reply 5 of type net.minecraftforge.network.HandshakeMessages$C2SAcknowledge
[21Dec2025 15:34:59.019] [Netty Epoll Server IO #7/DEBUG] [net.minecraftforge.network.HandshakeHandler/FMLHANDSHAKE]: Received acknowledgement from client
[21Dec2025 15:34:59.036] [Server thread/DEBUG] [net.minecraftforge.network.HandshakeHandler/FMLHANDSHAKE]: Sending ticking packet info 'Registry minecraft:item' to 'fml:handshake' sequence 6
[21Dec2025 15:34:59.085] [Server thread/DEBUG] [net.minecraftforge.network.HandshakeHandler/FMLHANDSHAKE]: Sending ticking packet info 'Registry minecraft:potion' to 'fml:handshake' sequence 7
[21Dec2025 15:34:59.135] [Server thread/DEBUG] [net.minecraftforge.network.HandshakeHandler/FMLHANDSHAKE]: Sending ticking packet info 'Registry minecraft:block_entity_type' to 'fml:handshake' sequence 8
[21Dec2025 15:34:59.194] [Server thread/DEBUG] [net.minecraftforge.network.HandshakeHandler/FMLHANDSHAKE]: Sending ticking packet info 'Registry forge:display_contexts' to 'fml:handshake' sequence 9
[21Dec2025 15:34:59.197] [Netty Epoll Server IO #7/DEBUG] [net.minecraftforge.network.LoginWrapper/FMLHANDSHAKE]: Recieved login wrapper packet event for channel fml:handshake with index 6
[21Dec2025 15:34:59.197] [Netty Epoll Server IO #7/DEBUG] [net.minecraftforge.network.HandshakeHandler/FMLHANDSHAKE]: Received client indexed reply 6 of type net.minecraftforge.network.HandshakeMessages$C2SAcknowledge
[21Dec2025 15:34:59.197] [Netty Epoll Server IO #7/DEBUG] [net.minecraftforge.network.HandshakeHandler/FMLHANDSHAKE]: Received acknowledgement from client
[21Dec2025 15:34:59.198] [Netty Epoll Server IO #7/DEBUG] [net.minecraftforge.network.LoginWrapper/FMLHANDSHAKE]: Recieved login wrapper packet event for channel fml:handshake with index 7
[21Dec2025 15:34:59.198] [Netty Epoll Server IO #7/DEBUG] [net.minecraftforge.network.HandshakeHandler/FMLHANDSHAKE]: Received client indexed reply 7 of type net.minecraftforge.network.HandshakeMessages$C2SAcknowledge
[21Dec2025 15:34:59.198] [Netty Epoll Server IO #7/DEBUG] [net.minecraftforge.network.HandshakeHandler/FMLHANDSHAKE]: Received acknowledgement from client
[21Dec2025 15:34:59.198] [Netty Epoll Server IO #7/DEBUG] [net.minecraftforge.network.LoginWrapper/FMLHANDSHAKE]: Recieved login wrapper packet event for channel fml:handshake with index 8
[21Dec2025 15:34:59.198] [Netty Epoll Server IO #7/DEBUG] [net.minecraftforge.network.HandshakeHandler/FMLHANDSHAKE]: Received client indexed reply 8 of type net.minecraftforge.network.HandshakeMessages$C2SAcknowledge
[21Dec2025 15:34:59.198] [Netty Epoll Server IO #7/DEBUG] [net.minecraftforge.network.HandshakeHandler/FMLHANDSHAKE]: Received acknowledgement from client
[21Dec2025 15:34:59.231] [Netty Epoll Server IO #7/DEBUG] [net.minecraftforge.network.LoginWrapper/FMLHANDSHAKE]: Recieved login wrapper packet event for channel fml:handshake with index 9
[21Dec2025 15:34:59.231] [Netty Epoll Server IO #7/DEBUG] [net.minecraftforge.network.HandshakeHandler/FMLHANDSHAKE]: Received client indexed reply 9 of type net.minecraftforge.network.HandshakeMessages$C2SAcknowledge
[21Dec2025 15:34:59.231] [Netty Epoll Server IO #7/DEBUG] [net.minecraftforge.network.HandshakeHandler/FMLHANDSHAKE]: Received acknowledgement from client
[21Dec2025 15:34:59.235] [Server thread/DEBUG] [net.minecraftforge.network.HandshakeHandler/FMLHANDSHAKE]: Sending ticking packet info 'Registry fairylights:connection_type' to 'fml:handshake' sequence 10
[21Dec2025 15:34:59.272] [Netty Epoll Server IO #7/DEBUG] [net.minecraftforge.network.LoginWrapper/FMLHANDSHAKE]: Recieved login wrapper packet event for channel fml:handshake with index 10
[21Dec2025 15:34:59.272] [Netty Epoll Server IO #7/DEBUG] [net.minecraftforge.network.HandshakeHandler/FMLHANDSHAKE]: Received client indexed reply 10 of type net.minecraftforge.network.HandshakeMessages$C2SAcknowledge
[21Dec2025 15:34:59.272] [Netty Epoll Server IO #7/DEBUG] [net.minecraftforge.network.HandshakeHandler/FMLHANDSHAKE]: Received acknowledgement from client
[21Dec2025 15:34:59.292] [Server thread/DEBUG] [net.minecraftforge.network.HandshakeHandler/FMLHANDSHAKE]: Sending ticking packet info 'Registry irons_spellbooks:spells' to 'fml:handshake' sequence 11
[21Dec2025 15:34:59.329] [Netty Epoll Server IO #7/DEBUG] [net.minecraftforge.network.LoginWrapper/FMLHANDSHAKE]: Recieved login wrapper packet event for channel fml:handshake with index 11
[21Dec2025 15:34:59.329] [Netty Epoll Server IO #7/DEBUG] [net.minecraftforge.network.HandshakeHandler/FMLHANDSHAKE]: Received client indexed reply 11 of type net.minecraftforge.network.HandshakeMessages$C2SAcknowledge
[21Dec2025 15:34:59.329] [Netty Epoll Server IO #7/DEBUG] [net.minecraftforge.network.HandshakeHandler/FMLHANDSHAKE]: Received acknowledgement from client
[21Dec2025 15:34:59.334] [Server thread/DEBUG] [net.minecraftforge.network.HandshakeHandler/FMLHANDSHAKE]: Sending ticking packet info 'Registry minecraft:stat_type' to 'fml:handshake' sequence 12
[21Dec2025 15:34:59.372] [Netty Epoll Server IO #7/DEBUG] [net.minecraftforge.network.LoginWrapper/FMLHANDSHAKE]: Recieved login wrapper packet event for channel fml:handshake with index 12
[21Dec2025 15:34:59.372] [Netty Epoll Server IO #7/DEBUG] [net.minecraftforge.network.HandshakeHandler/FMLHANDSHAKE]: Received client indexed reply 12 of type net.minecraftforge.network.HandshakeMessages$C2SAcknowledge
[21Dec2025 15:34:59.372] [Netty Epoll Server IO #7/DEBUG] [net.minecraftforge.network.HandshakeHandler/FMLHANDSHAKE]: Received acknowledgement from client
[21Dec2025 15:34:59.379] [Server thread/DEBUG] [net.minecraftforge.network.HandshakeHandler/FMLHANDSHAKE]: Sending ticking packet info 'Registry slashblade:combo_state' to 'fml:handshake' sequence 13
[21Dec2025 15:34:59.426] [Netty Epoll Server IO #7/DEBUG] [net.minecraftforge.network.LoginWrapper/FMLHANDSHAKE]: Recieved login wrapper packet event for channel fml:handshake with index 13
[21Dec2025 15:34:59.426] [Netty Epoll Server IO #7/DEBUG] [net.minecraftforge.network.HandshakeHandler/FMLHANDSHAKE]: Received client indexed reply 13 of type net.minecraftforge.network.HandshakeMessages$C2SAcknowledge
[21Dec2025 15:34:59.426] [Netty Epoll Server IO #7/DEBUG] [net.minecraftforge.network.HandshakeHandler/FMLHANDSHAKE]: Received acknowledgement from client
[21Dec2025 15:34:59.433] [Server thread/DEBUG] [net.minecraftforge.network.HandshakeHandler/FMLHANDSHAKE]: Sending ticking packet info 'Registry minecraft:menu' to 'fml:handshake' sequence 14
[21Dec2025 15:34:59.470] [Netty Epoll Server IO #7/DEBUG] [net.minecraftforge.network.LoginWrapper/FMLHANDSHAKE]: Recieved login wrapper packet event for channel fml:handshake with index 14
[21Dec2025 15:34:59.470] [Netty Epoll Server IO #7/DEBUG] [net.minecraftforge.network.HandshakeHandler/FMLHANDSHAKE]: Received client indexed reply 14 of type net.minecraftforge.network.HandshakeMessages$C2SAcknowledge
[21Dec2025 15:34:59.470] [Netty Epoll Server IO #7/DEBUG] [net.minecraftforge.network.HandshakeHandler/FMLHANDSHAKE]: Received acknowledgement from client
[21Dec2025 15:34:59.495] [Server thread/DEBUG] [net.minecraftforge.network.HandshakeHandler/FMLHANDSHAKE]: Sending ticking packet info 'Registry minecraft:fluid' to 'fml:handshake' sequence 15
[21Dec2025 15:34:59.532] [Netty Epoll Server IO #7/DEBUG] [net.minecraftforge.network.LoginWrapper/FMLHANDSHAKE]: Recieved login wrapper packet event for channel fml:handshake with index 15
[21Dec2025 15:34:59.532] [Netty Epoll Server IO #7/DEBUG] [net.minecraftforge.network.HandshakeHandler/FMLHANDSHAKE]: Received client indexed reply 15 of type net.minecraftforge.network.HandshakeMessages$C2SAcknowledge
[21Dec2025 15:34:59.532] [Netty Epoll Server IO #7/DEBUG] [net.minecraftforge.network.HandshakeHandler/FMLHANDSHAKE]: Received acknowledgement from client
[21Dec2025 15:34:59.533] [Server thread/DEBUG] [net.minecraftforge.network.HandshakeHandler/FMLHANDSHAKE]: Sending ticking packet info 'Registry minecraft:recipe_serializer' to 'fml:handshake' sequence 16
[21Dec2025 15:34:59.571] [Netty Epoll Server IO #7/DEBUG] [net.minecraftforge.network.LoginWrapper/FMLHANDSHAKE]: Recieved login wrapper packet event for channel fml:handshake with index 16
[21Dec2025 15:34:59.571] [Netty Epoll Server IO #7/DEBUG] [net.minecraftforge.network.HandshakeHandler/FMLHANDSHAKE]: Received client indexed reply 16 of type net.minecraftforge.network.HandshakeMessages$C2SAcknowledge
[21Dec2025 15:34:59.571] [Netty Epoll Server IO #7/DEBUG] [net.minecraftforge.network.HandshakeHandler/FMLHANDSHAKE]: Received acknowledgement from client
[21Dec2025 15:34:59.591] [Server thread/DEBUG] [net.minecraftforge.network.HandshakeHandler/FMLHANDSHAKE]: Sending ticking packet info 'Registry minecraft:sound_event' to 'fml:handshake' sequence 17
[21Dec2025 15:34:59.633] [Netty Epoll Server IO #7/DEBUG] [net.minecraftforge.network.LoginWrapper/FMLHANDSHAKE]: Recieved login wrapper packet event for channel fml:handshake with index 17
[21Dec2025 15:34:59.633] [Netty Epoll Server IO #7/DEBUG] [net.minecraftforge.network.HandshakeHandler/FMLHANDSHAKE]: Received client indexed reply 17 of type net.minecraftforge.network.HandshakeMessages$C2SAcknowledge
[21Dec2025 15:34:59.633] [Netty Epoll Server IO #7/DEBUG] [net.minecraftforge.network.HandshakeHandler/FMLHANDSHAKE]: Received acknowledgement from client
[21Dec2025 15:34:59.655] [Server thread/DEBUG] [net.minecraftforge.network.HandshakeHandler/FMLHANDSHAKE]: Sending ticking packet info 'Registry minecraft:particle_type' to 'fml:handshake' sequence 18
[21Dec2025 15:34:59.693] [Netty Epoll Server IO #7/DEBUG] [net.minecraftforge.network.LoginWrapper/FMLHANDSHAKE]: Recieved login wrapper packet event for channel fml:handshake with index 18
[21Dec2025 15:34:59.693] [Netty Epoll Server IO #7/DEBUG] [net.minecraftforge.network.HandshakeHandler/FMLHANDSHAKE]: Received client indexed reply 18 of type net.minecraftforge.network.HandshakeMessages$C2SAcknowledge
[21Dec2025 15:34:59.693] [Netty Epoll Server IO #7/DEBUG] [net.minecraftforge.network.HandshakeHandler/FMLHANDSHAKE]: Received acknowledgement from client
[21Dec2025 15:34:59.695] [Server thread/DEBUG] [net.minecraftforge.network.HandshakeHandler/FMLHANDSHAKE]: Sending ticking packet info 'Registry minecraft:painting_variant' to 'fml:handshake' sequence 19
[21Dec2025 15:34:59.732] [Netty Epoll Server IO #7/DEBUG] [net.minecraftforge.network.LoginWrapper/FMLHANDSHAKE]: Recieved login wrapper packet event for channel fml:handshake with index 19
[21Dec2025 15:34:59.732] [Netty Epoll Server IO #7/DEBUG] [net.minecraftforge.network.HandshakeHandler/FMLHANDSHAKE]: Received client indexed reply 19 of type net.minecraftforge.network.HandshakeMessages$C2SAcknowledge
[21Dec2025 15:34:59.732] [Netty Epoll Server IO #7/DEBUG] [net.minecraftforge.network.HandshakeHandler/FMLHANDSHAKE]: Received acknowledgement from client
[21Dec2025 15:34:59.735] [Server thread/DEBUG] [net.minecraftforge.network.HandshakeHandler/FMLHANDSHAKE]: Sending ticking packet info 'Registry forge:fluid_type' to 'fml:handshake' sequence 20
[21Dec2025 15:34:59.772] [Netty Epoll Server IO #7/DEBUG] [net.minecraftforge.network.LoginWrapper/FMLHANDSHAKE]: Recieved login wrapper packet event for channel fml:handshake with index 20
[21Dec2025 15:34:59.772] [Netty Epoll Server IO #7/DEBUG] [net.minecraftforge.network.HandshakeHandler/FMLHANDSHAKE]: Received client indexed reply 20 of type net.minecraftforge.network.HandshakeMessages$C2SAcknowledge
[21Dec2025 15:34:59.772] [Netty Epoll Server IO #7/DEBUG] [net.minecraftforge.network.HandshakeHandler/FMLHANDSHAKE]: Received acknowledgement from client
[21Dec2025 15:34:59.791] [Server thread/DEBUG] [net.minecraftforge.network.HandshakeHandler/FMLHANDSHAKE]: Sending ticking packet info 'Registry minecraft:block' to 'fml:handshake' sequence 21
[21Dec2025 15:34:59.836] [Netty Epoll Server IO #7/DEBUG] [net.minecraftforge.network.LoginWrapper/FMLHANDSHAKE]: Recieved login wrapper packet event for channel fml:handshake with index 21
[21Dec2025 15:34:59.836] [Netty Epoll Server IO #7/DEBUG] [net.minecraftforge.network.HandshakeHandler/FMLHANDSHAKE]: Received client indexed reply 21 of type net.minecraftforge.network.HandshakeMessages$C2SAcknowledge
[21Dec2025 15:34:59.836] [Netty Epoll Server IO #7/DEBUG] [net.minecraftforge.network.HandshakeHandler/FMLHANDSHAKE]: Received acknowledgement from client
[21Dec2025 15:34:59.838] [Server thread/DEBUG] [net.minecraftforge.network.HandshakeHandler/FMLHANDSHAKE]: Sending ticking packet info 'Registry forge:entity_data_serializers' to 'fml:handshake' sequence 22
[21Dec2025 15:34:59.875] [Netty Epoll Server IO #7/DEBUG] [net.minecraftforge.network.LoginWrapper/FMLHANDSHAKE]: Recieved login wrapper packet event for channel fml:handshake with index 22
[21Dec2025 15:34:59.875] [Netty Epoll Server IO #7/DEBUG] [net.minecraftforge.network.HandshakeHandler/FMLHANDSHAKE]: Received client indexed reply 22 of type net.minecraftforge.network.HandshakeMessages$C2SAcknowledge
[21Dec2025 15:34:59.875] [Netty Epoll Server IO #7/DEBUG] [net.minecraftforge.network.HandshakeHandler/FMLHANDSHAKE]: Received acknowledgement from client
[21Dec2025 15:34:59.896] [Server thread/DEBUG] [net.minecraftforge.network.HandshakeHandler/FMLHANDSHAKE]: Sending ticking packet info 'Registry fairylights:string_type' to 'fml:handshake' sequence 23
[21Dec2025 15:34:59.933] [Netty Epoll Server IO #7/DEBUG] [net.minecraftforge.network.LoginWrapper/FMLHANDSHAKE]: Recieved login wrapper packet event for channel fml:handshake with index 23
[21Dec2025 15:34:59.933] [Netty Epoll Server IO #7/DEBUG] [net.minecraftforge.network.HandshakeHandler/FMLHANDSHAKE]: Received client indexed reply 23 of type net.minecraftforge.network.HandshakeMessages$C2SAcknowledge
[21Dec2025 15:34:59.933] [Netty Epoll Server IO #7/DEBUG] [net.minecraftforge.network.HandshakeHandler/FMLHANDSHAKE]: Received acknowledgement from client
[21Dec2025 15:34:59.940] [Server thread/DEBUG] [net.minecraftforge.network.HandshakeHandler/FMLHANDSHAKE]: Sending ticking packet info 'Registry minecraft:mob_effect' to 'fml:handshake' sequence 24
[21Dec2025 15:34:59.978] [Netty Epoll Server IO #7/DEBUG] [net.minecraftforge.network.LoginWrapper/FMLHANDSHAKE]: Recieved login wrapper packet event for channel fml:handshake with index 24
[21Dec2025 15:34:59.978] [Netty Epoll Server IO #7/DEBUG] [net.minecraftforge.network.HandshakeHandler/FMLHANDSHAKE]: Received client indexed reply 24 of type net.minecraftforge.network.HandshakeMessages$C2SAcknowledge
[21Dec2025 15:34:59.978] [Netty Epoll Server IO #7/DEBUG] [net.minecraftforge.network.HandshakeHandler/FMLHANDSHAKE]: Received acknowledgement from client
[21Dec2025 15:34:59.996] [Server thread/DEBUG] [net.minecraftforge.network.HandshakeHandler/FMLHANDSHAKE]: Sending ticking packet info 'Registry slashblade:special_effect' to 'fml:handshake' sequence 25
[21Dec2025 15:35:00.034] [Netty Epoll Server IO #7/DEBUG] [net.minecraftforge.network.LoginWrapper/FMLHANDSHAKE]: Recieved login wrapper packet event for channel fml:handshake with index 25
[21Dec2025 15:35:00.034] [Netty Epoll Server IO #7/DEBUG] [net.minecraftforge.network.HandshakeHandler/FMLHANDSHAKE]: Received client indexed reply 25 of type net.minecraftforge.network.HandshakeMessages$C2SAcknowledge
[21Dec2025 15:35:00.035] [Netty Epoll Server IO #7/DEBUG] [net.minecraftforge.network.HandshakeHandler/FMLHANDSHAKE]: Received acknowledgement from client
[21Dec2025 15:35:00.046] [Server thread/DEBUG] [net.minecraftforge.network.HandshakeHandler/FMLHANDSHAKE]: Sending ticking packet info 'Registry minecraft:enchantment' to 'fml:handshake' sequence 26
[21Dec2025 15:35:00.083] [Netty Epoll Server IO #7/DEBUG] [net.minecraftforge.network.LoginWrapper/FMLHANDSHAKE]: Recieved login wrapper packet event for channel fml:handshake with index 26
[21Dec2025 15:35:00.083] [Netty Epoll Server IO #7/DEBUG] [net.minecraftforge.network.HandshakeHandler/FMLHANDSHAKE]: Received client indexed reply 26 of type net.minecraftforge.network.HandshakeMessages$C2SAcknowledge
[21Dec2025 15:35:00.084] [Netty Epoll Server IO #7/DEBUG] [net.minecraftforge.network.HandshakeHandler/FMLHANDSHAKE]: Received acknowledgement from client
[21Dec2025 15:35:00.099] [Server thread/DEBUG] [net.minecraftforge.network.HandshakeHandler/FMLHANDSHAKE]: Sending ticking packet info 'Registry slashblade:slash_arts' to 'fml:handshake' sequence 27
[21Dec2025 15:35:00.136] [Netty Epoll Server IO #7/DEBUG] [net.minecraftforge.network.LoginWrapper/FMLHANDSHAKE]: Recieved login wrapper packet event for channel fml:handshake with index 27
[21Dec2025 15:35:00.136] [Netty Epoll Server IO #7/DEBUG] [net.minecraftforge.network.HandshakeHandler/FMLHANDSHAKE]: Received client indexed reply 27 of type net.minecraftforge.network.HandshakeMessages$C2SAcknowledge
[21Dec2025 15:35:00.136] [Netty Epoll Server IO #7/DEBUG] [net.minecraftforge.network.HandshakeHandler/FMLHANDSHAKE]: Received acknowledgement from client
[21Dec2025 15:35:00.140] [Server thread/DEBUG] [net.minecraftforge.network.HandshakeHandler/FMLHANDSHAKE]: Sending ticking packet info 'Registry minecraft:entity_type' to 'fml:handshake' sequence 28
[21Dec2025 15:35:00.193] [Server thread/DEBUG] [net.minecraftforge.network.HandshakeHandler/FMLHANDSHAKE]: Sending ticking packet info 'Config camera-server.toml' to 'fml:handshake' sequence 29
[21Dec2025 15:35:00.240] [Server thread/DEBUG] [net.minecraftforge.network.HandshakeHandler/FMLHANDSHAKE]: Sending ticking packet info 'Config journeymap-server.toml' to 'fml:handshake' sequence 30
[21Dec2025 15:35:00.294] [Server thread/DEBUG] [net.minecraftforge.network.HandshakeHandler/FMLHANDSHAKE]: Sending ticking packet info 'Config curios-server.toml' to 'fml:handshake' sequence 31
[21Dec2025 15:35:00.337] [Server thread/DEBUG] [net.minecraftforge.network.HandshakeHandler/FMLHANDSHAKE]: Sending ticking packet info 'Config irons_spellbooks-server.toml' to 'fml:handshake' sequence 32
[21Dec2025 15:35:00.393] [Server thread/DEBUG] [net.minecraftforge.network.HandshakeHandler/FMLHANDSHAKE]: Sending ticking packet info 'Config gravestone-server.toml' to 'fml:handshake' sequence 33
[21Dec2025 15:35:00.433] [Server thread/DEBUG] [net.minecraftforge.network.HandshakeHandler/FMLHANDSHAKE]: Sending ticking packet info 'Config sophisticatedbackpacks-server.toml' to 'fml:handshake' sequence 34
[21Dec2025 15:35:00.489] [Server thread/DEBUG] [net.minecraftforge.network.HandshakeHandler/FMLHANDSHAKE]: Sending ticking packet info 'Config jei-server.toml' to 'fml:handshake' sequence 35
[21Dec2025 15:35:00.541] [Server thread/DEBUG] [net.minecraftforge.network.HandshakeHandler/FMLHANDSHAKE]: Sending ticking packet info 'Config beautify-server.toml' to 'fml:handshake' sequence 36
[21Dec2025 15:35:00.594] [Server thread/DEBUG] [net.minecraftforge.network.HandshakeHandler/FMLHANDSHAKE]: Sending ticking packet info 'Config forge-server.toml' to 'fml:handshake' sequence 37
[21Dec2025 15:35:03.510] [Netty Epoll Server IO #7/DEBUG] [net.minecraftforge.network.LoginWrapper/FMLHANDSHAKE]: Recieved login wrapper packet event for channel fml:handshake with index 28
[21Dec2025 15:35:03.510] [Netty Epoll Server IO #7/DEBUG] [net.minecraftforge.network.HandshakeHandler/FMLHANDSHAKE]: Received client indexed reply 28 of type net.minecraftforge.network.HandshakeMessages$C2SAcknowledge
[21Dec2025 15:35:03.510] [Netty Epoll Server IO #7/DEBUG] [net.minecraftforge.network.HandshakeHandler/FMLHANDSHAKE]: Received acknowledgement from client
[21Dec2025 15:35:03.510] [Netty Epoll Server IO #7/DEBUG] [net.minecraftforge.network.LoginWrapper/FMLHANDSHAKE]: Recieved login wrapper packet event for channel fml:handshake with index 29
[21Dec2025 15:35:03.511] [Netty Epoll Server IO #7/DEBUG] [net.minecraftforge.network.HandshakeHandler/FMLHANDSHAKE]: Received client indexed reply 29 of type net.minecraftforge.network.HandshakeMessages$C2SAcknowledge
[21Dec2025 15:35:03.511] [Netty Epoll Server IO #7/DEBUG] [net.minecraftforge.network.HandshakeHandler/FMLHANDSHAKE]: Received acknowledgement from client
[21Dec2025 15:35:03.511] [Netty Epoll Server IO #7/DEBUG] [net.minecraftforge.network.LoginWrapper/FMLHANDSHAKE]: Recieved login wrapper packet event for channel fml:handshake with index 30
[21Dec2025 15:35:03.512] [Netty Epoll Server IO #7/DEBUG] [net.minecraftforge.network.HandshakeHandler/FMLHANDSHAKE]: Received client indexed reply 30 of type net.minecraftforge.network.HandshakeMessages$C2SAcknowledge
[21Dec2025 15:35:03.512] [Netty Epoll Server IO #7/DEBUG] [net.minecraftforge.network.HandshakeHandler/FMLHANDSHAKE]: Received acknowledgement from client
[21Dec2025 15:35:03.513] [Netty Epoll Server IO #7/DEBUG] [net.minecraftforge.network.LoginWrapper/FMLHANDSHAKE]: Recieved login wrapper packet event for channel fml:handshake with index 31
[21Dec2025 15:35:03.513] [Netty Epoll Server IO #7/DEBUG] [net.minecraftforge.network.HandshakeHandler/FMLHANDSHAKE]: Received client indexed reply 31 of type net.minecraftforge.network.HandshakeMessages$C2SAcknowledge
[21Dec2025 15:35:03.513] [Netty Epoll Server IO #7/DEBUG] [net.minecraftforge.network.HandshakeHandler/FMLHANDSHAKE]: Received acknowledgement from client
[21Dec2025 15:35:03.514] [Netty Epoll Server IO #7/DEBUG] [net.minecraftforge.network.LoginWrapper/FMLHANDSHAKE]: Recieved login wrapper packet event for channel fml:handshake with index 32
[21Dec2025 15:35:03.515] [Netty Epoll Server IO #7/DEBUG] [net.minecraftforge.network.HandshakeHandler/FMLHANDSHAKE]: Received client indexed reply 32 of type net.minecraftforge.network.HandshakeMessages$C2SAcknowledge
[21Dec2025 15:35:03.515] [Netty Epoll Server IO #7/DEBUG] [net.minecraftforge.network.HandshakeHandler/FMLHANDSHAKE]: Received acknowledgement from client
[21Dec2025 15:35:03.519] [Netty Epoll Server IO #7/DEBUG] [net.minecraftforge.network.LoginWrapper/FMLHANDSHAKE]: Recieved login wrapper packet event for channel fml:handshake with index 33
[21Dec2025 15:35:03.519] [Netty Epoll Server IO #7/DEBUG] [net.minecraftforge.network.HandshakeHandler/FMLHANDSHAKE]: Received client indexed reply 33 of type net.minecraftforge.network.HandshakeMessages$C2SAcknowledge
[21Dec2025 15:35:03.519] [Netty Epoll Server IO #7/DEBUG] [net.minecraftforge.network.HandshakeHandler/FMLHANDSHAKE]: Received acknowledgement from client
[21Dec2025 15:35:03.520] [Netty Epoll Server IO #7/DEBUG] [net.minecraftforge.network.LoginWrapper/FMLHANDSHAKE]: Recieved login wrapper packet event for channel fml:handshake with index 34
[21Dec2025 15:35:03.520] [Netty Epoll Server IO #7/DEBUG] [net.minecraftforge.network.HandshakeHandler/FMLHANDSHAKE]: Received client indexed reply 34 of type net.minecraftforge.network.HandshakeMessages$C2SAcknowledge
[21Dec2025 15:35:03.520] [Netty Epoll Server IO #7/DEBUG] [net.minecraftforge.network.HandshakeHandler/FMLHANDSHAKE]: Received acknowledgement from client
[21Dec2025 15:35:03.520] [Netty Epoll Server IO #7/DEBUG] [net.minecraftforge.network.LoginWrapper/FMLHANDSHAKE]: Recieved login wrapper packet event for channel fml:handshake with index 35
[21Dec2025 15:35:03.520] [Netty Epoll Server IO #7/DEBUG] [net.minecraftforge.network.HandshakeHandler/FMLHANDSHAKE]: Received client indexed reply 35 of type net.minecraftforge.network.HandshakeMessages$C2SAcknowledge
[21Dec2025 15:35:03.520] [Netty Epoll Server IO #7/DEBUG] [net.minecraftforge.network.HandshakeHandler/FMLHANDSHAKE]: Received acknowledgement from client
[21Dec2025 15:35:03.521] [Netty Epoll Server IO #7/DEBUG] [net.minecraftforge.network.LoginWrapper/FMLHANDSHAKE]: Recieved login wrapper packet event for channel fml:handshake with index 36
[21Dec2025 15:35:03.521] [Netty Epoll Server IO #7/DEBUG] [net.minecraftforge.network.HandshakeHandler/FMLHANDSHAKE]: Received client indexed reply 36 of type net.minecraftforge.network.HandshakeMessages$C2SAcknowledge
[21Dec2025 15:35:03.521] [Netty Epoll Server IO #7/DEBUG] [net.minecraftforge.network.HandshakeHandler/FMLHANDSHAKE]: Received acknowledgement from client
[21Dec2025 15:35:03.521] [Netty Epoll Server IO #7/DEBUG] [net.minecraftforge.network.LoginWrapper/FMLHANDSHAKE]: Recieved login wrapper packet event for channel fml:handshake with index 37
[21Dec2025 15:35:03.522] [Netty Epoll Server IO #7/DEBUG] [net.minecraftforge.network.HandshakeHandler/FMLHANDSHAKE]: Received client indexed reply 37 of type net.minecraftforge.network.HandshakeMessages$C2SAcknowledge
[21Dec2025 15:35:03.522] [Netty Epoll Server IO #7/DEBUG] [net.minecraftforge.network.HandshakeHandler/FMLHANDSHAKE]: Received acknowledgement from client
[21Dec2025 15:35:03.540] [Server thread/DEBUG] [net.minecraftforge.network.HandshakeHandler/FMLHANDSHAKE]: Handshake complete!
[21Dec2025 15:35:03.605] [Server thread/INFO] [net.minecraft.server.players.PlayerList/]: pegaol888[/100.104.103.71:59355] logged in with entity id 797 at (166.5, 83.0, 840.5)
[21Dec2025 15:35:03.608] [Server thread/DEBUG] [net.minecraftforge.network.filters.NetworkFilters/]: Injected net.minecraftforge.network.filters.ForgeConnectionNetworkFilter@e9ca056 into net.minecraft.network.Connection@2c9ce0fc
[21Dec2025 15:35:03.625] [Server thread/INFO] [net.minecraft.server.MinecraftServer/]: pegaol888 joined the game
[21Dec2025 15:38:16.300] [Server thread/DEBUG] [net.minecraftforge.common.ForgeHooks/WP]: Gathering id map for writing to world save world
[21Dec2025 15:38:16.323] [Server thread/DEBUG] [net.minecraftforge.common.ForgeHooks/WP]: ID Map collection complete world
[21Dec2025 15:38:37.121] [Server thread/DEBUG] [mixin/]: Mixing PiglinAiMixin from relics.mixins.json into net.minecraft.world.entity.monster.piglin.PiglinAi
[21Dec2025 15:38:37.121] [Server thread/DEBUG] [mixin/]: relics.mixins.json:PiglinAiMixin: Class version 61 required is higher than the class version supported by the current version of Mixin (JAVA_8 supports class version 52)
[21Dec2025 15:38:37.125] [Server thread/DEBUG] [mixin/]: Mixing MixinPiglinAi from curios.mixins.json into net.minecraft.world.entity.monster.piglin.PiglinAi
[21Dec2025 15:41:18.608] [Server thread/INFO] [net.minecraft.world.entity.npc.Villager/]: Villager Villager['Villager'/290, l='ServerLevel[world]', x=194.41, y=80.00, z=847.60] died, message: 'Villager was slain by pegaol888'
[21Dec2025 15:43:16.255] [Server thread/DEBUG] [net.minecraftforge.common.ForgeHooks/WP]: Gathering id map for writing to world save world
[21Dec2025 15:43:16.269] [Server thread/DEBUG] [net.minecraftforge.common.ForgeHooks/WP]: ID Map collection complete world
[21Dec2025 15:45:04.082] [Server thread/INFO] [net.minecraft.server.MinecraftServer/]: [Not Secure] <leo_carbajo> pollas
[21Dec2025 15:46:08.931] [Server thread/INFO] [net.minecraft.server.MinecraftServer/]: leo_carbajo has made the advancement [Wild Crops]
[21Dec2025 15:48:16.217] [Server thread/DEBUG] [net.minecraftforge.common.ForgeHooks/WP]: Gathering id map for writing to world save world
[21Dec2025 15:48:16.233] [Server thread/DEBUG] [net.minecraftforge.common.ForgeHooks/WP]: ID Map collection complete world
[21Dec2025 15:53:16.411] [Server thread/DEBUG] [net.minecraftforge.common.ForgeHooks/WP]: Gathering id map for writing to world save world
[21Dec2025 15:53:16.431] [Server thread/DEBUG] [net.minecraftforge.common.ForgeHooks/WP]: ID Map collection complete world
[21Dec2025 15:58:16.222] [Server thread/DEBUG] [net.minecraftforge.common.ForgeHooks/WP]: Gathering id map for writing to world save world
[21Dec2025 15:58:16.238] [Server thread/DEBUG] [net.minecraftforge.common.ForgeHooks/WP]: ID Map collection complete world
[21Dec2025 15:58:42.493] [Server thread/INFO] [net.minecraft.server.MinecraftServer/]: [leo_carbajo: Gamerule playersSleepingPercentage is now set to: 20]
[21Dec2025 16:00:01.701] [Server thread/WARN] [net.minecraft.server.network.ServerGamePacketListenerImpl/]: pegaol888 moved wrongly!
[21Dec2025 16:03:16.223] [Server thread/DEBUG] [net.minecraftforge.common.ForgeHooks/WP]: Gathering id map for writing to world save world
[21Dec2025 16:03:16.241] [Server thread/DEBUG] [net.minecraftforge.common.ForgeHooks/WP]: ID Map collection complete world
[21Dec2025 16:05:26.375] [Server thread/INFO] [net.minecraft.server.MinecraftServer/]: leo_carbajo has made the advancement [Well prepared]
[21Dec2025 16:05:42.573] [Server thread/INFO] [net.minecraft.server.MinecraftServer/]: pegaol888 has made the advancement [Gravedigger]
[21Dec2025 16:05:57.561] [Worker-Main-1/DEBUG] [mixin/]: Mixing JigsawPlacementPlacerMixin from waystones.mixins.json into net.minecraft.world.level.levelgen.structure.pools.JigsawPlacement$Placer
[21Dec2025 16:08:16.236] [Server thread/DEBUG] [net.minecraftforge.common.ForgeHooks/WP]: Gathering id map for writing to world save world
[21Dec2025 16:08:16.255] [Server thread/DEBUG] [net.minecraftforge.common.ForgeHooks/WP]: ID Map collection complete world
[21Dec2025 16:08:25.947] [Server thread/INFO] [net.minecraft.server.MinecraftServer/]: [leo_carbajo: Set the time to 1000]
[21Dec2025 16:09:21.372] [Server thread/INFO] [net.minecraft.server.MinecraftServer/]: pegaol888 has made the advancement [Well prepared]
[21Dec2025 16:09:54.523] [Server thread/INFO] [net.minecraft.server.MinecraftServer/]: leo_carbajo has made the advancement [Broken Parts I]
[21Dec2025 16:13:15.974] [Server thread/INFO] [net.minecraft.server.MinecraftServer/]: leo_carbajo has made the advancement [Wild Harvest]
[21Dec2025 16:13:16.210] [Server thread/DEBUG] [net.minecraftforge.common.ForgeHooks/WP]: Gathering id map for writing to world save world
[21Dec2025 16:13:16.228] [Server thread/DEBUG] [net.minecraftforge.common.ForgeHooks/WP]: ID Map collection complete world
[21Dec2025 16:14:54.991] [Worker-Main-2/DEBUG] [mixin/]: Mixing entities.AmphibiousNodeEvaluatorMixin from the_bumblezone-common.mixins.json into net.minecraft.world.level.pathfinder.AmphibiousNodeEvaluator
[21Dec2025 16:15:56.274] [Server thread/INFO] [net.minecraft.server.MinecraftServer/]: [leo_carbajo: Set own game mode to Creative Mode]
[21Dec2025 16:16:05.382] [Server thread/INFO] [net.minecraft.server.MinecraftServer/]: [leo_carbajo: Set own game mode to Survival Mode]
[21Dec2025 16:16:47.470] [Server thread/INFO] [net.minecraft.world.entity.npc.Villager/]: Villager Villager['Villager'/11129, l='ServerLevel[world]', x=1274.37, y=67.00, z=1186.52] died, message: 'Villager froze to death'
[21Dec2025 16:16:49.467] [Server thread/INFO] [net.minecraft.world.entity.npc.Villager/]: Villager Villager['Villager'/11133, l='ServerLevel[world]', x=1275.16, y=66.00, z=1185.21] died, message: 'Villager froze to death'
[21Dec2025 16:16:55.468] [Server thread/INFO] [net.minecraft.world.entity.npc.Villager/]: Villager Villager['Villager'/11130, l='ServerLevel[world]', x=1269.87, y=66.00, z=1167.85] died, message: 'Villager froze to death'
[21Dec2025 16:17:17.688] [Server thread/INFO] [net.minecraft.server.MinecraftServer/]: leo_carbajo has made the advancement [Best Friends Forever]
[21Dec2025 16:17:22.319] [Server thread/INFO] [net.minecraft.world.entity.npc.Villager/]: Villager Villager['Villager'/11501, l='ServerLevel[world]', x=1302.55, y=64.00, z=1166.53] died, message: 'Villager froze to death'
[21Dec2025 16:17:30.725] [Server thread/INFO] [net.minecraft.server.MinecraftServer/]: pegaol888 has made the advancement [Best Friends Forever]
[21Dec2025 16:17:33.467] [Server thread/INFO] [net.minecraft.world.entity.npc.Villager/]: Villager Villager['Villager'/11128, l='ServerLevel[world]', x=1270.45, y=66.00, z=1168.48] died, message: 'Villager froze to death'
[21Dec2025 16:17:39.327] [Server thread/INFO] [net.minecraft.server.MinecraftServer/]: [leo_carbajo: Set own game mode to Creative Mode]
[21Dec2025 16:17:42.798] [Server thread/INFO] [net.minecraft.server.MinecraftServer/]: [leo_carbajo: Set own game mode to Survival Mode]
[21Dec2025 16:17:48.325] [Server thread/INFO] [net.minecraft.server.MinecraftServer/]: [leo_carbajo: Set own game mode to Creative Mode]
[21Dec2025 16:17:52.082] [Server thread/INFO] [net.minecraft.server.MinecraftServer/]: [leo_carbajo: Set own game mode to Survival Mode]
[21Dec2025 16:18:15.594] [Server thread/INFO] [net.minecraft.server.MinecraftServer/]: [leo_carbajo: Set own game mode to Creative Mode]
[21Dec2025 16:18:16.205] [Server thread/DEBUG] [net.minecraftforge.common.ForgeHooks/WP]: Gathering id map for writing to world save world
[21Dec2025 16:18:16.221] [Server thread/DEBUG] [net.minecraftforge.common.ForgeHooks/WP]: ID Map collection complete world
[21Dec2025 16:18:18.876] [Server thread/INFO] [net.minecraft.server.MinecraftServer/]: [leo_carbajo: Set own game mode to Survival Mode]
[21Dec2025 16:19:47.825] [Server thread/INFO] [net.minecraft.server.MinecraftServer/]: leo_carbajo has made the advancement [Amateur Archaeologist]
[21Dec2025 16:22:32.825] [Server thread/INFO] [net.minecraft.server.MinecraftServer/]: leo_carbajo has made the advancement [Ice Bucket Challenge]
[21Dec2025 16:22:51.770] [Server thread/INFO] [net.minecraft.world.entity.npc.Villager/]: Villager Villager['Fisherman'/11115, l='ServerLevel[world]', x=1262.74, y=68.42, z=1144.70] died, message: 'Fisherman was slain by Zombie'
[21Dec2025 16:23:16.215] [Server thread/DEBUG] [net.minecraftforge.common.ForgeHooks/WP]: Gathering id map for writing to world save world
[21Dec2025 16:23:16.230] [Server thread/DEBUG] [net.minecraftforge.common.ForgeHooks/WP]: ID Map collection complete world
[21Dec2025 16:24:35.778] [Server thread/INFO] [net.minecraft.server.MinecraftServer/]: pegaol888 has made the advancement [Ice Bucket Challenge]
[21Dec2025 16:28:16.215] [Server thread/DEBUG] [net.minecraftforge.common.ForgeHooks/WP]: Gathering id map for writing to world save world
[21Dec2025 16:28:16.231] [Server thread/DEBUG] [net.minecraftforge.common.ForgeHooks/WP]: ID Map collection complete world
[21Dec2025 16:28:39.129] [Server thread/INFO] [net.minecraft.server.MinecraftServer/]: leo_carbajo has made the advancement [Light as a Rabbit]
[21Dec2025 16:28:55.220] [Server thread/INFO] [net.minecraft.world.entity.npc.Villager/]: Villager Villager['Fisherman'/11124, l='ServerLevel[world]', x=1253.49, y=64.00, z=1160.50] died, message: 'Fisherman froze to death'
[21Dec2025 16:30:14.842] [Server thread/DEBUG] [io.redspace.ironsspellbooks.IronsSpellbooks/]: AppendLootModifier.doApply irons_spellbooks:chests/additional_generic_loot
[21Dec2025 16:31:40.318] [Server thread/INFO] [net.minecraft.world.entity.npc.Villager/]: Villager Villager['Nitwit'/11502, l='ServerLevel[world]', x=1321.52, y=64.00, z=1161.58] died, message: 'Nitwit froze to death'
[21Dec2025 16:32:07.335] [Server thread/INFO] [net.minecraft.server.MinecraftServer/]: [leo_carbajo: Teleported pegaol888 to leo_carbajo]
[21Dec2025 16:33:02.258] [Server thread/WARN] [net.minecraft.server.level.ServerPlayerGameMode/]: Mismatch in destroy block pos: BlockPos{x=1711, y=71, z=1609} BlockPos{x=1711, y=70, z=1609}
[21Dec2025 16:33:02.303] [Server thread/WARN] [net.minecraft.server.level.ServerPlayerGameMode/]: Mismatch in destroy block pos: BlockPos{x=1711, y=71, z=1609} BlockPos{x=1711, y=70, z=1609}
[21Dec2025 16:33:02.350] [Server thread/WARN] [net.minecraft.server.level.ServerPlayerGameMode/]: Mismatch in destroy block pos: BlockPos{x=1711, y=71, z=1609} BlockPos{x=1711, y=70, z=1609}
[21Dec2025 16:33:02.406] [Server thread/WARN] [net.minecraft.server.level.ServerPlayerGameMode/]: Mismatch in destroy block pos: BlockPos{x=1711, y=71, z=1609} BlockPos{x=1711, y=70, z=1609}
[21Dec2025 16:33:02.448] [Server thread/WARN] [net.minecraft.server.level.ServerPlayerGameMode/]: Mismatch in destroy block pos: BlockPos{x=1711, y=71, z=1609} BlockPos{x=1711, y=70, z=1609}
[21Dec2025 16:33:02.504] [Server thread/WARN] [net.minecraft.server.level.ServerPlayerGameMode/]: Mismatch in destroy block pos: BlockPos{x=1711, y=71, z=1609} BlockPos{x=1711, y=70, z=1609}
[21Dec2025 16:33:02.559] [Server thread/WARN] [net.minecraft.server.level.ServerPlayerGameMode/]: Mismatch in destroy block pos: BlockPos{x=1711, y=71, z=1609} BlockPos{x=1711, y=70, z=1609}
[21Dec2025 16:33:02.601] [Server thread/WARN] [net.minecraft.server.level.ServerPlayerGameMode/]: Mismatch in destroy block pos: BlockPos{x=1711, y=71, z=1609} BlockPos{x=1711, y=70, z=1609}
[21Dec2025 16:33:16.275] [Server thread/DEBUG] [net.minecraftforge.common.ForgeHooks/WP]: Gathering id map for writing to world save world
[21Dec2025 16:33:16.293] [Server thread/DEBUG] [net.minecraftforge.common.ForgeHooks/WP]: ID Map collection complete world
[21Dec2025 16:33:18.851] [Server thread/WARN] [net.minecraft.server.level.ServerPlayerGameMode/]: Mismatch in destroy block pos: BlockPos{x=1698, y=75, z=1619} BlockPos{x=1698, y=74, z=1617}
[21Dec2025 16:33:21.005] [Server thread/WARN] [net.minecraft.server.level.ServerPlayerGameMode/]: Mismatch in destroy block pos: BlockPos{x=1703, y=74, z=1623} BlockPos{x=1703, y=73, z=1624}
[21Dec2025 16:34:20.243] [Server thread/INFO] [net.minecraft.server.MinecraftServer/]: [leo_carbajo: Set the weather to clear]
[21Dec2025 16:35:42.877] [Server thread/INFO] [net.minecraft.server.MinecraftServer/]: [leo_carbajo: Set the weather to clear]
[21Dec2025 16:35:45.488] [Server thread/INFO] [net.minecraft.server.MinecraftServer/]: [leo_carbajo: Teleported pegaol888 to leo_carbajo]
[21Dec2025 16:38:16.225] [Server thread/DEBUG] [net.minecraftforge.common.ForgeHooks/WP]: Gathering id map for writing to world save world
[21Dec2025 16:38:16.241] [Server thread/DEBUG] [net.minecraftforge.common.ForgeHooks/WP]: ID Map collection complete world
[21Dec2025 16:39:43.386] [Server thread/INFO] [net.minecraft.server.MinecraftServer/]: leo_carbajo has made the advancement [Tools of the Trade]
[21Dec2025 16:39:50.882] [Server thread/DEBUG] [io.redspace.ironsspellbooks.IronsSpellbooks/]: AppendLootModifier.doApply irons_spellbooks:chests/additional_generic_loot
[21Dec2025 16:40:15.139] [Server thread/INFO] [net.minecraft.server.MinecraftServer/]: leo_carbajo has reached the goal [Quaint Scribe]
[21Dec2025 16:40:32.985] [Server thread/DEBUG] [io.redspace.ironsspellbooks.IronsSpellbooks/]: AppendLootModifier.doApply irons_spellbooks:chests/additional_generic_loot
[21Dec2025 16:42:46.636] [Server thread/INFO] [net.minecraft.world.entity.npc.Villager/]: Villager Villager['Villager'/19793, l='ServerLevel[world]', x=2376.29, y=70.00, z=1864.73] died, message: 'Villager was slain by Zombie'
[21Dec2025 16:43:16.232] [Server thread/DEBUG] [net.minecraftforge.common.ForgeHooks/WP]: Gathering id map for writing to world save world
[21Dec2025 16:43:16.254] [Server thread/DEBUG] [net.minecraftforge.common.ForgeHooks/WP]: ID Map collection complete world
[21Dec2025 16:44:08.439] [Server thread/INFO] [net.minecraft.server.MinecraftServer/]: leo_carbajo has reached the goal [Plant Food]
[21Dec2025 16:44:19.583] [Server thread/INFO] [net.minecraft.server.MinecraftServer/]: pegaol888 has reached the goal [Plant Food]
[21Dec2025 16:44:30.532] [Server thread/INFO] [net.minecraft.world.entity.npc.Villager/]: Villager Villager['Villager'/19816, l='ServerLevel[world]', x=2366.43, y=52.02, z=1974.17] died, message: 'Villager was slain by Zombie'
[21Dec2025 16:47:49.475] [Server thread/INFO] [net.minecraft.server.MinecraftServer/]: [leo_carbajo: Teleported pegaol888 to leo_carbajo]
[21Dec2025 16:48:16.221] [Server thread/DEBUG] [net.minecraftforge.common.ForgeHooks/WP]: Gathering id map for writing to world save world
[21Dec2025 16:48:16.236] [Server thread/DEBUG] [net.minecraftforge.common.ForgeHooks/WP]: ID Map collection complete world
[21Dec2025 16:51:32.036] [Server thread/INFO] [net.minecraft.server.MinecraftServer/]: pegaol888 has made the advancement [Amateur Archaeologist]
[21Dec2025 16:52:37.180] [Server thread/INFO] [net.minecraft.server.MinecraftServer/]: leo_carbajo has made the advancement [Magery]
[21Dec2025 16:53:16.230] [Server thread/DEBUG] [net.minecraftforge.common.ForgeHooks/WP]: Gathering id map for writing to world save world
[21Dec2025 16:53:16.246] [Server thread/DEBUG] [net.minecraftforge.common.ForgeHooks/WP]: ID Map collection complete world
[21Dec2025 16:54:23.883] [Server thread/INFO] [net.minecraft.server.MinecraftServer/]: leo_carbajo has made the advancement [Into Fire]
[21Dec2025 16:54:51.404] [Server thread/INFO] [net.minecraft.server.MinecraftServer/]: leo_carbajo has made the advancement [A Fool's Folly]
[21Dec2025 16:58:16.216] [Server thread/DEBUG] [net.minecraftforge.common.ForgeHooks/WP]: Gathering id map for writing to world save world
[21Dec2025 16:58:16.231] [Server thread/DEBUG] [net.minecraftforge.common.ForgeHooks/WP]: ID Map collection complete world
[21Dec2025 16:59:38.979] [Server thread/INFO] [net.minecraft.server.MinecraftServer/]: [leo_carbajo: Set own game mode to Creative Mode]
[21Dec2025 16:59:51.694] [Server thread/INFO] [net.minecraft.server.MinecraftServer/]: [leo_carbajo: Set own game mode to Survival Mode]
[21Dec2025 17:03:16.214] [Server thread/DEBUG] [net.minecraftforge.common.ForgeHooks/WP]: Gathering id map for writing to world save world
[21Dec2025 17:03:16.229] [Server thread/DEBUG] [net.minecraftforge.common.ForgeHooks/WP]: ID Map collection complete world
[21Dec2025 17:08:05.094] [Server thread/WARN] [net.minecraft.server.network.ServerGamePacketListenerImpl/]: leo_carbajo moved wrongly!
[21Dec2025 17:08:16.233] [Server thread/DEBUG] [net.minecraftforge.common.ForgeHooks/WP]: Gathering id map for writing to world save world
[21Dec2025 17:08:16.251] [Server thread/DEBUG] [net.minecraftforge.common.ForgeHooks/WP]: ID Map collection complete world
[21Dec2025 17:11:42.759] [Server thread/INFO] [net.minecraft.server.MinecraftServer/]: leo_carbajo has made the advancement [Let's Get Baking!]
[21Dec2025 17:12:43.458] [Server thread/INFO] [net.minecraft.server.MinecraftServer/]: leo_carbajo has made the advancement [Tiny Treats: Crafting a Small Cooking Pot]
[21Dec2025 17:13:16.210] [Server thread/DEBUG] [net.minecraftforge.common.ForgeHooks/WP]: Gathering id map for writing to world save world
[21Dec2025 17:13:16.225] [Server thread/DEBUG] [net.minecraftforge.common.ForgeHooks/WP]: ID Map collection complete world
[21Dec2025 17:14:37.638] [Server thread/WARN] [net.minecraft.server.network.ServerGamePacketListenerImpl/]: pegaol888 moved wrongly!
[21Dec2025 17:18:16.231] [Server thread/DEBUG] [net.minecraftforge.common.ForgeHooks/WP]: Gathering id map for writing to world save world
[21Dec2025 17:18:16.248] [Server thread/DEBUG] [net.minecraftforge.common.ForgeHooks/WP]: ID Map collection complete world
[21Dec2025 17:23:16.215] [Server thread/DEBUG] [net.minecraftforge.common.ForgeHooks/WP]: Gathering id map for writing to world save world
[21Dec2025 17:23:16.231] [Server thread/DEBUG] [net.minecraftforge.common.ForgeHooks/WP]: ID Map collection complete world
[21Dec2025 17:23:21.154] [Server thread/INFO] [net.minecraft.server.MinecraftServer/]: pegaol888 has made the advancement [Chest Slayer]
[21Dec2025 17:24:07.535] [Server thread/INFO] [net.minecraft.world.entity.npc.Villager/]: Villager Villager['Villager'/22877, l='ServerLevel[world]', x=158.31, y=78.00, z=881.43] died, message: 'Villager was slain by Zombie'
[21Dec2025 17:26:18.400] [Server thread/DEBUG] [mixin/]: Mixing gameplay.CooldownInstanceAccessor from the_bumblezone-common.mixins.json into net.minecraft.world.item.ItemCooldowns$CooldownInstance
[21Dec2025 17:28:16.219] [Server thread/DEBUG] [net.minecraftforge.common.ForgeHooks/WP]: Gathering id map for writing to world save world
[21Dec2025 17:28:16.233] [Server thread/DEBUG] [net.minecraftforge.common.ForgeHooks/WP]: ID Map collection complete world
[21Dec2025 17:32:11.729] [Server thread/INFO] [net.minecraft.server.MinecraftServer/]: leo_carbajo has made the advancement [A Seedy Place]
[21Dec2025 17:33:16.231] [Server thread/DEBUG] [net.minecraftforge.common.ForgeHooks/WP]: Gathering id map for writing to world save world
[21Dec2025 17:33:16.246] [Server thread/DEBUG] [net.minecraftforge.common.ForgeHooks/WP]: ID Map collection complete world
[21Dec2025 17:36:59.083] [Server thread/DEBUG] [io.redspace.ironsspellbooks.IronsSpellbooks/]: AppendLootModifier.doApply irons_spellbooks:chests/additional_generic_loot
[21Dec2025 17:38:03.484] [Server thread/DEBUG] [io.redspace.ironsspellbooks.IronsSpellbooks/]: AppendLootModifier.doApply irons_spellbooks:chests/additional_generic_loot
[21Dec2025 17:38:16.219] [Server thread/DEBUG] [net.minecraftforge.common.ForgeHooks/WP]: Gathering id map for writing to world save world
[21Dec2025 17:38:16.235] [Server thread/DEBUG] [net.minecraftforge.common.ForgeHooks/WP]: ID Map collection complete world
[21Dec2025 17:43:16.216] [Server thread/DEBUG] [net.minecraftforge.common.ForgeHooks/WP]: Gathering id map for writing to world save world
[21Dec2025 17:43:16.232] [Server thread/DEBUG] [net.minecraftforge.common.ForgeHooks/WP]: ID Map collection complete world
[21Dec2025 17:44:47.205] [Server thread/INFO] [net.minecraft.server.MinecraftServer/]: [leo_carbajo: Set own game mode to Creative Mode]
[21Dec2025 17:47:45.789] [Server thread/INFO] [net.minecraft.server.MinecraftServer/]: [leo_carbajo: Teleported pegaol888 to leo_carbajo]
[21Dec2025 17:48:16.220] [Server thread/DEBUG] [net.minecraftforge.common.ForgeHooks/WP]: Gathering id map for writing to world save world
[21Dec2025 17:48:16.236] [Server thread/DEBUG] [net.minecraftforge.common.ForgeHooks/WP]: ID Map collection complete world
[21Dec2025 17:49:29.516] [Server thread/INFO] [net.minecraft.world.entity.npc.Villager/]: Villager Villager['Fletcher'/22742, l='ServerLevel[world]', x=218.82, y=63.00, z=847.51] died, message: 'Fletcher hit the ground too hard'
[21Dec2025 17:51:27.293] [Server thread/INFO] [net.minecraft.server.MinecraftServer/]: [leo_carbajo: Set own game mode to Survival Mode]
[21Dec2025 17:53:16.217] [Server thread/DEBUG] [net.minecraftforge.common.ForgeHooks/WP]: Gathering id map for writing to world save world
[21Dec2025 17:53:16.232] [Server thread/DEBUG] [net.minecraftforge.common.ForgeHooks/WP]: ID Map collection complete world
[21Dec2025 17:54:51.928] [Server thread/INFO] [net.minecraft.server.MinecraftServer/]: pegaol888 has made the advancement [Tools of the Trade]
[21Dec2025 17:57:41.149] [Server thread/INFO] [net.minecraft.server.MinecraftServer/]: [leo_carbajo: Set own game mode to Creative Mode]
[21Dec2025 17:58:02.890] [Server thread/INFO] [net.minecraft.server.MinecraftServer/]: [leo_carbajo: Set own game mode to Survival Mode]
[21Dec2025 17:58:16.214] [Server thread/DEBUG] [net.minecraftforge.common.ForgeHooks/WP]: Gathering id map for writing to world save world
[21Dec2025 17:58:16.228] [Server thread/DEBUG] [net.minecraftforge.common.ForgeHooks/WP]: ID Map collection complete world
[21Dec2025 17:58:38.639] [Server thread/INFO] [net.minecraft.server.MinecraftServer/]: [leo_carbajo: Set own game mode to Creative Mode]
[21Dec2025 18:01:48.630] [Server thread/INFO] [net.minecraft.server.MinecraftServer/]: [leo_carbajo: Set own game mode to Survival Mode]
[21Dec2025 18:03:16.223] [Server thread/DEBUG] [net.minecraftforge.common.ForgeHooks/WP]: Gathering id map for writing to world save world
[21Dec2025 18:03:16.239] [Server thread/DEBUG] [net.minecraftforge.common.ForgeHooks/WP]: ID Map collection complete world
[21Dec2025 18:06:05.809] [Server thread/INFO] [net.minecraft.server.MinecraftServer/]: [leo_carbajo: Set own game mode to Creative Mode]
[21Dec2025 18:06:21.929] [Server thread/INFO] [net.minecraft.server.MinecraftServer/]: [leo_carbajo: Set own game mode to Survival Mode]
[21Dec2025 18:06:25.425] [Server thread/INFO] [net.minecraft.world.entity.npc.Villager/]: Villager Villager['Villager'/22924, l='ServerLevel[world]', x=140.07, y=87.00, z=841.94] died, message: 'Villager hit the ground too hard'
[21Dec2025 18:06:25.936] [Server thread/INFO] [net.minecraft.server.MinecraftServer/]: [leo_carbajo: Set own game mode to Creative Mode]
[21Dec2025 18:06:30.834] [Server thread/INFO] [net.minecraft.server.MinecraftServer/]: pegaol888 has made the advancement [No shelf organization]
[21Dec2025 18:07:18.793] [Server thread/INFO] [net.minecraft.server.MinecraftServer/]: [leo_carbajo: Set own game mode to Survival Mode]
[21Dec2025 18:08:16.210] [Server thread/DEBUG] [net.minecraftforge.common.ForgeHooks/WP]: Gathering id map for writing to world save world
[21Dec2025 18:08:16.222] [Server thread/DEBUG] [net.minecraftforge.common.ForgeHooks/WP]: ID Map collection complete world
[21Dec2025 18:12:28.732] [Server thread/INFO] [net.minecraft.server.MinecraftServer/]: [leo_carbajo: Set own game mode to Creative Mode]
[21Dec2025 18:12:45.157] [Server thread/INFO] [net.minecraft.server.MinecraftServer/]: [leo_carbajo: Set own game mode to Survival Mode]
[21Dec2025 18:13:16.212] [Server thread/DEBUG] [net.minecraftforge.common.ForgeHooks/WP]: Gathering id map for writing to world save world
[21Dec2025 18:13:16.228] [Server thread/DEBUG] [net.minecraftforge.common.ForgeHooks/WP]: ID Map collection complete world
[21Dec2025 18:13:25.184] [Server thread/INFO] [net.minecraft.server.MinecraftServer/]: leo_carbajo has made the advancement [Yeast of your worries, doughn't worry, be happy!]
[21Dec2025 18:14:39.032] [Server thread/INFO] [net.minecraft.server.MinecraftServer/]: [leo_carbajo: Set own game mode to Creative Mode]
[21Dec2025 18:15:01.356] [Server thread/INFO] [net.minecraft.server.MinecraftServer/]: [leo_carbajo: Set own game mode to Survival Mode]
[21Dec2025 18:18:16.220] [Server thread/DEBUG] [net.minecraftforge.common.ForgeHooks/WP]: Gathering id map for writing to world save world
[21Dec2025 18:18:16.236] [Server thread/DEBUG] [net.minecraftforge.common.ForgeHooks/WP]: ID Map collection complete world
[21Dec2025 18:18:49.483] [Server thread/INFO] [net.minecraft.server.MinecraftServer/]: [leo_carbajo: Set the weather to clear]
[21Dec2025 18:22:27.127] [Server thread/INFO] [net.minecraft.server.MinecraftServer/]: pegaol888 has made the advancement [Magery]
[21Dec2025 18:23:16.210] [Server thread/DEBUG] [net.minecraftforge.common.ForgeHooks/WP]: Gathering id map for writing to world save world
[21Dec2025 18:23:16.225] [Server thread/DEBUG] [net.minecraftforge.common.ForgeHooks/WP]: ID Map collection complete world
[21Dec2025 18:26:15.781] [Server thread/DEBUG] [io.redspace.ironsspellbooks.IronsSpellbooks/]: ClientboundSyncTargetingData.toBytes: irons_spellbooks:blessing_of_life 1: [4a0964fc-a05b-31e2-aba8-a81faa00afa4]
[21Dec2025 18:26:30.981] [Server thread/DEBUG] [io.redspace.ironsspellbooks.IronsSpellbooks/]: ClientboundSyncTargetingData.toBytes: irons_spellbooks:blessing_of_life 1: [4a0964fc-a05b-31e2-aba8-a81faa00afa4]
[21Dec2025 18:26:32.596] [Server thread/DEBUG] [io.redspace.ironsspellbooks.IronsSpellbooks/]: ClientboundSyncTargetingData.toBytes: irons_spellbooks:blessing_of_life 1: [4a0964fc-a05b-31e2-aba8-a81faa00afa4]
[21Dec2025 18:28:16.218] [Server thread/DEBUG] [net.minecraftforge.common.ForgeHooks/WP]: Gathering id map for writing to world save world
[21Dec2025 18:28:16.233] [Server thread/DEBUG] [net.minecraftforge.common.ForgeHooks/WP]: ID Map collection complete world
[21Dec2025 18:33:16.210] [Server thread/DEBUG] [net.minecraftforge.common.ForgeHooks/WP]: Gathering id map for writing to world save world
[21Dec2025 18:33:16.225] [Server thread/DEBUG] [net.minecraftforge.common.ForgeHooks/WP]: ID Map collection complete world
[21Dec2025 18:35:15.028] [Server thread/DEBUG] [io.redspace.ironsspellbooks.IronsSpellbooks/]: ClientboundSyncTargetingData.toBytes: irons_spellbooks:blessing_of_life 1: [4a0964fc-a05b-31e2-aba8-a81faa00afa4]
[21Dec2025 18:35:17.890] [Server thread/DEBUG] [io.redspace.ironsspellbooks.IronsSpellbooks/]: ClientboundSyncTargetingData.toBytes: irons_spellbooks:blessing_of_life 1: [4a0964fc-a05b-31e2-aba8-a81faa00afa4]
[21Dec2025 18:35:44.853] [Server thread/INFO] [net.minecraft.server.MinecraftServer/]: pegaol888 was slain by leo_carbajo
[21Dec2025 18:37:33.704] [Server thread/DEBUG] [io.redspace.ironsspellbooks.IronsSpellbooks/]: ClientboundSyncTargetingData.toBytes: irons_spellbooks:blessing_of_life 1: [4a0964fc-a05b-31e2-aba8-a81faa00afa4]
[21Dec2025 18:38:16.216] [Server thread/DEBUG] [net.minecraftforge.common.ForgeHooks/WP]: Gathering id map for writing to world save world
[21Dec2025 18:38:16.232] [Server thread/DEBUG] [net.minecraftforge.common.ForgeHooks/WP]: ID Map collection complete world
[21Dec2025 18:43:16.208] [Server thread/DEBUG] [net.minecraftforge.common.ForgeHooks/WP]: Gathering id map for writing to world save world
[21Dec2025 18:43:16.225] [Server thread/DEBUG] [net.minecraftforge.common.ForgeHooks/WP]: ID Map collection complete world
[21Dec2025 18:46:29.822] [Server thread/INFO] [net.minecraft.world.entity.npc.Villager/]: Villager Villager['Villager'/22861, l='ServerLevel[world]', x=139.98, y=87.00, z=841.97] died, message: 'Villager hit the ground too hard'
[21Dec2025 18:46:36.848] [Server thread/INFO] [net.minecraft.server.MinecraftServer/]: [leo_carbajo: Teleported pegaol888 to leo_carbajo]
[21Dec2025 18:48:16.196] [Server thread/DEBUG] [net.minecraftforge.common.ForgeHooks/WP]: Gathering id map for writing to world save world
[21Dec2025 18:48:16.211] [Server thread/DEBUG] [net.minecraftforge.common.ForgeHooks/WP]: ID Map collection complete world
[21Dec2025 18:49:38.449] [Server thread/INFO] [net.minecraft.server.MinecraftServer/]: pegaol888 has made the advancement [A Fool's Folly]
[21Dec2025 18:49:44.923] [Server thread/INFO] [net.minecraft.server.MinecraftServer/]: pegaol888 has made the advancement [Into Fire]
[21Dec2025 18:50:20.815] [Server thread/DEBUG] [io.redspace.ironsspellbooks.IronsSpellbooks/]: Smallmagicfireball.writespawndata: null
[21Dec2025 18:50:20.815] [Server thread/DEBUG] [io.redspace.ironsspellbooks.IronsSpellbooks/]: Smallmagicfireball.writespawndata: null
[21Dec2025 18:50:21.065] [Server thread/DEBUG] [io.redspace.ironsspellbooks.IronsSpellbooks/]: Smallmagicfireball.writespawndata: null
[21Dec2025 18:50:21.065] [Server thread/DEBUG] [io.redspace.ironsspellbooks.IronsSpellbooks/]: Smallmagicfireball.writespawndata: null
[21Dec2025 18:50:21.316] [Server thread/DEBUG] [io.redspace.ironsspellbooks.IronsSpellbooks/]: Smallmagicfireball.writespawndata: null
[21Dec2025 18:50:21.316] [Server thread/DEBUG] [io.redspace.ironsspellbooks.IronsSpellbooks/]: Smallmagicfireball.writespawndata: null
[21Dec2025 18:50:21.565] [Server thread/DEBUG] [io.redspace.ironsspellbooks.IronsSpellbooks/]: Smallmagicfireball.writespawndata: null
[21Dec2025 18:50:21.565] [Server thread/DEBUG] [io.redspace.ironsspellbooks.IronsSpellbooks/]: Smallmagicfireball.writespawndata: null
[21Dec2025 18:50:21.815] [Server thread/DEBUG] [io.redspace.ironsspellbooks.IronsSpellbooks/]: Smallmagicfireball.writespawndata: null
[21Dec2025 18:50:21.816] [Server thread/DEBUG] [io.redspace.ironsspellbooks.IronsSpellbooks/]: Smallmagicfireball.writespawndata: null
[21Dec2025 18:50:22.066] [Server thread/DEBUG] [io.redspace.ironsspellbooks.IronsSpellbooks/]: Smallmagicfireball.writespawndata: null
[21Dec2025 18:50:22.066] [Server thread/DEBUG] [io.redspace.ironsspellbooks.IronsSpellbooks/]: Smallmagicfireball.writespawndata: null
[21Dec2025 18:50:22.317] [Server thread/DEBUG] [io.redspace.ironsspellbooks.IronsSpellbooks/]: Smallmagicfireball.writespawndata: null
[21Dec2025 18:50:22.317] [Server thread/DEBUG] [io.redspace.ironsspellbooks.IronsSpellbooks/]: Smallmagicfireball.writespawndata: null
[21Dec2025 18:50:22.564] [Server thread/DEBUG] [io.redspace.ironsspellbooks.IronsSpellbooks/]: Smallmagicfireball.writespawndata: null
[21Dec2025 18:50:22.564] [Server thread/DEBUG] [io.redspace.ironsspellbooks.IronsSpellbooks/]: Smallmagicfireball.writespawndata: null
[21Dec2025 18:50:22.817] [Server thread/DEBUG] [io.redspace.ironsspellbooks.IronsSpellbooks/]: Smallmagicfireball.writespawndata: null
[21Dec2025 18:50:22.817] [Server thread/DEBUG] [io.redspace.ironsspellbooks.IronsSpellbooks/]: Smallmagicfireball.writespawndata: null
[21Dec2025 18:50:23.064] [Server thread/DEBUG] [io.redspace.ironsspellbooks.IronsSpellbooks/]: Smallmagicfireball.writespawndata: null
[21Dec2025 18:50:23.064] [Server thread/DEBUG] [io.redspace.ironsspellbooks.IronsSpellbooks/]: Smallmagicfireball.writespawndata: null
[21Dec2025 18:50:23.315] [Server thread/DEBUG] [io.redspace.ironsspellbooks.IronsSpellbooks/]: Smallmagicfireball.writespawndata: null
[21Dec2025 18:50:23.315] [Server thread/DEBUG] [io.redspace.ironsspellbooks.IronsSpellbooks/]: Smallmagicfireball.writespawndata: null
[21Dec2025 18:50:23.565] [Server thread/DEBUG] [io.redspace.ironsspellbooks.IronsSpellbooks/]: Smallmagicfireball.writespawndata: null
[21Dec2025 18:50:23.565] [Server thread/DEBUG] [io.redspace.ironsspellbooks.IronsSpellbooks/]: Smallmagicfireball.writespawndata: null
[21Dec2025 18:50:23.816] [Server thread/DEBUG] [io.redspace.ironsspellbooks.IronsSpellbooks/]: Smallmagicfireball.writespawndata: null
[21Dec2025 18:50:23.816] [Server thread/DEBUG] [io.redspace.ironsspellbooks.IronsSpellbooks/]: Smallmagicfireball.writespawndata: null
[21Dec2025 18:50:24.066] [Server thread/DEBUG] [io.redspace.ironsspellbooks.IronsSpellbooks/]: Smallmagicfireball.writespawndata: null
[21Dec2025 18:50:24.067] [Server thread/DEBUG] [io.redspace.ironsspellbooks.IronsSpellbooks/]: Smallmagicfireball.writespawndata: null
[21Dec2025 18:50:47.167] [Server thread/DEBUG] [io.redspace.ironsspellbooks.IronsSpellbooks/]: Smallmagicfireball.writespawndata: null
[21Dec2025 18:50:47.167] [Server thread/DEBUG] [io.redspace.ironsspellbooks.IronsSpellbooks/]: Smallmagicfireball.writespawndata: null
[21Dec2025 18:50:47.414] [Server thread/DEBUG] [io.redspace.ironsspellbooks.IronsSpellbooks/]: Smallmagicfireball.writespawndata: null
[21Dec2025 18:50:47.415] [Server thread/DEBUG] [io.redspace.ironsspellbooks.IronsSpellbooks/]: Smallmagicfireball.writespawndata: null
[21Dec2025 18:50:47.664] [Server thread/DEBUG] [io.redspace.ironsspellbooks.IronsSpellbooks/]: Smallmagicfireball.writespawndata: null
[21Dec2025 18:50:47.664] [Server thread/DEBUG] [io.redspace.ironsspellbooks.IronsSpellbooks/]: Smallmagicfireball.writespawndata: null
[21Dec2025 18:50:47.916] [Server thread/DEBUG] [io.redspace.ironsspellbooks.IronsSpellbooks/]: Smallmagicfireball.writespawndata: null
[21Dec2025 18:50:47.916] [Server thread/DEBUG] [io.redspace.ironsspellbooks.IronsSpellbooks/]: Smallmagicfireball.writespawndata: null
[21Dec2025 18:50:48.166] [Server thread/DEBUG] [io.redspace.ironsspellbooks.IronsSpellbooks/]: Smallmagicfireball.writespawndata: null
[21Dec2025 18:50:48.166] [Server thread/DEBUG] [io.redspace.ironsspellbooks.IronsSpellbooks/]: Smallmagicfireball.writespawndata: null
[21Dec2025 18:50:48.417] [Server thread/DEBUG] [io.redspace.ironsspellbooks.IronsSpellbooks/]: Smallmagicfireball.writespawndata: null
[21Dec2025 18:50:48.418] [Server thread/DEBUG] [io.redspace.ironsspellbooks.IronsSpellbooks/]: Smallmagicfireball.writespawndata: null
[21Dec2025 18:50:48.518] [Server thread/INFO] [net.minecraft.server.MinecraftServer/]: pegaol888 was engulfed by Pyromancer's blazing fires
[21Dec2025 18:50:55.046] [Server thread/INFO] [net.minecraft.server.MinecraftServer/]: [leo_carbajo: Teleported pegaol888 to leo_carbajo]
[21Dec2025 18:51:04.166] [Server thread/DEBUG] [io.redspace.ironsspellbooks.IronsSpellbooks/]: Smallmagicfireball.writespawndata: null
[21Dec2025 18:51:04.167] [Server thread/DEBUG] [io.redspace.ironsspellbooks.IronsSpellbooks/]: Smallmagicfireball.writespawndata: null
[21Dec2025 18:51:04.418] [Server thread/DEBUG] [io.redspace.ironsspellbooks.IronsSpellbooks/]: Smallmagicfireball.writespawndata: null
[21Dec2025 18:51:04.418] [Server thread/DEBUG] [io.redspace.ironsspellbooks.IronsSpellbooks/]: Smallmagicfireball.writespawndata: null
[21Dec2025 18:51:04.666] [Server thread/DEBUG] [io.redspace.ironsspellbooks.IronsSpellbooks/]: Smallmagicfireball.writespawndata: null
[21Dec2025 18:51:04.666] [Server thread/DEBUG] [io.redspace.ironsspellbooks.IronsSpellbooks/]: Smallmagicfireball.writespawndata: null
[21Dec2025 18:51:04.916] [Server thread/DEBUG] [io.redspace.ironsspellbooks.IronsSpellbooks/]: Smallmagicfireball.writespawndata: null
[21Dec2025 18:51:04.916] [Server thread/DEBUG] [io.redspace.ironsspellbooks.IronsSpellbooks/]: Smallmagicfireball.writespawndata: null
[21Dec2025 18:51:05.167] [Server thread/DEBUG] [io.redspace.ironsspellbooks.IronsSpellbooks/]: Smallmagicfireball.writespawndata: null
[21Dec2025 18:51:05.167] [Server thread/DEBUG] [io.redspace.ironsspellbooks.IronsSpellbooks/]: Smallmagicfireball.writespawndata: null
[21Dec2025 18:51:05.416] [Server thread/DEBUG] [io.redspace.ironsspellbooks.IronsSpellbooks/]: Smallmagicfireball.writespawndata: null
[21Dec2025 18:51:05.416] [Server thread/DEBUG] [io.redspace.ironsspellbooks.IronsSpellbooks/]: Smallmagicfireball.writespawndata: null
[21Dec2025 18:51:05.666] [Server thread/DEBUG] [io.redspace.ironsspellbooks.IronsSpellbooks/]: Smallmagicfireball.writespawndata: null
[21Dec2025 18:51:05.666] [Server thread/DEBUG] [io.redspace.ironsspellbooks.IronsSpellbooks/]: Smallmagicfireball.writespawndata: null
[21Dec2025 18:51:05.916] [Server thread/DEBUG] [io.redspace.ironsspellbooks.IronsSpellbooks/]: Smallmagicfireball.writespawndata: null
[21Dec2025 18:51:05.916] [Server thread/DEBUG] [io.redspace.ironsspellbooks.IronsSpellbooks/]: Smallmagicfireball.writespawndata: null
[21Dec2025 18:51:06.166] [Server thread/DEBUG] [io.redspace.ironsspellbooks.IronsSpellbooks/]: Smallmagicfireball.writespawndata: null
[21Dec2025 18:51:06.166] [Server thread/DEBUG] [io.redspace.ironsspellbooks.IronsSpellbooks/]: Smallmagicfireball.writespawndata: null
[21Dec2025 18:51:06.416] [Server thread/DEBUG] [io.redspace.ironsspellbooks.IronsSpellbooks/]: Smallmagicfireball.writespawndata: null
[21Dec2025 18:51:06.416] [Server thread/DEBUG] [io.redspace.ironsspellbooks.IronsSpellbooks/]: Smallmagicfireball.writespawndata: null
[21Dec2025 18:51:06.666] [Server thread/DEBUG] [io.redspace.ironsspellbooks.IronsSpellbooks/]: Smallmagicfireball.writespawndata: null
[21Dec2025 18:51:06.667] [Server thread/DEBUG] [io.redspace.ironsspellbooks.IronsSpellbooks/]: Smallmagicfireball.writespawndata: null
[21Dec2025 18:51:06.916] [Server thread/DEBUG] [io.redspace.ironsspellbooks.IronsSpellbooks/]: Smallmagicfireball.writespawndata: null
[21Dec2025 18:51:06.916] [Server thread/DEBUG] [io.redspace.ironsspellbooks.IronsSpellbooks/]: Smallmagicfireball.writespawndata: null
[21Dec2025 18:51:07.166] [Server thread/DEBUG] [io.redspace.ironsspellbooks.IronsSpellbooks/]: Smallmagicfireball.writespawndata: null
[21Dec2025 18:51:07.167] [Server thread/DEBUG] [io.redspace.ironsspellbooks.IronsSpellbooks/]: Smallmagicfireball.writespawndata: null
[21Dec2025 18:51:07.416] [Server thread/DEBUG] [io.redspace.ironsspellbooks.IronsSpellbooks/]: Smallmagicfireball.writespawndata: null
[21Dec2025 18:51:07.416] [Server thread/DEBUG] [io.redspace.ironsspellbooks.IronsSpellbooks/]: Smallmagicfireball.writespawndata: null
[21Dec2025 18:52:27.366] [Server thread/DEBUG] [mixin/]: Mixing blocks.PistonStructureResolverMixin from the_bumblezone-common.mixins.json into net.minecraft.world.level.block.piston.PistonStructureResolver
[21Dec2025 18:53:16.198] [Server thread/DEBUG] [net.minecraftforge.common.ForgeHooks/WP]: Gathering id map for writing to world save world
[21Dec2025 18:53:16.214] [Server thread/DEBUG] [net.minecraftforge.common.ForgeHooks/WP]: ID Map collection complete world
[21Dec2025 18:55:16.030] [Server thread/INFO] [net.minecraft.server.MinecraftServer/]: [leo_carbajo: Set the weather to clear]
[21Dec2025 18:56:05.608] [Server thread/DEBUG] [io.redspace.ironsspellbooks.IronsSpellbooks/]: AppendLootModifier.doApply irons_spellbooks:chests/additional_generic_loot
[21Dec2025 18:56:11.074] [Server thread/INFO] [net.minecraft.server.MinecraftServer/]: leo_carbajo has made the advancement [Hunt and Gather]
[21Dec2025 18:56:37.042] [Server thread/INFO] [net.minecraft.server.MinecraftServer/]: [leo_carbajo: Teleported leo_carbajo to pegaol888]
[21Dec2025 18:58:16.198] [Server thread/DEBUG] [net.minecraftforge.common.ForgeHooks/WP]: Gathering id map for writing to world save world
[21Dec2025 18:58:16.213] [Server thread/DEBUG] [net.minecraftforge.common.ForgeHooks/WP]: ID Map collection complete world
[21Dec2025 18:59:32.859] [Server thread/DEBUG] [io.redspace.ironsspellbooks.IronsSpellbooks/]: AppendLootModifier.doApply irons_spellbooks:chests/additional_generic_loot
[21Dec2025 19:03:16.198] [Server thread/DEBUG] [net.minecraftforge.common.ForgeHooks/WP]: Gathering id map for writing to world save world
[21Dec2025 19:03:16.214] [Server thread/DEBUG] [net.minecraftforge.common.ForgeHooks/WP]: ID Map collection complete world
[21Dec2025 19:05:54.856] [Server thread/INFO] [net.minecraft.server.MinecraftServer/]: leo_carbajo has made the advancement [What a Deal!]
[21Dec2025 19:05:54.857] [Server thread/INFO] [net.minecraft.server.MinecraftServer/]: leo_carbajo has made the advancement [The Noble Drop]
[21Dec2025 19:06:02.086] [Server thread/INFO] [net.minecraft.server.MinecraftServer/]: leo_carbajo has made the advancement [Juicy Success]
[21Dec2025 19:07:37.572] [Server thread/INFO] [net.minecraft.server.MinecraftServer/]: pegaol888 has made the advancement [Juicy Success]
[21Dec2025 19:07:37.874] [Server thread/INFO] [net.minecraft.server.MinecraftServer/]: pegaol888 has made the advancement [The Noble Drop]
[21Dec2025 19:08:16.240] [Server thread/DEBUG] [net.minecraftforge.common.ForgeHooks/WP]: Gathering id map for writing to world save world
[21Dec2025 19:08:16.255] [Server thread/DEBUG] [net.minecraftforge.common.ForgeHooks/WP]: ID Map collection complete world
[21Dec2025 19:10:10.259] [Worker-Main-1/DEBUG] [io.redspace.ironsspellbooks.IronsSpellbooks/]: IndividualTerrainStructurePoolElement.place: BlockPos{x=2393, y=-34, z=1408}
[21Dec2025 19:10:10.260] [Worker-Main-1/DEBUG] [io.redspace.ironsspellbooks.IronsSpellbooks/]: IndividualTerrainStructurePoolElement.place: BlockPos{x=2408, y=-34, z=1409}
[21Dec2025 19:10:10.278] [Worker-Main-1/DEBUG] [io.redspace.ironsspellbooks.IronsSpellbooks/]: IndividualTerrainStructurePoolElement.place: BlockPos{x=2393, y=-34, z=1408}
[21Dec2025 19:10:10.279] [Worker-Main-1/DEBUG] [io.redspace.ironsspellbooks.IronsSpellbooks/]: IndividualTerrainStructurePoolElement.place: BlockPos{x=2391, y=-34, z=1401}
[21Dec2025 19:10:16.133] [Worker-Main-1/DEBUG] [io.redspace.ironsspellbooks.IronsSpellbooks/]: IndividualTerrainStructurePoolElement.place: BlockPos{x=2407, y=-34, z=1392}
[21Dec2025 19:10:16.133] [Worker-Main-1/DEBUG] [io.redspace.ironsspellbooks.IronsSpellbooks/]: IndividualTerrainStructurePoolElement.place: BlockPos{x=2407, y=-34, z=1387}
[21Dec2025 19:10:16.209] [Server thread/INFO] [net.minecraft.server.MinecraftServer/]: [leo_carbajo: Set own game mode to Creative Mode]
[21Dec2025 19:10:16.477] [Worker-Main-1/DEBUG] [io.redspace.ironsspellbooks.IronsSpellbooks/]: IndividualTerrainStructurePoolElement.place: BlockPos{x=2412, y=-34, z=1409}
[21Dec2025 19:10:16.477] [Worker-Main-1/DEBUG] [io.redspace.ironsspellbooks.IronsSpellbooks/]: IndividualTerrainStructurePoolElement.place: BlockPos{x=2393, y=-34, z=1408}
[21Dec2025 19:10:16.478] [Worker-Main-1/DEBUG] [io.redspace.ironsspellbooks.IronsSpellbooks/]: IndividualTerrainStructurePoolElement.place: BlockPos{x=2411, y=-34, z=1426}
[21Dec2025 19:10:16.478] [Worker-Main-1/DEBUG] [io.redspace.ironsspellbooks.IronsSpellbooks/]: IndividualTerrainStructurePoolElement.place: BlockPos{x=2408, y=-34, z=1409}
[21Dec2025 19:10:16.492] [Worker-Main-1/DEBUG] [io.redspace.ironsspellbooks.IronsSpellbooks/]: IndividualTerrainStructurePoolElement.place: BlockPos{x=2407, y=-34, z=1392}
[21Dec2025 19:10:16.493] [Worker-Main-1/DEBUG] [io.redspace.ironsspellbooks.IronsSpellbooks/]: IndividualTerrainStructurePoolElement.place: BlockPos{x=2418, y=-34, z=1393}
[21Dec2025 19:10:16.493] [Worker-Main-1/DEBUG] [io.redspace.ironsspellbooks.IronsSpellbooks/]: IndividualTerrainStructurePoolElement.place: BlockPos{x=2393, y=-34, z=1408}
[21Dec2025 19:10:16.494] [Worker-Main-1/DEBUG] [io.redspace.ironsspellbooks.IronsSpellbooks/]: IndividualTerrainStructurePoolElement.place: BlockPos{x=2391, y=-34, z=1401}
[21Dec2025 19:10:16.515] [Worker-Main-135/DEBUG] [io.redspace.ironsspellbooks.IronsSpellbooks/]: IndividualTerrainStructurePoolElement.place: BlockPos{x=2424, y=-34, z=1427}
[21Dec2025 19:10:16.516] [Worker-Main-135/DEBUG] [io.redspace.ironsspellbooks.IronsSpellbooks/]: IndividualTerrainStructurePoolElement.place: BlockPos{x=2412, y=-34, z=1409}
[21Dec2025 19:10:16.516] [Worker-Main-135/DEBUG] [io.redspace.ironsspellbooks.IronsSpellbooks/]: IndividualTerrainStructurePoolElement.place: BlockPos{x=2411, y=-34, z=1426}
[21Dec2025 19:10:18.985] [Worker-Main-3/DEBUG] [io.redspace.ironsspellbooks.IronsSpellbooks/]: IndividualTerrainStructurePoolElement.place: BlockPos{x=2450, y=-34, z=1375}
[21Dec2025 19:10:19.040] [Worker-Main-3/DEBUG] [io.redspace.ironsspellbooks.IronsSpellbooks/]: IndividualTerrainStructurePoolElement.place: BlockPos{x=2425, y=-34, z=1392}
[21Dec2025 19:10:19.041] [Worker-Main-3/DEBUG] [io.redspace.ironsspellbooks.IronsSpellbooks/]: IndividualTerrainStructurePoolElement.place: BlockPos{x=2431, y=-34, z=1387}
[21Dec2025 19:10:19.041] [Worker-Main-3/DEBUG] [io.redspace.ironsspellbooks.IronsSpellbooks/]: IndividualTerrainStructurePoolElement.place: BlockPos{x=2407, y=-34, z=1392}
[21Dec2025 19:10:19.041] [Worker-Main-3/DEBUG] [io.redspace.ironsspellbooks.IronsSpellbooks/]: IndividualTerrainStructurePoolElement.place: BlockPos{x=2407, y=-34, z=1387}
[21Dec2025 19:10:19.051] [Worker-Main-3/DEBUG] [io.redspace.ironsspellbooks.IronsSpellbooks/]: IndividualTerrainStructurePoolElement.place: BlockPos{x=2450, y=-34, z=1375}
[21Dec2025 19:10:19.163] [Worker-Main-135/DEBUG] [io.redspace.ironsspellbooks.IronsSpellbooks/]: IndividualTerrainStructurePoolElement.place: BlockPos{x=2425, y=-34, z=1392}
[21Dec2025 19:10:19.163] [Worker-Main-135/DEBUG] [io.redspace.ironsspellbooks.IronsSpellbooks/]: IndividualTerrainStructurePoolElement.place: BlockPos{x=2445, y=-34, z=1393}
[21Dec2025 19:10:19.164] [Worker-Main-135/DEBUG] [io.redspace.ironsspellbooks.IronsSpellbooks/]: IndividualTerrainStructurePoolElement.place: BlockPos{x=2407, y=-34, z=1392}
[21Dec2025 19:10:19.165] [Worker-Main-135/DEBUG] [io.redspace.ironsspellbooks.IronsSpellbooks/]: IndividualTerrainStructurePoolElement.place: BlockPos{x=2418, y=-34, z=1393}
[21Dec2025 19:10:19.165] [Worker-Main-135/DEBUG] [io.redspace.ironsspellbooks.IronsSpellbooks/]: IndividualTerrainStructurePoolElement.place: BlockPos{x=2393, y=-34, z=1408}
[21Dec2025 19:10:19.210] [Worker-Main-3/DEBUG] [io.redspace.ironsspellbooks.IronsSpellbooks/]: IndividualTerrainStructurePoolElement.place: BlockPos{x=2445, y=-34, z=1393}
[21Dec2025 19:10:19.211] [Worker-Main-3/DEBUG] [io.redspace.ironsspellbooks.IronsSpellbooks/]: IndividualTerrainStructurePoolElement.place: BlockPos{x=2412, y=-34, z=1409}
[21Dec2025 19:10:19.211] [Worker-Main-3/DEBUG] [io.redspace.ironsspellbooks.IronsSpellbooks/]: IndividualTerrainStructurePoolElement.place: BlockPos{x=2393, y=-34, z=1408}
[21Dec2025 19:10:19.212] [Worker-Main-3/DEBUG] [io.redspace.ironsspellbooks.IronsSpellbooks/]: IndividualTerrainStructurePoolElement.place: BlockPos{x=2417, y=-34, z=1416}
[21Dec2025 19:10:19.646] [Worker-Main-1/DEBUG] [io.redspace.ironsspellbooks.IronsSpellbooks/]: IndividualTerrainStructurePoolElement.place: BlockPos{x=2450, y=-34, z=1375}
[21Dec2025 19:10:19.668] [Worker-Main-3/DEBUG] [io.redspace.ironsspellbooks.IronsSpellbooks/]: IndividualTerrainStructurePoolElement.place: BlockPos{x=2450, y=-34, z=1375}
[21Dec2025 19:10:20.349] [Worker-Main-1/DEBUG] [io.redspace.ironsspellbooks.IronsSpellbooks/]: IndividualTerrainStructurePoolElement.place: BlockPos{x=2463, y=-34, z=1380}
[21Dec2025 19:10:20.350] [Worker-Main-1/DEBUG] [io.redspace.ironsspellbooks.IronsSpellbooks/]: IndividualTerrainStructurePoolElement.place: BlockPos{x=2425, y=-34, z=1392}
[21Dec2025 19:10:20.350] [Worker-Main-1/DEBUG] [io.redspace.ironsspellbooks.IronsSpellbooks/]: IndividualTerrainStructurePoolElement.place: BlockPos{x=2431, y=-34, z=1387}
[21Dec2025 19:10:20.383] [Worker-Main-135/DEBUG] [io.redspace.ironsspellbooks.IronsSpellbooks/]: IndividualTerrainStructurePoolElement.place: BlockPos{x=2445, y=-34, z=1393}
[21Dec2025 19:10:20.403] [Worker-Main-135/DEBUG] [io.redspace.ironsspellbooks.IronsSpellbooks/]: IndividualTerrainStructurePoolElement.place: BlockPos{x=2463, y=-34, z=1380}
[21Dec2025 19:10:20.403] [Worker-Main-135/DEBUG] [io.redspace.ironsspellbooks.IronsSpellbooks/]: IndividualTerrainStructurePoolElement.place: BlockPos{x=2425, y=-34, z=1392}
[21Dec2025 19:10:20.404] [Worker-Main-135/DEBUG] [io.redspace.ironsspellbooks.IronsSpellbooks/]: IndividualTerrainStructurePoolElement.place: BlockPos{x=2445, y=-34, z=1393}
[21Dec2025 19:10:22.114] [Worker-Main-3/DEBUG] [io.redspace.ironsspellbooks.IronsSpellbooks/]: IndividualTerrainStructurePoolElement.place: BlockPos{x=2450, y=-34, z=1375}
[21Dec2025 19:10:22.335] [Worker-Main-135/DEBUG] [io.redspace.ironsspellbooks.IronsSpellbooks/]: IndividualTerrainStructurePoolElement.place: BlockPos{x=2451, y=-34, z=1362}
[21Dec2025 19:10:22.335] [Worker-Main-135/DEBUG] [io.redspace.ironsspellbooks.IronsSpellbooks/]: IndividualTerrainStructurePoolElement.place: BlockPos{x=2456, y=-34, z=1362}
[21Dec2025 19:10:22.336] [Worker-Main-135/DEBUG] [io.redspace.ironsspellbooks.IronsSpellbooks/]: IndividualTerrainStructurePoolElement.place: BlockPos{x=2450, y=-34, z=1375}
[21Dec2025 19:10:22.374] [Worker-Main-135/DEBUG] [io.redspace.ironsspellbooks.IronsSpellbooks/]: IndividualTerrainStructurePoolElement.place: BlockPos{x=2463, y=-34, z=1380}
[21Dec2025 19:10:22.376] [Worker-Main-135/DEBUG] [io.redspace.ironsspellbooks.IronsSpellbooks/]: IndividualTerrainStructurePoolElement.place: BlockPos{x=2451, y=-34, z=1362}
[21Dec2025 19:10:22.487] [Worker-Main-3/DEBUG] [io.redspace.ironsspellbooks.IronsSpellbooks/]: IndividualTerrainStructurePoolElement.place: BlockPos{x=2463, y=-34, z=1380}
[21Dec2025 19:10:23.752] [Worker-Main-1/DEBUG] [io.redspace.ironsspellbooks.IronsSpellbooks/]: IndividualTerrainStructurePoolElement.place: BlockPos{x=2464, y=-34, z=1408}
[21Dec2025 19:10:23.828] [Worker-Main-135/DEBUG] [io.redspace.ironsspellbooks.IronsSpellbooks/]: IndividualTerrainStructurePoolElement.place: BlockPos{x=2464, y=-34, z=1408}
[21Dec2025 19:10:23.856] [Worker-Main-135/DEBUG] [io.redspace.ironsspellbooks.IronsSpellbooks/]: IndividualTerrainStructurePoolElement.place: BlockPos{x=2464, y=-34, z=1408}
[21Dec2025 19:10:25.007] [Worker-Main-3/DEBUG] [io.redspace.ironsspellbooks.IronsSpellbooks/]: IndividualTerrainStructurePoolElement.place: BlockPos{x=2464, y=-34, z=1408}
[21Dec2025 19:10:25.012] [Worker-Main-3/DEBUG] [io.redspace.ironsspellbooks.IronsSpellbooks/]: IndividualTerrainStructurePoolElement.place: BlockPos{x=2500, y=-34, z=1355}
[21Dec2025 19:10:25.165] [Worker-Main-1/DEBUG] [io.redspace.ironsspellbooks.IronsSpellbooks/]: IndividualTerrainStructurePoolElement.place: BlockPos{x=2464, y=-34, z=1408}
[21Dec2025 19:10:25.170] [Worker-Main-1/DEBUG] [io.redspace.ironsspellbooks.IronsSpellbooks/]: IndividualTerrainStructurePoolElement.place: BlockPos{x=2493, y=-34, z=1380}
[21Dec2025 19:10:25.181] [Worker-Main-135/DEBUG] [io.redspace.ironsspellbooks.IronsSpellbooks/]: IndividualTerrainStructurePoolElement.place: BlockPos{x=2464, y=-34, z=1408}
[21Dec2025 19:10:25.186] [Worker-Main-135/DEBUG] [io.redspace.ironsspellbooks.IronsSpellbooks/]: IndividualTerrainStructurePoolElement.place: BlockPos{x=2500, y=-34, z=1371}
[21Dec2025 19:10:26.134] [Worker-Main-1/DEBUG] [io.redspace.ironsspellbooks.IronsSpellbooks/]: IndividualTerrainStructurePoolElement.place: BlockPos{x=2501, y=-34, z=1344}
[21Dec2025 19:10:26.135] [Worker-Main-1/DEBUG] [io.redspace.ironsspellbooks.IronsSpellbooks/]: IndividualTerrainStructurePoolElement.place: BlockPos{x=2506, y=-34, z=1344}
[21Dec2025 19:10:26.136] [Worker-Main-1/DEBUG] [io.redspace.ironsspellbooks.IronsSpellbooks/]: IndividualTerrainStructurePoolElement.place: BlockPos{x=2500, y=-34, z=1355}
[21Dec2025 19:10:26.173] [Worker-Main-1/DEBUG] [io.redspace.ironsspellbooks.IronsSpellbooks/]: IndividualTerrainStructurePoolElement.place: BlockPos{x=2505, y=-34, z=1379}
[21Dec2025 19:10:26.174] [Worker-Main-1/DEBUG] [io.redspace.ironsspellbooks.IronsSpellbooks/]: IndividualTerrainStructurePoolElement.place: BlockPos{x=2501, y=-34, z=1344}
[21Dec2025 19:10:26.174] [Worker-Main-1/DEBUG] [io.redspace.ironsspellbooks.IronsSpellbooks/]: IndividualTerrainStructurePoolElement.place: BlockPos{x=2500, y=-34, z=1371}
[21Dec2025 19:10:26.174] [Worker-Main-1/DEBUG] [io.redspace.ironsspellbooks.IronsSpellbooks/]: IndividualTerrainStructurePoolElement.place: BlockPos{x=2506, y=-48, z=1363}
[21Dec2025 19:10:26.345] [Worker-Main-135/DEBUG] [io.redspace.ironsspellbooks.IronsSpellbooks/]: IndividualTerrainStructurePoolElement.place: BlockPos{x=2493, y=-34, z=1380}
[21Dec2025 19:10:26.345] [Worker-Main-135/DEBUG] [io.redspace.ironsspellbooks.IronsSpellbooks/]: IndividualTerrainStructurePoolElement.place: BlockPos{x=2505, y=-34, z=1379}
[21Dec2025 19:10:26.635] [Worker-Main-3/DEBUG] [io.redspace.ironsspellbooks.IronsSpellbooks/]: IndividualTerrainStructurePoolElement.place: BlockPos{x=2506, y=-34, z=1344}
[21Dec2025 19:10:26.641] [Worker-Main-135/DEBUG] [io.redspace.ironsspellbooks.IronsSpellbooks/]: IndividualTerrainStructurePoolElement.place: BlockPos{x=2506, y=-48, z=1363}
[21Dec2025 19:10:35.480] [Worker-Main-3/DEBUG] [io.redspace.ironsspellbooks.IronsSpellbooks/]: IndividualTerrainStructurePoolElement.place: BlockPos{x=2464, y=-34, z=1408}
[21Dec2025 19:10:35.638] [Worker-Main-1/DEBUG] [io.redspace.ironsspellbooks.IronsSpellbooks/]: IndividualTerrainStructurePoolElement.place: BlockPos{x=2508, y=-34, z=1403}
[21Dec2025 19:10:35.638] [Worker-Main-1/DEBUG] [io.redspace.ironsspellbooks.IronsSpellbooks/]: IndividualTerrainStructurePoolElement.place: BlockPos{x=2516, y=-36, z=1416}
[21Dec2025 19:10:35.650] [Worker-Main-1/DEBUG] [io.redspace.ironsspellbooks.IronsSpellbooks/]: IndividualTerrainStructurePoolElement.place: BlockPos{x=2493, y=-34, z=1380}
[21Dec2025 19:10:35.650] [Worker-Main-1/DEBUG] [io.redspace.ironsspellbooks.IronsSpellbooks/]: IndividualTerrainStructurePoolElement.place: BlockPos{x=2493, y=-21, z=1414}
[21Dec2025 19:10:35.650] [Worker-Main-1/DEBUG] [io.redspace.ironsspellbooks.IronsSpellbooks/]: IndividualTerrainStructurePoolElement.place: BlockPos{x=2499, y=-34, z=1401}
[21Dec2025 19:10:35.651] [Worker-Main-1/DEBUG] [io.redspace.ironsspellbooks.IronsSpellbooks/]: IndividualTerrainStructurePoolElement.place: BlockPos{x=2498, y=-34, z=1413}
[21Dec2025 19:10:35.651] [Worker-Main-1/DEBUG] [io.redspace.ironsspellbooks.IronsSpellbooks/]: IndividualTerrainStructurePoolElement.place: BlockPos{x=2508, y=-34, z=1403}
[21Dec2025 19:10:35.663] [Worker-Main-1/DEBUG] [io.redspace.ironsspellbooks.IronsSpellbooks/]: IndividualTerrainStructurePoolElement.place: BlockPos{x=2464, y=-34, z=1408}
[21Dec2025 19:10:35.739] [Worker-Main-1/DEBUG] [io.redspace.ironsspellbooks.IronsSpellbooks/]: IndividualTerrainStructurePoolElement.place: BlockPos{x=2493, y=-34, z=1380}
[21Dec2025 19:10:35.739] [Worker-Main-1/DEBUG] [io.redspace.ironsspellbooks.IronsSpellbooks/]: IndividualTerrainStructurePoolElement.place: BlockPos{x=2493, y=-21, z=1414}
[21Dec2025 19:10:35.739] [Worker-Main-1/DEBUG] [io.redspace.ironsspellbooks.IronsSpellbooks/]: IndividualTerrainStructurePoolElement.place: BlockPos{x=2498, y=-34, z=1413}
[21Dec2025 19:10:36.788] [Worker-Main-1/DEBUG] [io.redspace.ironsspellbooks.IronsSpellbooks/]: IndividualTerrainStructurePoolElement.place: BlockPos{x=2516, y=-36, z=1416}
[21Dec2025 19:10:41.908] [Worker-Main-3/DEBUG] [io.redspace.ironsspellbooks.IronsSpellbooks/]: IndividualTerrainStructurePoolElement.place: BlockPos{x=2508, y=-34, z=1403}
[21Dec2025 19:10:41.908] [Worker-Main-3/DEBUG] [io.redspace.ironsspellbooks.IronsSpellbooks/]: IndividualTerrainStructurePoolElement.place: BlockPos{x=2524, y=-34, z=1417}
[21Dec2025 19:10:41.909] [Worker-Main-3/DEBUG] [io.redspace.ironsspellbooks.IronsSpellbooks/]: IndividualTerrainStructurePoolElement.place: BlockPos{x=2508, y=-21, z=1416}
[21Dec2025 19:10:41.909] [Worker-Main-3/DEBUG] [io.redspace.ironsspellbooks.IronsSpellbooks/]: IndividualTerrainStructurePoolElement.place: BlockPos{x=2516, y=-36, z=1416}
[21Dec2025 19:10:41.910] [Worker-Main-3/DEBUG] [io.redspace.ironsspellbooks.IronsSpellbooks/]: IndividualTerrainStructurePoolElement.place: BlockPos{x=2523, y=-34, z=1422}
[21Dec2025 19:10:41.922] [Worker-Main-135/DEBUG] [io.redspace.ironsspellbooks.IronsSpellbooks/]: IndividualTerrainStructurePoolElement.place: BlockPos{x=2516, y=-36, z=1416}
[21Dec2025 19:10:44.460] [Worker-Main-135/DEBUG] [io.redspace.ironsspellbooks.IronsSpellbooks/]: IndividualTerrainStructurePoolElement.place: BlockPos{x=2464, y=-34, z=1408}
[21Dec2025 19:10:44.465] [Worker-Main-135/DEBUG] [io.redspace.ironsspellbooks.IronsSpellbooks/]: IndividualTerrainStructurePoolElement.place: BlockPos{x=2488, y=-34, z=1409}
[21Dec2025 19:10:44.465] [Worker-Main-135/DEBUG] [io.redspace.ironsspellbooks.IronsSpellbooks/]: IndividualTerrainStructurePoolElement.place: BlockPos{x=2493, y=-21, z=1414}
[21Dec2025 19:10:44.466] [Worker-Main-135/DEBUG] [io.redspace.ironsspellbooks.IronsSpellbooks/]: IndividualTerrainStructurePoolElement.place: BlockPos{x=2506, y=-34, z=1417}
[21Dec2025 19:10:44.466] [Worker-Main-135/DEBUG] [io.redspace.ironsspellbooks.IronsSpellbooks/]: IndividualTerrainStructurePoolElement.place: BlockPos{x=2498, y=-34, z=1413}
[21Dec2025 19:10:44.466] [Worker-Main-135/DEBUG] [io.redspace.ironsspellbooks.IronsSpellbooks/]: IndividualTerrainStructurePoolElement.place: BlockPos{x=2498, y=-34, z=1422}
[21Dec2025 19:10:44.466] [Worker-Main-135/DEBUG] [io.redspace.ironsspellbooks.IronsSpellbooks/]: IndividualTerrainStructurePoolElement.place: BlockPos{x=2498, y=-21, z=1428}
[21Dec2025 19:10:44.494] [Worker-Main-135/DEBUG] [io.redspace.ironsspellbooks.IronsSpellbooks/]: IndividualTerrainStructurePoolElement.place: BlockPos{x=2493, y=-21, z=1414}
[21Dec2025 19:10:44.495] [Worker-Main-135/DEBUG] [io.redspace.ironsspellbooks.IronsSpellbooks/]: IndividualTerrainStructurePoolElement.place: BlockPos{x=2499, y=-34, z=1401}
[21Dec2025 19:10:44.495] [Worker-Main-135/DEBUG] [io.redspace.ironsspellbooks.IronsSpellbooks/]: IndividualTerrainStructurePoolElement.place: BlockPos{x=2506, y=-34, z=1417}
[21Dec2025 19:10:44.495] [Worker-Main-135/DEBUG] [io.redspace.ironsspellbooks.IronsSpellbooks/]: IndividualTerrainStructurePoolElement.place: BlockPos{x=2507, y=-21, z=1429}
[21Dec2025 19:10:44.496] [Worker-Main-135/DEBUG] [io.redspace.ironsspellbooks.IronsSpellbooks/]: IndividualTerrainStructurePoolElement.place: BlockPos{x=2498, y=-34, z=1413}
[21Dec2025 19:10:44.496] [Worker-Main-135/DEBUG] [io.redspace.ironsspellbooks.IronsSpellbooks/]: IndividualTerrainStructurePoolElement.place: BlockPos{x=2508, y=-34, z=1416}
[21Dec2025 19:10:44.496] [Worker-Main-135/DEBUG] [io.redspace.ironsspellbooks.IronsSpellbooks/]: IndividualTerrainStructurePoolElement.place: BlockPos{x=2508, y=-34, z=1403}
[21Dec2025 19:10:44.497] [Worker-Main-135/DEBUG] [io.redspace.ironsspellbooks.IronsSpellbooks/]: IndividualTerrainStructurePoolElement.place: BlockPos{x=2498, y=-34, z=1422}
[21Dec2025 19:10:44.497] [Worker-Main-135/DEBUG] [io.redspace.ironsspellbooks.IronsSpellbooks/]: IndividualTerrainStructurePoolElement.place: BlockPos{x=2524, y=-34, z=1417}
[21Dec2025 19:10:44.497] [Worker-Main-135/DEBUG] [io.redspace.ironsspellbooks.IronsSpellbooks/]: IndividualTerrainStructurePoolElement.place: BlockPos{x=2508, y=-21, z=1416}
[21Dec2025 19:10:44.497] [Worker-Main-135/DEBUG] [io.redspace.ironsspellbooks.IronsSpellbooks/]: IndividualTerrainStructurePoolElement.place: BlockPos{x=2498, y=-21, z=1428}
[21Dec2025 19:10:46.184] [Worker-Main-1/DEBUG] [io.redspace.ironsspellbooks.IronsSpellbooks/]: IndividualTerrainStructurePoolElement.place: BlockPos{x=2488, y=-34, z=1409}
[21Dec2025 19:10:46.184] [Worker-Main-1/DEBUG] [io.redspace.ironsspellbooks.IronsSpellbooks/]: IndividualTerrainStructurePoolElement.place: BlockPos{x=2498, y=-34, z=1422}
[21Dec2025 19:10:46.184] [Worker-Main-1/DEBUG] [io.redspace.ironsspellbooks.IronsSpellbooks/]: IndividualTerrainStructurePoolElement.place: BlockPos{x=2498, y=-21, z=1428}
[21Dec2025 19:10:46.185] [Worker-Main-1/DEBUG] [io.redspace.ironsspellbooks.IronsSpellbooks/]: IndividualTerrainStructurePoolElement.place: BlockPos{x=2498, y=-21, z=1443}
[21Dec2025 19:10:46.195] [Worker-Main-1/DEBUG] [io.redspace.ironsspellbooks.IronsSpellbooks/]: IndividualTerrainStructurePoolElement.place: BlockPos{x=2508, y=-21, z=1416}
[21Dec2025 19:10:46.196] [Worker-Main-1/DEBUG] [io.redspace.ironsspellbooks.IronsSpellbooks/]: IndividualTerrainStructurePoolElement.place: BlockPos{x=2523, y=-34, z=1422}
[21Dec2025 19:10:46.207] [Worker-Main-135/DEBUG] [io.redspace.ironsspellbooks.IronsSpellbooks/]: IndividualTerrainStructurePoolElement.place: BlockPos{x=2507, y=-21, z=1429}
[21Dec2025 19:10:46.208] [Worker-Main-135/DEBUG] [io.redspace.ironsspellbooks.IronsSpellbooks/]: IndividualTerrainStructurePoolElement.place: BlockPos{x=2498, y=-34, z=1422}
[21Dec2025 19:10:46.208] [Worker-Main-135/DEBUG] [io.redspace.ironsspellbooks.IronsSpellbooks/]: IndividualTerrainStructurePoolElement.place: BlockPos{x=2508, y=-21, z=1416}
[21Dec2025 19:10:46.209] [Worker-Main-135/DEBUG] [io.redspace.ironsspellbooks.IronsSpellbooks/]: IndividualTerrainStructurePoolElement.place: BlockPos{x=2498, y=-21, z=1428}
[21Dec2025 19:10:46.209] [Worker-Main-135/DEBUG] [io.redspace.ironsspellbooks.IronsSpellbooks/]: IndividualTerrainStructurePoolElement.place: BlockPos{x=2499, y=-21, z=1430}
[21Dec2025 19:10:46.209] [Worker-Main-135/DEBUG] [io.redspace.ironsspellbooks.IronsSpellbooks/]: IndividualTerrainStructurePoolElement.place: BlockPos{x=2498, y=-21, z=1443}
[21Dec2025 19:10:46.210] [Worker-Main-135/DEBUG] [io.redspace.ironsspellbooks.IronsSpellbooks/]: IndividualTerrainStructurePoolElement.place: BlockPos{x=2508, y=-21, z=1432}
[21Dec2025 19:10:48.949] [Worker-Main-135/DEBUG] [io.redspace.ironsspellbooks.IronsSpellbooks/]: IndividualTerrainStructurePoolElement.place: BlockPos{x=2524, y=-21, z=1445}
[21Dec2025 19:10:48.950] [Worker-Main-135/DEBUG] [io.redspace.ironsspellbooks.IronsSpellbooks/]: IndividualTerrainStructurePoolElement.place: BlockPos{x=2509, y=-21, z=1444}
[21Dec2025 19:10:48.950] [Worker-Main-135/DEBUG] [io.redspace.ironsspellbooks.IronsSpellbooks/]: IndividualTerrainStructurePoolElement.place: BlockPos{x=2512, y=-21, z=1452}
[21Dec2025 19:10:48.989] [Worker-Main-1/DEBUG] [io.redspace.ironsspellbooks.IronsSpellbooks/]: IndividualTerrainStructurePoolElement.place: BlockPos{x=2499, y=-21, z=1430}
[21Dec2025 19:10:48.990] [Worker-Main-1/DEBUG] [io.redspace.ironsspellbooks.IronsSpellbooks/]: IndividualTerrainStructurePoolElement.place: BlockPos{x=2498, y=-21, z=1443}
[21Dec2025 19:10:48.990] [Worker-Main-1/DEBUG] [io.redspace.ironsspellbooks.IronsSpellbooks/]: IndividualTerrainStructurePoolElement.place: BlockPos{x=2524, y=-21, z=1445}
[21Dec2025 19:10:48.991] [Worker-Main-1/DEBUG] [io.redspace.ironsspellbooks.IronsSpellbooks/]: IndividualTerrainStructurePoolElement.place: BlockPos{x=2508, y=-21, z=1432}
[21Dec2025 19:10:48.991] [Worker-Main-1/DEBUG] [io.redspace.ironsspellbooks.IronsSpellbooks/]: IndividualTerrainStructurePoolElement.place: BlockPos{x=2509, y=-21, z=1444}
[21Dec2025 19:10:48.991] [Worker-Main-1/DEBUG] [io.redspace.ironsspellbooks.IronsSpellbooks/]: IndividualTerrainStructurePoolElement.place: BlockPos{x=2511, y=-14, z=1462}
[21Dec2025 19:10:48.991] [Worker-Main-1/DEBUG] [io.redspace.ironsspellbooks.IronsSpellbooks/]: IndividualTerrainStructurePoolElement.place: BlockPos{x=2497, y=-1, z=1463}
[21Dec2025 19:10:49.821] [Worker-Main-3/DEBUG] [io.redspace.ironsspellbooks.IronsSpellbooks/]: IndividualTerrainStructurePoolElement.place: BlockPos{x=2512, y=-21, z=1452}
[21Dec2025 19:10:49.965] [Worker-Main-1/DEBUG] [io.redspace.ironsspellbooks.IronsSpellbooks/]: IndividualTerrainStructurePoolElement.place: BlockPos{x=2511, y=-14, z=1462}
[21Dec2025 19:10:49.965] [Worker-Main-1/DEBUG] [io.redspace.ironsspellbooks.IronsSpellbooks/]: IndividualTerrainStructurePoolElement.place: BlockPos{x=2505, y=-14, z=1456}
[21Dec2025 19:10:49.966] [Worker-Main-1/DEBUG] [io.redspace.ironsspellbooks.IronsSpellbooks/]: IndividualTerrainStructurePoolElement.place: BlockPos{x=2497, y=-1, z=1463}
[21Dec2025 19:10:56.883] [Worker-Main-3/DEBUG] [io.redspace.ironsspellbooks.IronsSpellbooks/]: IndividualTerrainStructurePoolElement.place: BlockPos{x=2498, y=-21, z=1443}
[21Dec2025 19:10:59.295] [Worker-Main-1/DEBUG] [io.redspace.ironsspellbooks.IronsSpellbooks/]: IndividualTerrainStructurePoolElement.place: BlockPos{x=2442, y=-34, z=1435}
[21Dec2025 19:10:59.295] [Worker-Main-1/DEBUG] [io.redspace.ironsspellbooks.IronsSpellbooks/]: IndividualTerrainStructurePoolElement.place: BlockPos{x=2424, y=-34, z=1427}
[21Dec2025 19:10:59.296] [Worker-Main-1/DEBUG] [io.redspace.ironsspellbooks.IronsSpellbooks/]: IndividualTerrainStructurePoolElement.place: BlockPos{x=2426, y=-48, z=1434}
[21Dec2025 19:10:59.297] [Worker-Main-1/DEBUG] [io.redspace.ironsspellbooks.IronsSpellbooks/]: IndividualTerrainStructurePoolElement.place: BlockPos{x=2412, y=-34, z=1409}
[21Dec2025 19:10:59.297] [Worker-Main-1/DEBUG] [io.redspace.ironsspellbooks.IronsSpellbooks/]: IndividualTerrainStructurePoolElement.place: BlockPos{x=2417, y=-34, z=1416}
[21Dec2025 19:11:00.387] [Worker-Main-3/DEBUG] [io.redspace.ironsspellbooks.IronsSpellbooks/]: IndividualTerrainStructurePoolElement.place: BlockPos{x=2424, y=-34, z=1427}
[21Dec2025 19:11:00.429] [Worker-Main-3/DEBUG] [io.redspace.ironsspellbooks.IronsSpellbooks/]: IndividualTerrainStructurePoolElement.place: BlockPos{x=2424, y=-34, z=1427}
[21Dec2025 19:11:00.429] [Worker-Main-3/DEBUG] [io.redspace.ironsspellbooks.IronsSpellbooks/]: IndividualTerrainStructurePoolElement.place: BlockPos{x=2435, y=-34, z=1440}
[21Dec2025 19:11:00.574] [Worker-Main-3/DEBUG] [io.redspace.ironsspellbooks.IronsSpellbooks/]: IndividualTerrainStructurePoolElement.place: BlockPos{x=2488, y=-34, z=1409}
[21Dec2025 19:11:00.575] [Worker-Main-3/DEBUG] [io.redspace.ironsspellbooks.IronsSpellbooks/]: IndividualTerrainStructurePoolElement.place: BlockPos{x=2467, y=-34, z=1440}
[21Dec2025 19:11:00.575] [Worker-Main-3/DEBUG] [io.redspace.ironsspellbooks.IronsSpellbooks/]: IndividualTerrainStructurePoolElement.place: BlockPos{x=2468, y=-34, z=1426}
[21Dec2025 19:11:00.598] [Worker-Main-3/DEBUG] [io.redspace.ironsspellbooks.IronsSpellbooks/]: IndividualTerrainStructurePoolElement.place: BlockPos{x=2467, y=-34, z=1440}
[21Dec2025 19:11:00.961] [Worker-Main-1/DEBUG] [io.redspace.ironsspellbooks.IronsSpellbooks/]: IndividualTerrainStructurePoolElement.place: BlockPos{x=2443, y=-34, z=1439}
[21Dec2025 19:11:00.961] [Worker-Main-1/DEBUG] [io.redspace.ironsspellbooks.IronsSpellbooks/]: IndividualTerrainStructurePoolElement.place: BlockPos{x=2442, y=-34, z=1435}
[21Dec2025 19:11:00.962] [Worker-Main-1/DEBUG] [io.redspace.ironsspellbooks.IronsSpellbooks/]: IndividualTerrainStructurePoolElement.place: BlockPos{x=2426, y=-48, z=1434}
[21Dec2025 19:11:01.003] [Worker-Main-135/DEBUG] [io.redspace.ironsspellbooks.IronsSpellbooks/]: IndividualTerrainStructurePoolElement.place: BlockPos{x=2435, y=-34, z=1440}
[21Dec2025 19:11:12.009] [Server thread/DEBUG] [io.redspace.ironsspellbooks.IronsSpellbooks/]: AppendLootModifier.doApply irons_spellbooks:chests/additional_generic_loot
[21Dec2025 19:11:29.164] [Server thread/INFO] [net.minecraft.server.MinecraftServer/]: [leo_carbajo: Teleported pegaol888 to leo_carbajo]
[21Dec2025 19:13:14.012] [Server thread/INFO] [net.minecraft.server.MinecraftServer/]: [leo_carbajo: Teleported pegaol888 to leo_carbajo]
[21Dec2025 19:13:16.589] [Server thread/DEBUG] [net.minecraftforge.common.ForgeHooks/WP]: Gathering id map for writing to world save world
[21Dec2025 19:13:16.605] [Server thread/DEBUG] [net.minecraftforge.common.ForgeHooks/WP]: ID Map collection complete world
[21Dec2025 19:13:16.676] [Server thread/INFO] [net.minecraft.server.MinecraftServer/]: [leo_carbajo: Set own game mode to Survival Mode]
[21Dec2025 19:14:01.535] [Server thread/INFO] [net.minecraft.server.MinecraftServer/]: [leo_carbajo: Teleported pegaol888 to leo_carbajo]
[21Dec2025 19:14:07.152] [Server thread/INFO] [net.minecraft.server.MinecraftServer/]: [leo_carbajo: Teleported pegaol888 to leo_carbajo]
[21Dec2025 19:14:27.538] [Server thread/INFO] [net.minecraft.server.network.ServerGamePacketListenerImpl/]: pegaol888 lost connection: Disconnected
[21Dec2025 19:14:27.538] [Server thread/INFO] [net.minecraft.server.MinecraftServer/]: pegaol888 left the game
[21Dec2025 19:14:31.782] [Server thread/INFO] [net.minecraft.server.MinecraftServer/]: [leo_carbajo: Stopping the server]
[21Dec2025 19:14:31.810] [Server thread/DEBUG] [lain.mods.cos.init.forge.ForgeCosmeticArmorReworked/]: Server is stopping... try to save all still loaded CosmeticArmor data
[21Dec2025 19:14:31.815] [Server thread/DEBUG] [lain.mods.cos.init.forge.ForgeCosmeticArmorReworked/]: 44942098-7f9e-3e4c-a634-f24718330b2c
[21Dec2025 19:14:31.816] [Server thread/DEBUG] [Framework/]: Stopping config watcher
[21Dec2025 19:14:31.816] [Server thread/INFO] [net.minecraft.server.MinecraftServer/]: Stopping server
[21Dec2025 19:14:31.821] [Server thread/INFO] [net.minecraft.server.MinecraftServer/]: Saving players
[21Dec2025 19:14:31.831] [Server thread/INFO] [net.minecraft.server.MinecraftServer/]: Saving worlds
[21Dec2025 19:14:31.994] [Server thread/INFO] [net.minecraft.server.MinecraftServer/]: Saving chunks for level 'ServerLevel[world]'/minecraft:overworld
[21Dec2025 19:14:32.909] [Server thread/INFO] [net.minecraft.server.MinecraftServer/]: Saving chunks for level 'ServerLevel[world]'/minecraft:the_nether
[21Dec2025 19:14:32.910] [Server thread/INFO] [net.minecraft.server.MinecraftServer/]: Saving chunks for level 'ServerLevel[world]'/the_bumblezone:the_bumblezone
[21Dec2025 19:14:32.911] [Server thread/INFO] [net.minecraft.server.MinecraftServer/]: Saving chunks for level 'ServerLevel[world]'/minecraft:the_end
[21Dec2025 19:14:32.911] [Server thread/INFO] [net.minecraft.server.MinecraftServer/]: Saving chunks for level 'ServerLevel[world]'/graveyard:past
[21Dec2025 19:14:32.944] [Server thread/DEBUG] [net.minecraftforge.common.ForgeHooks/WP]: Gathering id map for writing to world save world
[21Dec2025 19:14:32.957] [Server thread/DEBUG] [net.minecraftforge.common.ForgeHooks/WP]: ID Map collection complete world
[21Dec2025 19:14:33.018] [Server thread/INFO] [net.minecraft.server.MinecraftServer/]: ThreadedAnvilChunkStorage (world): All chunks are saved
[21Dec2025 19:14:33.018] [Server thread/INFO] [net.minecraft.server.MinecraftServer/]: ThreadedAnvilChunkStorage (DIM-1): All chunks are saved
[21Dec2025 19:14:33.018] [Server thread/INFO] [net.minecraft.server.MinecraftServer/]: ThreadedAnvilChunkStorage (the_bumblezone): All chunks are saved
[21Dec2025 19:14:33.019] [Server thread/INFO] [net.minecraft.server.MinecraftServer/]: ThreadedAnvilChunkStorage (DIM1): All chunks are saved
[21Dec2025 19:14:33.019] [Server thread/INFO] [net.minecraft.server.MinecraftServer/]: ThreadedAnvilChunkStorage (past): All chunks are saved
[21Dec2025 19:14:33.019] [Server thread/INFO] [net.minecraft.server.MinecraftServer/]: ThreadedAnvilChunkStorage: All dimensions are saved
[21Dec2025 19:14:33.427] [Server thread/INFO] [Framework/]: Unloading server configs...
[21Dec2025 19:14:33.428] [Server thread/DEBUG] [Framework/]: Failed to unwatch config: /workspaces/terradirma/servidor_minecraft/config/refurbished_furniture.server.toml
java.lang.NullPointerException: Cannot read field "watchedFileCount" because "watchedDir" is null
	at com.electronwill.nightconfig.core.file.FileWatcher.removeWatch(FileWatcher.java:134) ~[core-3.6.4.jar%2358!/:?]
	at com.mrcrayfish.framework.config.ConfigWatcher.unwatch(ConfigWatcher.java:54) ~[framework-forge-1.20.1-0.7.12.jar%23202!/:1.20.1-0.7.12]
	at com.mrcrayfish.framework.config.FrameworkConfigManager$FrameworkConfigImpl.lambda$unload$7(FrameworkConfigManager.java:399) ~[framework-forge-1.20.1-0.7.12.jar%23202!/:1.20.1-0.7.12]
	at com.mrcrayfish.framework.config.FrameworkConfigManager$FrameworkConfigImpl.lock(FrameworkConfigManager.java:534) ~[framework-forge-1.20.1-0.7.12.jar%23202!/:1.20.1-0.7.12]
	at com.mrcrayfish.framework.config.FrameworkConfigManager$FrameworkConfigImpl.unload(FrameworkConfigManager.java:396) ~[framework-forge-1.20.1-0.7.12.jar%23202!/:1.20.1-0.7.12]
	at com.mrcrayfish.framework.config.FrameworkConfigManager.lambda$onServerStopped$7(FrameworkConfigManager.java:241) ~[framework-forge-1.20.1-0.7.12.jar%23202!/:1.20.1-0.7.12]
	at java.util.stream.ForEachOps$ForEachOp$OfRef.accept(ForEachOps.java:183) ~[?:?]
	at java.util.stream.ReferencePipeline$2$1.accept(ReferencePipeline.java:179) ~[?:?]
	at com.google.common.collect.CollectSpliterators$1WithCharacteristics.lambda$forEachRemaining$1(CollectSpliterators.java:72) ~[guava-31.1-jre.jar%2374!/:?]
	at java.util.stream.Streams$RangeIntSpliterator.forEachRemaining(Streams.java:104) ~[?:?]
	at com.google.common.collect.CollectSpliterators$1WithCharacteristics.forEachRemaining(CollectSpliterators.java:72) ~[guava-31.1-jre.jar%2374!/:?]
	at java.util.stream.AbstractPipeline.copyInto(AbstractPipeline.java:509) ~[?:?]
	at java.util.stream.AbstractPipeline.wrapAndCopyInto(AbstractPipeline.java:499) ~[?:?]
	at java.util.stream.ForEachOps$ForEachOp.evaluateSequential(ForEachOps.java:150) ~[?:?]
	at java.util.stream.ForEachOps$ForEachOp$OfRef.evaluateSequential(ForEachOps.java:173) ~[?:?]
	at java.util.stream.AbstractPipeline.evaluate(AbstractPipeline.java:234) ~[?:?]
	at java.util.stream.ReferencePipeline.forEach(ReferencePipeline.java:596) ~[?:?]
	at com.mrcrayfish.framework.config.FrameworkConfigManager.onServerStopped(FrameworkConfigManager.java:241) ~[framework-forge-1.20.1-0.7.12.jar%23202!/:1.20.1-0.7.12]
	at com.mrcrayfish.framework.api.event.ServerEvents.lambda$static$9(ServerEvents.java:23) ~[framework-forge-1.20.1-0.7.12.jar%23202!/:1.20.1-0.7.12]
	at java.util.ArrayList.forEach(ArrayList.java:1511) ~[?:?]
	at com.mrcrayfish.framework.api.event.ServerEvents.lambda$static$10(ServerEvents.java:23) ~[framework-forge-1.20.1-0.7.12.jar%23202!/:1.20.1-0.7.12]
	at com.mrcrayfish.framework.event.ForgeEvents.onServerStopped(ForgeEvents.java:190) ~[framework-forge-1.20.1-0.7.12.jar%23202!/:1.20.1-0.7.12]
	at com.mrcrayfish.framework.event.__ForgeEvents_onServerStopped_ServerStoppedEvent.invoke(.dynamic) ~[framework-forge-1.20.1-0.7.12.jar%23202!/:1.20.1-0.7.12]
	at net.minecraftforge.eventbus.ASMEventHandler.invoke(ASMEventHandler.java:73) ~[eventbus-6.0.5.jar%2352!/:?]
	at net.minecraftforge.eventbus.EventBus.post(EventBus.java:315) ~[eventbus-6.0.5.jar%2352!/:?]
	at net.minecraftforge.eventbus.EventBus.post(EventBus.java:296) ~[eventbus-6.0.5.jar%2352!/:?]
	at net.minecraftforge.server.ServerLifecycleHooks.handleServerStopped(ServerLifecycleHooks.java:133) ~[forge-1.20.1-47.3.7-universal.jar%23258!/:?]
	at net.minecraft.server.MinecraftServer.m_130011_(MinecraftServer.java:697) ~[server-1.20.1-20230612.114412-srg.jar%23253!/:?]
	at net.minecraft.server.MinecraftServer.m_206580_(MinecraftServer.java:251) ~[server-1.20.1-20230612.114412-srg.jar%23253!/:?]
	at java.lang.Thread.run(Thread.java:840) ~[?:?]
[21Dec2025 19:14:33.430] [Server thread/INFO] [Framework/]: Sending config unload event for refurbished_furniture.server.toml
[21Dec2025 19:14:33.457] [Server thread/DEBUG] [Framework/]: Failed to unwatch config: /workspaces/terradirma/servidor_minecraft/config/goblintraders-entities.toml
java.lang.NullPointerException: Cannot read field "watchedFileCount" because "watchedDir" is null
	at com.electronwill.nightconfig.core.file.FileWatcher.removeWatch(FileWatcher.java:134) ~[core-3.6.4.jar%2358!/:?]
	at com.mrcrayfish.framework.config.ConfigWatcher.unwatch(ConfigWatcher.java:54) ~[framework-forge-1.20.1-0.7.12.jar%23202!/:1.20.1-0.7.12]
	at com.mrcrayfish.framework.config.FrameworkConfigManager$FrameworkConfigImpl.lambda$unload$7(FrameworkConfigManager.java:399) ~[framework-forge-1.20.1-0.7.12.jar%23202!/:1.20.1-0.7.12]
	at com.mrcrayfish.framework.config.FrameworkConfigManager$FrameworkConfigImpl.lock(FrameworkConfigManager.java:534) ~[framework-forge-1.20.1-0.7.12.jar%23202!/:1.20.1-0.7.12]
	at com.mrcrayfish.framework.config.FrameworkConfigManager$FrameworkConfigImpl.unload(FrameworkConfigManager.java:396) ~[framework-forge-1.20.1-0.7.12.jar%23202!/:1.20.1-0.7.12]
	at com.mrcrayfish.framework.config.FrameworkConfigManager.lambda$onServerStopped$7(FrameworkConfigManager.java:241) ~[framework-forge-1.20.1-0.7.12.jar%23202!/:1.20.1-0.7.12]
	at java.util.stream.ForEachOps$ForEachOp$OfRef.accept(ForEachOps.java:183) ~[?:?]
	at java.util.stream.ReferencePipeline$2$1.accept(ReferencePipeline.java:179) ~[?:?]
	at com.google.common.collect.CollectSpliterators$1WithCharacteristics.lambda$forEachRemaining$1(CollectSpliterators.java:72) ~[guava-31.1-jre.jar%2374!/:?]
	at java.util.stream.Streams$RangeIntSpliterator.forEachRemaining(Streams.java:104) ~[?:?]
	at com.google.common.collect.CollectSpliterators$1WithCharacteristics.forEachRemaining(CollectSpliterators.java:72) ~[guava-31.1-jre.jar%2374!/:?]
	at java.util.stream.AbstractPipeline.copyInto(AbstractPipeline.java:509) ~[?:?]
	at java.util.stream.AbstractPipeline.wrapAndCopyInto(AbstractPipeline.java:499) ~[?:?]
	at java.util.stream.ForEachOps$ForEachOp.evaluateSequential(ForEachOps.java:150) ~[?:?]
	at java.util.stream.ForEachOps$ForEachOp$OfRef.evaluateSequential(ForEachOps.java:173) ~[?:?]
	at java.util.stream.AbstractPipeline.evaluate(AbstractPipeline.java:234) ~[?:?]
	at java.util.stream.ReferencePipeline.forEach(ReferencePipeline.java:596) ~[?:?]
	at com.mrcrayfish.framework.config.FrameworkConfigManager.onServerStopped(FrameworkConfigManager.java:241) ~[framework-forge-1.20.1-0.7.12.jar%23202!/:1.20.1-0.7.12]
	at com.mrcrayfish.framework.api.event.ServerEvents.lambda$static$9(ServerEvents.java:23) ~[framework-forge-1.20.1-0.7.12.jar%23202!/:1.20.1-0.7.12]
	at java.util.ArrayList.forEach(ArrayList.java:1511) ~[?:?]
	at com.mrcrayfish.framework.api.event.ServerEvents.lambda$static$10(ServerEvents.java:23) ~[framework-forge-1.20.1-0.7.12.jar%23202!/:1.20.1-0.7.12]
	at com.mrcrayfish.framework.event.ForgeEvents.onServerStopped(ForgeEvents.java:190) ~[framework-forge-1.20.1-0.7.12.jar%23202!/:1.20.1-0.7.12]
	at com.mrcrayfish.framework.event.__ForgeEvents_onServerStopped_ServerStoppedEvent.invoke(.dynamic) ~[framework-forge-1.20.1-0.7.12.jar%23202!/:1.20.1-0.7.12]
	at net.minecraftforge.eventbus.ASMEventHandler.invoke(ASMEventHandler.java:73) ~[eventbus-6.0.5.jar%2352!/:?]
	at net.minecraftforge.eventbus.EventBus.post(EventBus.java:315) ~[eventbus-6.0.5.jar%2352!/:?]
	at net.minecraftforge.eventbus.EventBus.post(EventBus.java:296) ~[eventbus-6.0.5.jar%2352!/:?]
	at net.minecraftforge.server.ServerLifecycleHooks.handleServerStopped(ServerLifecycleHooks.java:133) ~[forge-1.20.1-47.3.7-universal.jar%23258!/:?]
	at net.minecraft.server.MinecraftServer.m_130011_(MinecraftServer.java:697) ~[server-1.20.1-20230612.114412-srg.jar%23253!/:?]
	at net.minecraft.server.MinecraftServer.m_206580_(MinecraftServer.java:251) ~[server-1.20.1-20230612.114412-srg.jar%23253!/:?]
	at java.lang.Thread.run(Thread.java:840) ~[?:?]
[21Dec2025 19:14:33.458] [Server thread/INFO] [Framework/]: Sending config unload event for goblintraders-entities.toml
[21Dec2025 19:14:33.458] [Server thread/INFO] [Framework/]: Finished unloading server configs
[21Dec2025 19:14:33.458] [Server thread/DEBUG] [net.minecraftforge.fml.config.ConfigTracker/CONFIG]: Unloading configs type SERVER
[21Dec2025 19:14:33.459] [Server thread/INFO] [journeymap/]: Loading JourneyMap Forge Configs
